Format Version,1.21,Take Name,chair_elore_2,Capture Frame Rate,120.000000,Export Frame Rate,120.000000,Capture Start Time,2018-11-22 11.56.54 AM,Total Frames in Take,1920,Total Exported Frames,1920,Rotation Type,Quaternion,Length Units,Meters,Coordinate Space,Global

,,Marker,Marker,Marker
,,Unlabeled:5000,Unlabeled:5000,Unlabeled:5000
,,"8392B20CF49E35701388","8392B20CF49E35701388","8392B20CF49E35701388"
,,Position,Position,Position
Frame,Time,X,Y,Z
0,0.000000,0.363823,0.341945,0.310662
1,0.008333,0.363823,0.341944,0.310661
2,0.016667,0.363822,0.341948,0.310660
3,0.025000,0.363823,0.341952,0.310658
4,0.033333,0.363827,0.341945,0.310661
5,0.041667,0.363824,0.341936,0.310660
6,0.050000,0.363830,0.341942,0.310659
7,0.058333,0.363820,0.341951,0.310659
8,0.066667,0.363822,0.341946,0.310659
9,0.075000,0.363820,0.341953,0.310664
10,0.083333,0.363824,0.341942,0.310659
11,0.091667,0.363822,0.341944,0.310656
12,0.100000,0.363824,0.341945,0.310660
13,0.108333,0.363820,0.341949,0.310661
14,0.116667,0.363818,0.341951,0.310661
15,0.125000,0.363821,0.341945,0.310660
16,0.133333,0.363819,0.341945,0.310661
17,0.141667,0.363825,0.341945,0.310654
18,0.150000,0.363824,0.341950,0.310656
19,0.158333,0.363821,0.341946,0.310660
20,0.166667,0.363814,0.341948,0.310667
21,0.175000,0.363818,0.341950,0.310658
22,0.183333,0.363822,0.341947,0.310652
23,0.191667,0.363828,0.341954,0.310656
24,0.200000,0.363824,0.341948,0.310664
25,0.208333,0.363823,0.341945,0.310662
26,0.216667,0.363818,0.341944,0.310658
27,0.225000,0.363821,0.341953,0.310658
28,0.233333,0.363825,0.341947,0.310656
29,0.241667,0.363826,0.341940,0.310665
30,0.250000,0.363823,0.341941,0.310662
31,0.258333,0.363826,0.341944,0.310656
32,0.266667,0.363831,0.341948,0.310646
33,0.275000,0.363828,0.341955,0.310660
34,0.283333,0.363826,0.341946,0.310662
35,0.291667,0.363828,0.341939,0.310661
36,0.300000,0.363827,0.341945,0.310651
37,0.308333,0.363834,0.341945,0.310646
38,0.316667,0.363833,0.341938,0.310657
39,0.325000,0.363825,0.341950,0.310670
40,0.333333,0.363824,0.341949,0.310657
41,0.341667,0.363828,0.341953,0.310647
42,0.350000,0.363829,0.341942,0.310646
43,0.358333,0.363826,0.341942,0.310665
44,0.366667,0.363827,0.341938,0.310661
45,0.375000,0.363829,0.341949,0.310656
46,0.383333,0.363823,0.341952,0.310656
47,0.391667,0.363825,0.341941,0.310655
48,0.400000,0.363824,0.341945,0.310657
49,0.408333,0.363827,0.341948,0.310661
50,0.416667,0.363830,0.341942,0.310653
51,0.425000,0.363826,0.341945,0.310647
52,0.433333,0.363826,0.341946,0.310650
53,0.441667,0.363827,0.341946,0.310634
54,0.450000,0.363829,0.341951,0.310643
55,0.458333,0.363828,0.341947,0.310633
56,0.466667,0.363829,0.341948,0.310627
57,0.475000,0.363830,0.341943,0.310613
58,0.483333,0.363833,0.341950,0.310593
59,0.491667,0.363832,0.341963,0.310559
60,0.500000,0.363830,0.341965,0.310523
61,0.508333,0.363823,0.341974,0.310486
62,0.516667,0.363823,0.341968,0.310469
63,0.525000,0.363831,0.341976,0.310475
64,0.533333,0.363828,0.341971,0.310497
65,0.541667,0.363831,0.341964,0.310519
66,0.550000,0.363829,0.341949,0.310543
67,0.558333,0.363827,0.341958,0.310555
68,0.566667,0.363828,0.341952,0.310561
69,0.575000,0.363827,0.341960,0.310530
70,0.583333,0.363829,0.341967,0.310488
71,0.591667,0.363826,0.341984,0.310437
72,0.600000,0.363820,0.341986,0.310401
73,0.608333,0.363833,0.341985,0.310381
74,0.616667,0.363832,0.341991,0.310382
75,0.625000,0.363827,0.341989,0.310399
76,0.633333,0.363823,0.341978,0.310426
77,0.641667,0.363832,0.341970,0.310435
78,0.650000,0.363829,0.341974,0.310431
79,0.658333,0.363834,0.341976,0.310412
80,0.666667,0.363831,0.341988,0.310366
81,0.675000,0.363827,0.341997,0.310322
82,0.683333,0.363827,0.342002,0.310298
83,0.691667,0.363821,0.342003,0.310310
84,0.700000,0.363828,0.341995,0.310355
85,0.708333,0.363824,0.341983,0.310415
86,0.716667,0.363825,0.341963,0.310492
87,0.725000,0.363821,0.341950,0.310545
88,0.733333,0.363828,0.341953,0.310560
89,0.741667,0.363827,0.341956,0.310537
90,0.750000,0.363823,0.341970,0.310482
91,0.758333,0.363824,0.341987,0.310420
92,0.766667,0.363822,0.341998,0.310375
93,0.775000,0.363824,0.342002,0.310362
94,0.783333,0.363823,0.341993,0.310403
95,0.791667,0.363822,0.341973,0.310463
96,0.800000,0.363824,0.341964,0.310528
97,0.808333,0.363823,0.341953,0.310552
98,0.816667,0.363825,0.341961,0.310519
99,0.825000,0.363823,0.341971,0.310442
100,0.833333,0.363824,0.341998,0.310325
101,0.841667,0.363824,0.342028,0.310205
102,0.850000,0.363831,0.342050,0.310116
103,0.858333,0.363825,0.342046,0.310115
104,0.866667,0.363824,0.342030,0.310186
105,0.875000,0.363820,0.342009,0.310296
106,0.883333,0.363828,0.341984,0.310413
107,0.891667,0.363826,0.341965,0.310502
108,0.900000,0.363821,0.341954,0.310512
109,0.908333,0.363821,0.341967,0.310443
110,0.916667,0.363824,0.342002,0.310328
111,0.925000,0.363829,0.342026,0.310184
112,0.933333,0.363829,0.342048,0.310068
113,0.941667,0.363825,0.342053,0.310027
114,0.950000,0.363829,0.342048,0.310053
115,0.958333,0.363827,0.342040,0.310141
116,0.966667,0.363830,0.342017,0.310257
117,0.975000,0.363822,0.341989,0.310375
118,0.983333,0.363822,0.341962,0.310468
119,0.991667,0.363827,0.341959,0.310501
120,1.000000,0.363829,0.341971,0.310478
121,1.008333,0.363830,0.341980,0.310411
122,1.016667,0.363823,0.341999,0.310309
123,1.025000,0.363819,0.342022,0.310189
124,1.033333,0.363824,0.342048,0.310085
125,1.041667,0.363824,0.342050,0.310029
126,1.050000,0.363817,0.342052,0.310029
127,1.058333,0.363818,0.342047,0.310074
128,1.066667,0.363818,0.342026,0.310175
129,1.075000,0.363822,0.341994,0.310311
130,1.083333,0.363818,0.341976,0.310456
131,1.091667,0.363821,0.341944,0.310583
132,1.100000,0.363822,0.341935,0.310652
133,1.108333,0.363828,0.341931,0.310634
134,1.116667,0.363818,0.341949,0.310549
135,1.125000,0.363818,0.341976,0.310416
136,1.133333,0.363818,0.341999,0.310271
137,1.141667,0.363827,0.342023,0.310156
138,1.150000,0.363829,0.342032,0.310098
139,1.158333,0.363827,0.342031,0.310120
140,1.166667,0.363824,0.342014,0.310173
141,1.175000,0.363820,0.342005,0.310214
142,1.183333,0.363827,0.342014,0.310219
143,1.191667,0.363826,0.342020,0.310227
144,1.200000,0.363826,0.342015,0.310287
145,1.208333,0.363831,0.341993,0.310384
146,1.216667,0.363826,0.341964,0.310546
147,1.225000,0.363831,0.341930,0.310726
148,1.233333,0.363829,0.341908,0.310872
149,1.241667,0.363837,0.341891,0.310934
150,1.250000,0.363834,0.341894,0.310924
151,1.258333,0.363835,0.341908,0.310833
152,1.266667,0.363829,0.341937,0.310687
153,1.275000,0.363833,0.341967,0.310532
154,1.283333,0.363831,0.341989,0.310432
155,1.291667,0.363831,0.342004,0.310397
156,1.300000,0.363832,0.341988,0.310444
157,1.308333,0.363823,0.341964,0.310548
158,1.316667,0.363824,0.341945,0.310676
159,1.325000,0.363836,0.341921,0.310810
160,1.333333,0.363838,0.341897,0.310882
161,1.341667,0.363833,0.341899,0.310897
162,1.350000,0.363832,0.341915,0.310832
163,1.358333,0.363832,0.341940,0.310719
164,1.366667,0.363831,0.341952,0.310602
165,1.375000,0.363828,0.341972,0.310514
166,1.383333,0.363831,0.341983,0.310464
167,1.391667,0.363829,0.341983,0.310484
168,1.400000,0.363832,0.341965,0.310548
169,1.408333,0.363828,0.341946,0.310656
170,1.416667,0.363832,0.341925,0.310764
171,1.425000,0.363827,0.341917,0.310834
172,1.433333,0.363832,0.341909,0.310855
173,1.441667,0.363829,0.341921,0.310819
174,1.450000,0.363830,0.341930,0.310742
175,1.458333,0.363830,0.341944,0.310640
176,1.466667,0.363837,0.341960,0.310559
177,1.475000,0.363829,0.341971,0.310518
178,1.483333,0.363830,0.341977,0.310518
179,1.491667,0.363824,0.341959,0.310560
180,1.500000,0.363830,0.341944,0.310643
181,1.508333,0.363835,0.341933,0.310736
182,1.516667,0.363836,0.341926,0.310795
183,1.525000,0.363838,0.341908,0.310815
184,1.533333,0.363830,0.341913,0.310797
185,1.541667,0.363827,0.341932,0.310749
186,1.550000,0.363832,0.341942,0.310661
187,1.558333,0.363834,0.341953,0.310595
188,1.566667,0.363824,0.341963,0.310548
189,1.575000,0.363826,0.341964,0.310550
190,1.583333,0.363834,0.341956,0.310569
191,1.591667,0.363834,0.341943,0.310631
192,1.600000,0.363827,0.341937,0.310702
193,1.608333,0.363829,0.341925,0.310763
194,1.616667,0.363835,0.341911,0.310787
195,1.625000,0.363830,0.341922,0.310785
196,1.633333,0.363831,0.341935,0.310743
197,1.641667,0.363825,0.341945,0.310681
198,1.650000,0.363827,0.341944,0.310619
199,1.658333,0.363827,0.341957,0.310578
200,1.666667,0.363826,0.341963,0.310567
201,1.675000,0.363829,0.341962,0.310586
202,1.683333,0.363829,0.341946,0.310632
203,1.691667,0.363826,0.341938,0.310696
204,1.700000,0.363825,0.341931,0.310740
205,1.708333,0.363832,0.341929,0.310767
206,1.716667,0.363831,0.341925,0.310763
207,1.725000,0.363827,0.341929,0.310737
208,1.733333,0.363829,0.341942,0.310688
209,1.741667,0.363831,0.341947,0.310638
210,1.750000,0.363833,0.341961,0.310592
211,1.758333,0.363827,0.341958,0.310587
212,1.766667,0.363829,0.341952,0.310600
213,1.775000,0.363825,0.341946,0.310643
214,1.783333,0.363826,0.341939,0.310677
215,1.791667,0.363829,0.341938,0.310722
216,1.800000,0.363829,0.341936,0.310757
217,1.808333,0.363830,0.341925,0.310755
218,1.816667,0.363830,0.341933,0.310729
219,1.825000,0.363827,0.341947,0.310685
220,1.833333,0.363824,0.341956,0.310647
221,1.841667,0.363831,0.341952,0.310621
222,1.850000,0.363834,0.341951,0.310607
223,1.858333,0.363825,0.341946,0.310614
224,1.866667,0.363822,0.341957,0.310641
225,1.875000,0.363827,0.341940,0.310675
226,1.883333,0.363831,0.341939,0.310712
227,1.891667,0.363828,0.341928,0.310739
228,1.900000,0.363824,0.341927,0.310740
229,1.908333,0.363830,0.341931,0.310713
230,1.916667,0.363829,0.341935,0.310690
231,1.925000,0.363827,0.341945,0.310663
232,1.933333,0.363824,0.341952,0.310634
233,1.941667,0.363824,0.341958,0.310617
234,1.950000,0.363830,0.341948,0.310618
235,1.958333,0.363829,0.341943,0.310645
236,1.966667,0.363827,0.341943,0.310679
237,1.975000,0.363828,0.341939,0.310712
238,1.983333,0.363829,0.341937,0.310721
239,1.991667,0.363828,0.341933,0.310723
240,2.000000,0.363824,0.341932,0.310716
241,2.008333,0.363827,0.341938,0.310697
242,2.016667,0.363825,0.341950,0.310664
243,2.025000,0.363832,0.341951,0.310638
244,2.033333,0.363831,0.341951,0.310627
245,2.041667,0.363823,0.341945,0.310638
246,2.050000,0.363833,0.341943,0.310651
247,2.058333,0.363827,0.341944,0.310676
248,2.066667,0.363833,0.341940,0.310699
249,2.075000,0.363830,0.341930,0.310711
250,2.083333,0.363826,0.341935,0.310724
251,2.091667,0.363833,0.341939,0.310713
252,2.100000,0.363832,0.341943,0.310686
253,2.108333,0.363828,0.341938,0.310669
254,2.116667,0.363825,0.341945,0.310651
255,2.125000,0.363831,0.341946,0.310637
256,2.133333,0.363831,0.341950,0.310633
257,2.141667,0.363825,0.341949,0.310654
258,2.150000,0.363822,0.341945,0.310678
259,2.158333,0.363824,0.341935,0.310690
260,2.166667,0.363834,0.341937,0.310709
261,2.175000,0.363832,0.341942,0.310711
262,2.183333,0.363830,0.341937,0.310706
263,2.191667,0.363828,0.341938,0.310689
264,2.200000,0.363822,0.341949,0.310668
265,2.208333,0.363831,0.341948,0.310653
266,2.216667,0.363831,0.341945,0.310638
267,2.225000,0.363824,0.341940,0.310659
268,2.233333,0.363828,0.341944,0.310656
269,2.241667,0.363829,0.341949,0.310671
270,2.250000,0.363830,0.341938,0.310685
271,2.258333,0.363824,0.341937,0.310705
272,2.266667,0.363824,0.341939,0.310715
273,2.275000,0.363826,0.341941,0.310705
274,2.283333,0.363827,0.341941,0.310687
275,2.291667,0.363827,0.341943,0.310672
276,2.300000,0.363824,0.341944,0.310661
277,2.308333,0.363831,0.341954,0.310650
278,2.316667,0.363827,0.341946,0.310647
279,2.325000,0.363827,0.341946,0.310658
280,2.333333,0.363827,0.341940,0.310678
281,2.341667,0.363824,0.341939,0.310693
282,2.350000,0.363826,0.341940,0.310701
283,2.358333,0.363836,0.341944,0.310700
284,2.366667,0.363825,0.341934,0.310697
285,2.375000,0.363828,0.341934,0.310688
286,2.383333,0.363826,0.341944,0.310678
287,2.391667,0.363828,0.341947,0.310664
288,2.400000,0.363831,0.341945,0.310658
289,2.408333,0.363829,0.341941,0.310652
290,2.416667,0.363824,0.341947,0.310664
291,2.425000,0.363830,0.341947,0.310672
292,2.433333,0.363831,0.341937,0.310686
293,2.441667,0.363826,0.341937,0.310701
294,2.450000,0.363826,0.341941,0.310703
295,2.458333,0.363833,0.341943,0.310698
296,2.466667,0.363832,0.341941,0.310677
297,2.475000,0.363828,0.341946,0.310673
298,2.483333,0.363820,0.341942,0.310669
299,2.491667,0.363827,0.341944,0.310667
300,2.500000,0.363830,0.341944,0.310657
301,2.508333,0.363832,0.341948,0.310658
302,2.516667,0.363829,0.341941,0.310675
303,2.525000,0.363829,0.341937,0.310682
304,2.533333,0.363828,0.341938,0.310690
305,2.541667,0.363831,0.341938,0.310690
306,2.550000,0.363826,0.341941,0.310688
307,2.558333,0.363829,0.341942,0.310691
308,2.566667,0.363828,0.341937,0.310679
309,2.575000,0.363828,0.341948,0.310665
310,2.583333,0.363826,0.341949,0.310658
311,2.591667,0.363825,0.341945,0.310665
312,2.600000,0.363824,0.341945,0.310669
313,2.608333,0.363830,0.341940,0.310677
314,2.616667,0.363832,0.341937,0.310686
315,2.625000,0.363826,0.341940,0.310688
316,2.633333,0.363829,0.341942,0.310690
317,2.641667,0.363823,0.341938,0.310691
318,2.650000,0.363827,0.341937,0.310690
319,2.658333,0.363829,0.341941,0.310678
320,2.666667,0.363827,0.341943,0.310671
321,2.675000,0.363833,0.341945,0.310657
322,2.683333,0.363829,0.341942,0.310663
323,2.691667,0.363830,0.341940,0.310668
324,2.700000,0.363825,0.341941,0.310676
325,2.708333,0.363828,0.341944,0.310684
326,2.716667,0.363835,0.341940,0.310687
327,2.725000,0.363836,0.341939,0.310685
328,2.733333,0.363833,0.341942,0.310685
329,2.741667,0.363828,0.341937,0.310684
330,2.750000,0.363830,0.341947,0.310677
331,2.758333,0.363825,0.341938,0.310675
332,2.766667,0.363833,0.341946,0.310663
333,2.775000,0.363829,0.341944,0.310668
334,2.783333,0.363828,0.341950,0.310665
335,2.791667,0.363831,0.341945,0.310673
336,2.800000,0.363835,0.341936,0.310676
337,2.808333,0.363827,0.341939,0.310690
338,2.816667,0.363831,0.341941,0.310691
339,2.825000,0.363828,0.341940,0.310683
340,2.833333,0.363834,0.341944,0.310681
341,2.841667,0.363831,0.341942,0.310673
342,2.850000,0.363835,0.341942,0.310668
343,2.858333,0.363824,0.341946,0.310672
344,2.866667,0.363829,0.341940,0.310670
345,2.875000,0.363839,0.341935,0.310671
346,2.883333,0.363834,0.341942,0.310674
347,2.891667,0.363827,0.341945,0.310685
348,2.900000,0.363829,0.341940,0.310682
349,2.908333,0.363831,0.341939,0.310686
350,2.916667,0.363831,0.341944,0.310687
351,2.925000,0.363830,0.341936,0.310684
352,2.933333,0.363835,0.341941,0.310675
353,2.941667,0.363833,0.341942,0.310678
354,2.950000,0.363829,0.341945,0.310671
355,2.958333,0.363835,0.341942,0.310669
356,2.966667,0.363824,0.341944,0.310675
357,2.975000,0.363828,0.341940,0.310677
358,2.983333,0.363833,0.341944,0.310682
359,2.991667,0.363829,0.341941,0.310683
360,3.000000,0.363832,0.341941,0.310683
361,3.008333,0.363834,0.341942,0.310680
362,3.016667,0.363833,0.341943,0.310679
363,3.025000,0.363828,0.341944,0.310679
364,3.033333,0.363830,0.341948,0.310678
365,3.041667,0.363832,0.341941,0.310672
366,3.050000,0.363832,0.341944,0.310675
367,3.058333,0.363833,0.341944,0.310672
368,3.066667,0.363832,0.341943,0.310678
369,3.075000,0.363833,0.341945,0.310681
370,3.083333,0.363832,0.341936,0.310687
371,3.091667,0.363829,0.341942,0.310686
372,3.100000,0.363832,0.341947,0.310682
373,3.108333,0.363829,0.341943,0.310683
374,3.116667,0.363832,0.341950,0.310677
375,3.125000,0.363831,0.341940,0.310679
376,3.133333,0.363825,0.341945,0.310675
377,3.141667,0.363828,0.341942,0.310675
378,3.150000,0.363827,0.341946,0.310671
379,3.158333,0.363833,0.341943,0.310678
380,3.166667,0.363831,0.341950,0.310679
381,3.175000,0.363827,0.341942,0.310684
382,3.183333,0.363830,0.341936,0.310685
383,3.191667,0.363824,0.341942,0.310687
384,3.200000,0.363829,0.341938,0.310682
385,3.208333,0.363832,0.341941,0.310682
386,3.216667,0.363825,0.341949,0.310679
387,3.225000,0.363830,0.341942,0.310674
388,3.233333,0.363834,0.341943,0.310673
389,3.241667,0.363828,0.341941,0.310680
390,3.250000,0.363825,0.341941,0.310679
391,3.258333,0.363831,0.341940,0.310681
392,3.266667,0.363833,0.341941,0.310679
393,3.275000,0.363829,0.341943,0.310679
394,3.283333,0.363831,0.341941,0.310680
395,3.291667,0.363823,0.341944,0.310685
396,3.300000,0.363824,0.341943,0.310680
397,3.308333,0.363828,0.341941,0.310680
398,3.316667,0.363831,0.341944,0.310675
399,3.325000,0.363830,0.341946,0.310673
400,3.333333,0.363828,0.341946,0.310675
401,3.341667,0.363835,0.341947,0.310680
402,3.350000,0.363825,0.341941,0.310689
403,3.358333,0.363829,0.341943,0.310683
404,3.366667,0.363830,0.341941,0.310684
405,3.375000,0.363828,0.341943,0.310680
406,3.383333,0.363836,0.341947,0.310676
407,3.391667,0.363828,0.341938,0.310681
408,3.400000,0.363824,0.341940,0.310675
409,3.408333,0.363830,0.341941,0.310673
410,3.416667,0.363831,0.341945,0.310673
411,3.425000,0.363833,0.341941,0.310682
412,3.433333,0.363831,0.341942,0.310676
413,3.441667,0.363830,0.341941,0.310681
414,3.450000,0.363829,0.341943,0.310681
415,3.458333,0.363825,0.341939,0.310689
416,3.466667,0.363827,0.341941,0.310683
417,3.475000,0.363826,0.341947,0.310681
418,3.483333,0.363830,0.341946,0.310677
419,3.491667,0.363835,0.341942,0.310674
420,3.500000,0.363827,0.341941,0.310683
421,3.508333,0.363828,0.341946,0.310683
422,3.516667,0.363831,0.341943,0.310681
423,3.525000,0.363830,0.341945,0.310680
424,3.533333,0.363829,0.341943,0.310682
425,3.541667,0.363828,0.341934,0.310687
426,3.550000,0.363828,0.341940,0.310681
427,3.558333,0.363836,0.341952,0.310676
428,3.566667,0.363826,0.341947,0.310683
429,3.575000,0.363823,0.341939,0.310686
430,3.583333,0.363824,0.341940,0.310685
431,3.591667,0.363831,0.341943,0.310679
432,3.600000,0.363833,0.341943,0.310674
433,3.608333,0.363823,0.341945,0.310679
434,3.616667,0.363827,0.341943,0.310683
435,3.625000,0.363833,0.341941,0.310685
436,3.633333,0.363833,0.341941,0.310682
437,3.641667,0.363828,0.341946,0.310690
438,3.650000,0.363826,0.341941,0.310686
439,3.658333,0.363834,0.341943,0.310683
440,3.666667,0.363832,0.341940,0.310680
441,3.675000,0.363827,0.341943,0.310687
442,3.683333,0.363829,0.341944,0.310680
443,3.691667,0.363827,0.341945,0.310684
444,3.700000,0.363830,0.341946,0.310677
445,3.708333,0.363833,0.341941,0.310676
446,3.716667,0.363828,0.341950,0.310682
447,3.725000,0.363829,0.341938,0.310685
448,3.733333,0.363830,0.341944,0.310682
449,3.741667,0.363834,0.341939,0.310681
450,3.750000,0.363831,0.341948,0.310678
451,3.758333,0.363836,0.341942,0.310678
452,3.766667,0.363824,0.341940,0.310683
453,3.775000,0.363830,0.341946,0.310679
454,3.783333,0.363833,0.341949,0.310677
455,3.791667,0.363828,0.341944,0.310681
456,3.800000,0.363829,0.341942,0.310675
457,3.808333,0.363828,0.341944,0.310685
458,3.816667,0.363834,0.341943,0.310677
459,3.825000,0.363833,0.341944,0.310676
460,3.833333,0.363828,0.341942,0.310679
461,3.841667,0.363826,0.341939,0.310684
462,3.850000,0.363829,0.341942,0.310680
463,3.858333,0.363832,0.341941,0.310673
464,3.866667,0.363829,0.341943,0.310676
465,3.875000,0.363827,0.341947,0.310675
466,3.883333,0.363834,0.341941,0.310673
467,3.891667,0.363833,0.341943,0.310670
468,3.900000,0.363827,0.341948,0.310679
469,3.908333,0.363832,0.341942,0.310681
470,3.916667,0.363829,0.341943,0.310673
471,3.925000,0.363831,0.341943,0.310674
472,3.933333,0.363828,0.341945,0.310680
473,3.941667,0.363830,0.341939,0.310677
474,3.950000,0.363836,0.341942,0.310674
475,3.958333,0.363828,0.341945,0.310672
476,3.966667,0.363833,0.341941,0.310676
477,3.975000,0.363829,0.341937,0.310677
478,3.983333,0.363831,0.341948,0.310679
479,3.991667,0.363826,0.341945,0.310679
480,4.000000,0.363832,0.341935,0.310680
481,4.008333,0.363838,0.341934,0.310678
482,4.016667,0.363831,0.341942,0.310684
483,4.025000,0.363834,0.341943,0.310679
484,4.033333,0.363830,0.341940,0.310678
485,4.041667,0.363831,0.341935,0.310683
486,4.050000,0.363832,0.341936,0.310682
487,4.058333,0.363835,0.341940,0.310684
488,4.066667,0.363831,0.341940,0.310682
489,4.075000,0.363829,0.341934,0.310682
490,4.083333,0.363829,0.341942,0.310686
491,4.091667,0.363819,0.341943,0.310688
492,4.100000,0.363828,0.341936,0.310682
493,4.108333,0.363825,0.341942,0.310685
494,4.116667,0.363828,0.341942,0.310688
495,4.125000,0.363829,0.341946,0.310685
496,4.133333,0.363826,0.341942,0.310680
497,4.141667,0.363822,0.341946,0.310688
498,4.150000,0.363826,0.341946,0.310687
499,4.158333,0.363829,0.341942,0.310680
500,4.166667,0.363823,0.341945,0.310680
501,4.175000,0.363818,0.341952,0.310680
502,4.183333,0.363814,0.341944,0.310685
503,4.191667,0.363819,0.341943,0.310682
504,4.200000,0.363817,0.341945,0.310689
505,4.208333,0.363816,0.341948,0.310690
506,4.216667,0.363818,0.341942,0.310685
507,4.225000,0.363817,0.341933,0.310688
508,4.233333,0.363811,0.341938,0.310695
509,4.241667,0.363801,0.341935,0.310701
510,4.250000,0.363802,0.341934,0.310698
511,4.258333,0.363802,0.341932,0.310700
512,4.266667,0.363796,0.341928,0.310713
513,4.275000,0.363797,0.341929,0.310715
514,4.283333,0.363792,0.341931,0.310719
515,4.291667,0.363793,0.341933,0.310714
516,4.300000,0.363783,0.341927,0.310711
517,4.308333,0.363780,0.341933,0.310707
518,4.316667,0.363781,0.341933,0.310695
519,4.325000,0.363783,0.341925,0.310694
520,4.333333,0.363768,0.341930,0.310707
521,4.341667,0.363760,0.341923,0.310723
522,4.350000,0.363760,0.341925,0.310731
523,4.358333,0.363767,0.341916,0.310734
524,4.366667,0.363762,0.341927,0.310739
525,4.375000,0.363754,0.341925,0.310744
526,4.383333,0.363755,0.341915,0.310732
527,4.391667,0.363756,0.341920,0.310727
528,4.400000,0.363755,0.341930,0.310714
529,4.408333,0.363748,0.341926,0.310717
530,4.416667,0.363749,0.341919,0.310715
531,4.425000,0.363743,0.341925,0.310718
532,4.433333,0.363736,0.341924,0.310729
533,4.441667,0.363732,0.341916,0.310750
534,4.450000,0.363732,0.341913,0.310763
535,4.458333,0.363733,0.341906,0.310769
536,4.466667,0.363735,0.341913,0.310769
537,4.475000,0.363735,0.341912,0.310767
538,4.483333,0.363739,0.341905,0.310747
539,4.491667,0.363736,0.341913,0.310734
540,4.500000,0.363733,0.341918,0.310738
541,4.508333,0.363735,0.341921,0.310722
542,4.516667,0.363734,0.341920,0.310722
543,4.525000,0.363739,0.341915,0.310728
544,4.533333,0.363730,0.341923,0.310743
545,4.541667,0.363730,0.341908,0.310759
546,4.550000,0.363733,0.341903,0.310762
547,4.558333,0.363731,0.341910,0.310769
548,4.566667,0.363733,0.341910,0.310767
549,4.575000,0.363730,0.341909,0.310764
550,4.583333,0.363739,0.341903,0.310758
551,4.591667,0.363727,0.341910,0.310758
552,4.600000,0.363729,0.341916,0.310744
553,4.608333,0.363721,0.341911,0.310750
554,4.616667,0.363722,0.341898,0.310747
555,4.625000,0.363719,0.341907,0.310753
556,4.633333,0.363708,0.341909,0.310768
557,4.641667,0.363692,0.341912,0.310776
558,4.650000,0.363680,0.341910,0.310802
559,4.658333,0.363668,0.341916,0.310831
560,4.666667,0.363663,0.341908,0.310870
561,4.675000,0.363655,0.341903,0.310909
562,4.683333,0.363648,0.341903,0.310944
563,4.691667,0.363637,0.341910,0.310982
564,4.700000,0.363625,0.341905,0.311015
565,4.708333,0.363621,0.341922,0.311031
566,4.716667,0.363613,0.341932,0.311062
567,4.725000,0.363597,0.341947,0.311118
568,4.733333,0.363593,0.341944,0.311223
569,4.741667,0.363586,0.341951,0.311392
570,4.750000,0.363582,0.341962,0.311604
571,4.758333,0.363595,0.341956,0.311858
572,4.766667,0.363606,0.341930,0.312153
573,4.775000,0.363611,0.341924,0.312448
574,4.783333,0.363604,0.341930,0.312718
575,4.791667,0.363612,0.341945,0.312979
576,4.800000,0.363598,0.341948,0.313271
577,4.808333,0.363598,0.341963,0.313628
578,4.816667,0.363588,0.341948,0.314041
579,4.825000,0.363572,0.341957,0.314478
580,4.833333,0.363576,0.341944,0.314993
581,4.841667,0.363604,0.341937,0.315511
582,4.850000,0.363605,0.341937,0.316018
583,4.858333,0.363601,0.341916,0.316562
584,4.866667,0.363595,0.341923,0.317029
585,4.875000,0.363575,0.341920,0.317470
586,4.883333,0.363566,0.341928,0.317921
587,4.891667,0.363568,0.341945,0.318350
588,4.900000,0.363556,0.341961,0.318797
589,4.908333,0.363593,0.341969,0.319321
590,4.916667,0.363582,0.341970,0.319869
591,4.925000,0.363575,0.341956,0.320477
592,4.933333,0.363578,0.341946,0.321095
593,4.941667,0.363581,0.341932,0.321719
594,4.950000,0.363571,0.341920,0.322358
595,4.958333,0.363552,0.341913,0.322895
596,4.966667,0.363536,0.341910,0.323433
597,4.975000,0.363507,0.341948,0.323914
598,4.983333,0.363479,0.341964,0.324359
599,4.991667,0.363488,0.341956,0.324854
600,5.000000,0.363488,0.341974,0.325348
601,5.008333,0.363477,0.341981,0.325914
602,5.016667,0.363479,0.341981,0.326520
603,5.025000,0.363463,0.341981,0.327142
604,5.033333,0.363451,0.341958,0.327845
605,5.041667,0.363439,0.341935,0.328472
606,5.050000,0.363443,0.341930,0.329100
607,5.058333,0.363419,0.341939,0.329655
608,5.066667,0.363410,0.341944,0.330165
609,5.075000,0.363398,0.341970,0.330689
610,5.083333,0.363382,0.342007,0.331198
611,5.091667,0.363408,0.342000,0.331771
612,5.100000,0.363412,0.342022,0.332383
613,5.108333,0.363398,0.342016,0.333114
614,5.116667,0.363397,0.341988,0.333803
615,5.125000,0.363406,0.341966,0.334585
616,5.133333,0.363389,0.341952,0.335325
617,5.141667,0.363383,0.341936,0.336052
618,5.150000,0.363340,0.341975,0.336709
619,5.158333,0.363353,0.341966,0.337357
620,5.166667,0.363346,0.342001,0.337970
621,5.175000,0.363337,0.342020,0.338675
622,5.183333,0.363330,0.342010,0.339327
623,5.191667,0.363304,0.342032,0.340116
624,5.200000,0.363289,0.342007,0.340883
625,5.208333,0.363280,0.341988,0.341711
626,5.216667,0.363267,0.341985,0.342529
627,5.225000,0.363247,0.341973,0.343316
628,5.233333,0.363239,0.341979,0.344113
629,5.241667,0.363241,0.341978,0.344803
630,5.250000,0.363226,0.342000,0.345523
631,5.258333,0.363216,0.342007,0.346192
632,5.266667,0.363227,0.342009,0.346924
633,5.275000,0.363206,0.342048,0.347644
634,5.283333,0.363226,0.342026,0.348458
635,5.291667,0.363216,0.342038,0.349340
636,5.300000,0.363232,0.342004,0.350203
637,5.308333,0.363238,0.341987,0.351120
638,5.316667,0.363228,0.341977,0.351975
639,5.325000,0.363209,0.341993,0.352816
640,5.333333,0.363214,0.341993,0.353629
641,5.341667,0.363207,0.342002,0.354370
642,5.350000,0.363189,0.342032,0.355189
643,5.358333,0.363191,0.342019,0.355968
644,5.366667,0.363169,0.342043,0.356836
645,5.375000,0.363170,0.342019,0.357735
646,5.383333,0.363127,0.342044,0.358660
647,5.391667,0.363150,0.342005,0.359581
648,5.400000,0.363138,0.342004,0.360537
649,5.408333,0.363144,0.341988,0.361436
650,5.416667,0.363116,0.342011,0.362334
651,5.425000,0.363124,0.341989,0.363191
652,5.433333,0.363111,0.342024,0.363989
653,5.441667,0.363102,0.342034,0.364832
654,5.450000,0.363088,0.342023,0.365689
655,5.458333,0.363080,0.342034,0.366533
656,5.466667,0.363082,0.342009,0.367418
657,5.475000,0.363062,0.342022,0.368312
658,5.483333,0.363058,0.342000,0.369168
659,5.491667,0.363025,0.342001,0.370047
660,5.500000,0.362988,0.341969,0.370844
661,5.508333,0.362957,0.342004,0.371620
662,5.516667,0.362942,0.342021,0.372340
663,5.525000,0.362950,0.342011,0.373052
664,5.533333,0.362916,0.342038,0.373759
665,5.541667,0.362912,0.342023,0.374448
666,5.550000,0.362889,0.342028,0.375189
667,5.558333,0.362880,0.342041,0.375885
668,5.566667,0.362893,0.342017,0.376609
669,5.575000,0.362851,0.342027,0.377344
670,5.583333,0.362833,0.342003,0.378074
671,5.591667,0.362817,0.341996,0.378720
672,5.600000,0.362800,0.342012,0.379410
673,5.608333,0.362788,0.342020,0.379974
674,5.616667,0.362785,0.342008,0.380584
675,5.625000,0.362752,0.342064,0.381174
676,5.633333,0.362761,0.342046,0.381775
677,5.641667,0.362769,0.342039,0.382388
678,5.650000,0.362770,0.342064,0.383059
679,5.658333,0.362762,0.342026,0.383739
680,5.666667,0.362766,0.342007,0.384388
681,5.675000,0.362736,0.342036,0.385077
682,5.683333,0.362748,0.342008,0.385711
683,5.691667,0.362745,0.342013,0.386297
684,5.700000,0.362696,0.342041,0.386912
685,5.708333,0.362687,0.342076,0.387487
686,5.716667,0.362683,0.342059,0.388109
687,5.725000,0.362658,0.342088,0.388837
688,5.733333,0.362662,0.342057,0.389552
689,5.741667,0.362639,0.342045,0.390371
690,5.750000,0.362605,0.342013,0.391196
691,5.758333,0.362626,0.341996,0.391933
692,5.766667,0.362609,0.342012,0.392705
693,5.775000,0.362596,0.341998,0.393397
694,5.783333,0.362580,0.342008,0.394056
695,5.791667,0.362521,0.342058,0.394689
696,5.800000,0.362512,0.342060,0.395359
697,5.808333,0.362490,0.342071,0.396074
698,5.816667,0.362475,0.342067,0.396875
699,5.825000,0.362475,0.342044,0.397722
700,5.833333,0.362407,0.342054,0.398650
701,5.841667,0.362408,0.341993,0.399549
702,5.850000,0.362402,0.341981,0.400409
703,5.858333,0.362398,0.341977,0.401205
704,5.866667,0.362363,0.341992,0.401938
705,5.875000,0.362326,0.342038,0.402636
706,5.883333,0.362346,0.342041,0.403298
707,5.891667,0.362328,0.342061,0.404034
708,5.900000,0.362327,0.342071,0.404817
709,5.908333,0.362317,0.342057,0.405614
710,5.916667,0.362319,0.342069,0.406530
711,5.925000,0.362347,0.342040,0.407465
712,5.933333,0.362315,0.342036,0.408452
713,5.941667,0.362302,0.341983,0.409376
714,5.950000,0.362314,0.341983,0.410313
715,5.958333,0.362314,0.341971,0.411170
716,5.966667,0.362279,0.342023,0.411966
717,5.975000,0.362250,0.342050,0.412760
718,5.983333,0.362287,0.342070,0.413575
719,5.991667,0.362275,0.342076,0.414452
720,6.000000,0.362276,0.342057,0.415380
721,6.008333,0.362218,0.342054,0.416383
722,6.016667,0.362258,0.342034,0.417426
723,6.025000,0.362244,0.342034,0.418496
724,6.033333,0.362227,0.341988,0.419546
725,6.041667,0.362225,0.341966,0.420578
726,6.050000,0.362202,0.341960,0.421529
727,6.058333,0.362161,0.342015,0.422438
728,6.066667,0.362154,0.342020,0.423281
729,6.075000,0.362155,0.342037,0.424170
730,6.083333,0.362150,0.342027,0.425075
731,6.091667,0.362118,0.342056,0.426047
732,6.100000,0.362106,0.342024,0.427041
733,6.108333,0.362135,0.342025,0.428092
734,6.116667,0.362118,0.342003,0.429143
735,6.125000,0.362064,0.341997,0.430211
736,6.133333,0.362070,0.341973,0.431220
737,6.141667,0.362047,0.341980,0.432193
738,6.150000,0.362042,0.341994,0.433101
739,6.158333,0.362020,0.342029,0.434007
740,6.166667,0.362046,0.342041,0.434915
741,6.175000,0.362011,0.342030,0.435857
742,6.183333,0.361985,0.342043,0.436825
743,6.191667,0.361988,0.342042,0.437820
744,6.200000,0.362010,0.342036,0.438827
745,6.208333,0.361965,0.342014,0.439846
746,6.216667,0.361909,0.342002,0.440851
747,6.225000,0.361917,0.341987,0.441814
748,6.233333,0.361928,0.341982,0.442708
749,6.241667,0.361916,0.342008,0.443552
750,6.250000,0.361875,0.342034,0.444398
751,6.258333,0.361872,0.342048,0.445251
752,6.266667,0.361867,0.342037,0.446117
753,6.275000,0.361847,0.342046,0.447047
754,6.283333,0.361829,0.342052,0.448010
755,6.291667,0.361853,0.342044,0.449027
756,6.300000,0.361851,0.342008,0.450039
757,6.308333,0.361824,0.342005,0.451058
758,6.316667,0.361820,0.341992,0.452024
759,6.325000,0.361850,0.341996,0.452958
760,6.333333,0.361856,0.342015,0.453827
761,6.341667,0.361834,0.342040,0.454704
762,6.350000,0.361828,0.342048,0.455593
763,6.358333,0.361848,0.342033,0.456503
764,6.366667,0.361860,0.342032,0.457463
765,6.375000,0.361845,0.342049,0.458446
766,6.383333,0.361861,0.342048,0.459478
767,6.391667,0.361829,0.342024,0.460496
768,6.400000,0.361808,0.342022,0.461504
769,6.408333,0.361789,0.342015,0.462483
770,6.416667,0.361812,0.342029,0.463451
771,6.425000,0.361812,0.342052,0.464396
772,6.433333,0.361793,0.342038,0.465347
773,6.441667,0.361784,0.342053,0.466326
774,6.450000,0.361795,0.342019,0.467339
775,6.458333,0.361801,0.342035,0.468366
776,6.466667,0.361778,0.342036,0.469401
777,6.475000,0.361765,0.342017,0.470464
778,6.483333,0.361755,0.341992,0.471480
779,6.491667,0.361733,0.341977,0.472469
780,6.500000,0.361718,0.342013,0.473410
781,6.508333,0.361708,0.342036,0.474303
782,6.516667,0.361696,0.342054,0.475198
783,6.525000,0.361660,0.342036,0.476132
784,6.533333,0.361629,0.342059,0.477084
785,6.541667,0.361654,0.342041,0.478059
786,6.550000,0.361663,0.342055,0.479084
787,6.558333,0.361661,0.342030,0.480130
788,6.566667,0.361638,0.342015,0.481176
789,6.575000,0.361661,0.341997,0.482152
790,6.583333,0.361663,0.342014,0.483107
791,6.591667,0.361655,0.342041,0.484050
792,6.600000,0.361655,0.342045,0.484960
793,6.608333,0.361632,0.342059,0.485895
794,6.616667,0.361615,0.342049,0.486853
795,6.625000,0.361567,0.342072,0.487878
796,6.633333,0.361588,0.342058,0.488919
797,6.641667,0.361575,0.342056,0.489989
798,6.650000,0.361559,0.342021,0.491040
799,6.658333,0.361530,0.342034,0.492072
800,6.666667,0.361552,0.342025,0.493042
801,6.675000,0.361561,0.342066,0.494006
802,6.683333,0.361538,0.342062,0.494936
803,6.691667,0.361521,0.342081,0.495902
804,6.700000,0.361506,0.342057,0.496916
805,6.708333,0.361526,0.342066,0.497962
806,6.716667,0.361509,0.342086,0.499031
807,6.725000,0.361516,0.342045,0.500116
808,6.733333,0.361513,0.342034,0.501222
809,6.741667,0.361508,0.342016,0.502286
810,6.750000,0.361521,0.342040,0.503332
811,6.758333,0.361551,0.342050,0.504317
812,6.766667,0.361507,0.342058,0.505289
813,6.775000,0.361487,0.342055,0.506232
814,6.783333,0.361436,0.342083,0.507220
815,6.791667,0.361450,0.342084,0.508215
816,6.800000,0.361447,0.342107,0.509266
817,6.808333,0.361432,0.342078,0.510337
818,6.816667,0.361437,0.342072,0.511465
819,6.825000,0.361443,0.342046,0.512550
820,6.833333,0.361421,0.342078,0.513626
821,6.841667,0.361450,0.342068,0.514679
822,6.850000,0.361433,0.342052,0.515740
823,6.858333,0.361424,0.342049,0.516747
824,6.866667,0.361401,0.342072,0.517735
825,6.875000,0.361397,0.342112,0.518739
826,6.883333,0.361419,0.342114,0.519785
827,6.891667,0.361400,0.342087,0.520895
828,6.900000,0.361405,0.342046,0.521991
829,6.908333,0.361404,0.342075,0.523097
830,6.916667,0.361415,0.342070,0.524167
831,6.925000,0.361370,0.342082,0.525256
832,6.933333,0.361395,0.342039,0.526316
833,6.941667,0.361370,0.342067,0.527376
834,6.950000,0.361380,0.342059,0.528412
835,6.958333,0.361354,0.342104,0.529452
836,6.966667,0.361361,0.342064,0.530453
837,6.975000,0.361338,0.342082,0.531492
838,6.983333,0.361343,0.342066,0.532501
839,6.991667,0.361332,0.342102,0.533576
840,7.000000,0.361338,0.342102,0.534655
841,7.008333,0.361302,0.342081,0.535798
842,7.016667,0.361289,0.342063,0.536936
843,7.025000,0.361315,0.342074,0.538077
844,7.033333,0.361292,0.342072,0.539225
845,7.041667,0.361275,0.342063,0.540384
846,7.050000,0.361299,0.342043,0.541516
847,7.058333,0.361293,0.342045,0.542596
848,7.066667,0.361276,0.342077,0.543661
849,7.075000,0.361243,0.342072,0.544719
850,7.083333,0.361219,0.342082,0.545766
851,7.091667,0.361226,0.342078,0.546768
852,7.100000,0.361219,0.342120,0.547823
853,7.108333,0.361241,0.342098,0.548884
854,7.116667,0.361198,0.342108,0.550065
855,7.125000,0.361173,0.342066,0.551231
856,7.133333,0.361154,0.342096,0.552422
857,7.141667,0.361181,0.342063,0.553585
858,7.150000,0.361130,0.342060,0.554785
859,7.158333,0.361106,0.342018,0.555918
860,7.166667,0.361098,0.342061,0.557013
861,7.175000,0.361119,0.342056,0.558013
862,7.183333,0.361097,0.342076,0.559019
863,7.191667,0.361110,0.342058,0.560015
864,7.200000,0.361098,0.342097,0.561049
865,7.208333,0.361119,0.342099,0.562075
866,7.216667,0.361110,0.342107,0.563137
867,7.225000,0.361092,0.342101,0.564214
868,7.233333,0.361096,0.342068,0.565295
869,7.241667,0.361058,0.342098,0.566375
870,7.250000,0.361047,0.342106,0.567428
871,7.258333,0.361029,0.342137,0.568526
872,7.266667,0.361047,0.342068,0.569611
873,7.275000,0.361028,0.342086,0.570708
874,7.283333,0.361053,0.342104,0.571716
875,7.291667,0.361049,0.342157,0.572736
876,7.300000,0.361038,0.342146,0.573741
877,7.308333,0.361001,0.342138,0.574799
878,7.316667,0.360981,0.342152,0.575865
879,7.325000,0.360991,0.342152,0.576919
880,7.333333,0.360978,0.342178,0.577996
881,7.341667,0.360952,0.342142,0.579070
882,7.350000,0.360892,0.342156,0.580139
883,7.358333,0.360903,0.342136,0.581120
884,7.366667,0.360898,0.342184,0.582136
885,7.375000,0.360888,0.342170,0.583113
886,7.383333,0.360845,0.342170,0.584096
887,7.391667,0.360817,0.342199,0.585034
888,7.400000,0.360868,0.342190,0.585962
889,7.408333,0.360858,0.342227,0.586981
890,7.416667,0.360855,0.342203,0.588038
891,7.425000,0.360847,0.342176,0.589154
892,7.433333,0.360879,0.342140,0.590217
893,7.441667,0.360881,0.342158,0.591223
894,7.450000,0.360846,0.342192,0.592191
895,7.458333,0.360844,0.342144,0.593151
896,7.466667,0.360859,0.342130,0.594130
897,7.475000,0.360858,0.342147,0.595034
898,7.483333,0.360853,0.342173,0.595880
899,7.491667,0.360837,0.342194,0.596785
900,7.500000,0.360867,0.342163,0.597670
901,7.508333,0.360845,0.342155,0.598567
902,7.516667,0.360826,0.342165,0.599435
903,7.525000,0.360834,0.342146,0.600328
904,7.533333,0.360826,0.342169,0.601233
905,7.541667,0.360847,0.342177,0.602104
906,7.550000,0.360860,0.342166,0.602982
907,7.558333,0.360823,0.342156,0.603927
908,7.566667,0.360817,0.342156,0.604844
909,7.575000,0.360831,0.342177,0.605730
910,7.583333,0.360864,0.342179,0.606656
911,7.591667,0.360872,0.342144,0.607577
912,7.600000,0.360847,0.342135,0.608495
913,7.608333,0.360836,0.342162,0.609348
914,7.616667,0.360870,0.342148,0.610173
915,7.625000,0.360873,0.342191,0.611028
916,7.633333,0.360855,0.342211,0.611849
917,7.641667,0.360825,0.342206,0.612718
918,7.650000,0.360798,0.342206,0.613688
919,7.658333,0.360842,0.342174,0.614674
920,7.666667,0.360839,0.342187,0.615696
921,7.675000,0.360820,0.342193,0.616723
922,7.683333,0.360814,0.342140,0.617746
923,7.691667,0.360836,0.342142,0.618753
924,7.700000,0.360857,0.342142,0.619718
925,7.708333,0.360825,0.342181,0.620675
926,7.716667,0.360802,0.342205,0.621607
927,7.725000,0.360804,0.342188,0.622557
928,7.733333,0.360808,0.342187,0.623557
929,7.741667,0.360801,0.342189,0.624586
930,7.750000,0.360774,0.342204,0.625651
931,7.758333,0.360784,0.342202,0.626761
932,7.766667,0.360788,0.342164,0.627889
933,7.775000,0.360771,0.342161,0.628997
934,7.783333,0.360746,0.342172,0.630130
935,7.791667,0.360744,0.342197,0.631272
936,7.800000,0.360735,0.342164,0.632414
937,7.808333,0.360700,0.342168,0.633551
938,7.816667,0.360685,0.342187,0.634701
939,7.825000,0.360690,0.342190,0.635868
940,7.833333,0.360670,0.342152,0.637041
941,7.841667,0.360615,0.342182,0.638189
942,7.850000,0.360617,0.342209,0.639351
943,7.858333,0.360624,0.342212,0.640518
944,7.866667,0.360611,0.342174,0.641701
945,7.875000,0.360586,0.342199,0.642888
946,7.883333,0.360602,0.342226,0.644092
947,7.891667,0.360611,0.342243,0.645303
948,7.900000,0.360585,0.342205,0.646531
949,7.908333,0.360577,0.342213,0.647769
950,7.916667,0.360607,0.342228,0.649032
951,7.925000,0.360604,0.342223,0.650299
952,7.933333,0.360571,0.342194,0.651574
953,7.941667,0.360586,0.342197,0.652819
954,7.950000,0.360599,0.342222,0.654025
955,7.958333,0.360559,0.342213,0.655231
956,7.966667,0.360523,0.342194,0.656402
957,7.975000,0.360543,0.342218,0.657536
958,7.983333,0.360565,0.342254,0.658648
959,7.991667,0.360548,0.342261,0.659762
960,8.000000,0.360541,0.342254,0.660933
961,8.008333,0.360569,0.342281,0.662148
962,8.016667,0.360582,0.342309,0.663405
963,8.025000,0.360572,0.342298,0.664738
964,8.033333,0.360599,0.342261,0.666179
965,8.041667,0.360604,0.342279,0.667614
966,8.050000,0.360552,0.342274,0.669078
967,8.058333,0.360541,0.342254,0.670573
968,8.066667,0.360551,0.342242,0.672086
969,8.075000,0.360515,0.342251,0.673537
970,8.083333,0.360517,0.342223,0.674951
971,8.091667,0.360537,0.342245,0.676314
972,8.100000,0.360531,0.342286,0.677644
973,8.108333,0.360528,0.342293,0.678999
974,8.116667,0.360516,0.342308,0.680379
975,8.125000,0.360502,0.342336,0.681765
976,8.133333,0.360485,0.342340,0.683210
977,8.141667,0.360478,0.342312,0.684740
978,8.150000,0.360458,0.342332,0.686333
979,8.158333,0.360436,0.342301,0.687935
980,8.166667,0.360430,0.342284,0.689594
981,8.175000,0.360443,0.342284,0.691221
982,8.183333,0.360443,0.342259,0.692786
983,8.191667,0.360429,0.342272,0.694364
984,8.200000,0.360433,0.342288,0.695849
985,8.208333,0.360438,0.342294,0.697319
986,8.216667,0.360423,0.342309,0.698755
987,8.225000,0.360382,0.342336,0.700220
988,8.233333,0.360364,0.342355,0.701731
989,8.241667,0.360364,0.342318,0.703213
990,8.250000,0.360327,0.342347,0.704740
991,8.258333,0.360338,0.342318,0.706282
992,8.266667,0.360302,0.342331,0.707796
993,8.275000,0.360317,0.342327,0.709294
994,8.283333,0.360335,0.342347,0.710786
995,8.291667,0.360342,0.342320,0.712293
996,8.300000,0.360354,0.342328,0.713730
997,8.308333,0.360362,0.342339,0.715155
998,8.316667,0.360363,0.342305,0.716587
999,8.325000,0.360360,0.342348,0.718013
1000,8.333333,0.360375,0.342331,0.719415
1001,8.341667,0.360339,0.342355,0.720831
1002,8.350000,0.360332,0.342317,0.722224
1003,8.358333,0.360342,0.342341,0.723617
1004,8.366667,0.360370,0.342306,0.725017
1005,8.375000,0.360355,0.342334,0.726363
1006,8.383333,0.360363,0.342335,0.727649
1007,8.391667,0.360369,0.342344,0.728925
1008,8.400000,0.360364,0.342334,0.730190
1009,8.408333,0.360336,0.342364,0.731507
1010,8.416667,0.360332,0.342375,0.732811
1011,8.425000,0.360310,0.342367,0.734161
1012,8.433333,0.360281,0.342347,0.735524
1013,8.441667,0.360260,0.342352,0.736867
1014,8.450000,0.360245,0.342318,0.738191
1015,8.458333,0.360263,0.342308,0.739471
1016,8.466667,0.360239,0.342324,0.740740
1017,8.475000,0.360252,0.342328,0.741938
1018,8.483333,0.360243,0.342350,0.743112
1019,8.491667,0.360262,0.342320,0.744268
1020,8.500000,0.360259,0.342377,0.745460
1021,8.508333,0.360278,0.342379,0.746637
1022,8.516667,0.360269,0.342366,0.747861
1023,8.525000,0.360241,0.342340,0.749172
1024,8.533333,0.360212,0.342347,0.750441
1025,8.541667,0.360183,0.342353,0.751734
1026,8.550000,0.360192,0.342312,0.752993
1027,8.558333,0.360150,0.342360,0.754240
1028,8.566667,0.360135,0.342338,0.755427
1029,8.575000,0.360099,0.342363,0.756621
1030,8.583333,0.360096,0.342370,0.757827
1031,8.591667,0.360067,0.342381,0.759075
1032,8.600000,0.360029,0.342388,0.760359
1033,8.608333,0.360015,0.342357,0.761673
1034,8.616667,0.360024,0.342347,0.763016
1035,8.625000,0.360032,0.342313,0.764299
1036,8.633333,0.359986,0.342320,0.765584
1037,8.641667,0.359989,0.342300,0.766728
1038,8.650000,0.359989,0.342338,0.767818
1039,8.658333,0.359989,0.342374,0.768869
1040,8.666667,0.359979,0.342380,0.769920
1041,8.675000,0.359960,0.342404,0.771021
1042,8.683333,0.359987,0.342423,0.772172
1043,8.691667,0.359999,0.342435,0.773425
1044,8.700000,0.359981,0.342409,0.774786
1045,8.708333,0.359970,0.342384,0.776148
1046,8.716667,0.359992,0.342359,0.777530
1047,8.725000,0.360005,0.342327,0.778829
1048,8.733333,0.359963,0.342320,0.780089
1049,8.741667,0.359976,0.342318,0.781202
1050,8.750000,0.359972,0.342376,0.782241
1051,8.758333,0.359955,0.342400,0.783237
1052,8.766667,0.359941,0.342414,0.784262
1053,8.775000,0.359916,0.342442,0.785347
1054,8.783333,0.359930,0.342420,0.786496
1055,8.791667,0.359950,0.342403,0.787710
1056,8.800000,0.359916,0.342389,0.788969
1057,8.808333,0.359883,0.342357,0.790222
1058,8.816667,0.359861,0.342365,0.791413
1059,8.825000,0.359884,0.342328,0.792527
1060,8.833333,0.359882,0.342334,0.793567
1061,8.841667,0.359844,0.342378,0.794547
1062,8.850000,0.359819,0.342388,0.795488
1063,8.858333,0.359795,0.342434,0.796456
1064,8.866667,0.359818,0.342442,0.797484
1065,8.875000,0.359832,0.342438,0.798546
1066,8.883333,0.359814,0.342460,0.799716
1067,8.891667,0.359805,0.342423,0.800978
1068,8.900000,0.359835,0.342398,0.802264
1069,8.908333,0.359849,0.342388,0.803573
1070,8.916667,0.359842,0.342357,0.804828
1071,8.925000,0.359839,0.342365,0.806012
1072,8.933333,0.359871,0.342339,0.807139
1073,8.941667,0.359881,0.342370,0.808179
1074,8.950000,0.359815,0.342429,0.809170
1075,8.958333,0.359783,0.342435,0.810156
1076,8.966667,0.359747,0.342467,0.811186
1077,8.975000,0.359756,0.342480,0.812279
1078,8.983333,0.359792,0.342438,0.813419
1079,8.991667,0.359752,0.342437,0.814619
1080,9.000000,0.359720,0.342432,0.815780
1081,9.008333,0.359692,0.342432,0.816932
1082,9.016667,0.359681,0.342445,0.818060
1083,9.025000,0.359690,0.342426,0.819133
1084,9.033333,0.359663,0.342446,0.820189
1085,9.041667,0.359640,0.342465,0.821226
1086,9.050000,0.359656,0.342461,0.822288
1087,9.058333,0.359677,0.342464,0.823380
1088,9.066667,0.359660,0.342447,0.824433
1089,9.075000,0.359649,0.342441,0.825438
1090,9.083333,0.359616,0.342454,0.826426
1091,9.091667,0.359595,0.342470,0.827381
1092,9.100000,0.359619,0.342460,0.828330
1093,9.108333,0.359619,0.342484,0.829273
1094,9.116667,0.359590,0.342504,0.830219
1095,9.125000,0.359576,0.342518,0.831191
1096,9.133333,0.359557,0.342506,0.832212
1097,9.141667,0.359563,0.342471,0.833285
1098,9.150000,0.359595,0.342450,0.834352
1099,9.158333,0.359580,0.342447,0.835375
1100,9.166667,0.359543,0.342445,0.836350
1101,9.175000,0.359527,0.342439,0.837258
1102,9.183333,0.359513,0.342456,0.838097
1103,9.191667,0.359519,0.342501,0.838876
1104,9.200000,0.359516,0.342509,0.839621
1105,9.208333,0.359499,0.342536,0.840402
1106,9.216667,0.359469,0.342549,0.841238
1107,9.225000,0.359428,0.342569,0.842166
1108,9.233333,0.359449,0.342549,0.843185
1109,9.241667,0.359465,0.342536,0.844300
1110,9.250000,0.359483,0.342508,0.845442
1111,9.258333,0.359488,0.342466,0.846581
1112,9.266667,0.359496,0.342450,0.847637
1113,9.275000,0.359508,0.342451,0.848619
1114,9.283333,0.359529,0.342444,0.849505
1115,9.291667,0.359514,0.342461,0.850318
1116,9.300000,0.359465,0.342510,0.851067
1117,9.308333,0.359434,0.342552,0.851840
1118,9.316667,0.359403,0.342585,0.852660
1119,9.325000,0.359396,0.342584,0.853547
1120,9.333333,0.359399,0.342557,0.854499
1121,9.341667,0.359412,0.342530,0.855501
1122,9.350000,0.359399,0.342514,0.856514
1123,9.358333,0.359355,0.342488,0.857512
1124,9.366667,0.359337,0.342485,0.858455
1125,9.375000,0.359334,0.342485,0.859334
1126,9.383333,0.359354,0.342514,0.860137
1127,9.391667,0.359359,0.342535,0.860900
1128,9.400000,0.359371,0.342545,0.861658
1129,9.408333,0.359360,0.342572,0.862439
1130,9.416667,0.359344,0.342557,0.863276
1131,9.425000,0.359331,0.342562,0.864178
1132,9.433333,0.359327,0.342531,0.865098
1133,9.441667,0.359334,0.342520,0.866028
1134,9.450000,0.359325,0.342495,0.866896
1135,9.458333,0.359310,0.342493,0.867706
1136,9.466667,0.359290,0.342529,0.868470
1137,9.475000,0.359266,0.342536,0.869174
1138,9.483333,0.359289,0.342553,0.869881
1139,9.491667,0.359299,0.342546,0.870606
1140,9.500000,0.359306,0.342565,0.871367
1141,9.508333,0.359311,0.342569,0.872158
1142,9.516667,0.359280,0.342562,0.872991
1143,9.525000,0.359258,0.342546,0.873858
1144,9.533333,0.359240,0.342542,0.874713
1145,9.541667,0.359232,0.342530,0.875549
1146,9.550000,0.359248,0.342521,0.876342
1147,9.558333,0.359256,0.342511,0.877080
1148,9.566667,0.359270,0.342535,0.877773
1149,9.575000,0.359246,0.342547,0.878420
1150,9.583333,0.359228,0.342571,0.879071
1151,9.591667,0.359195,0.342589,0.879745
1152,9.600000,0.359187,0.342591,0.880485
1153,9.608333,0.359166,0.342586,0.881268
1154,9.616667,0.359167,0.342574,0.882102
1155,9.625000,0.359165,0.342555,0.882941
1156,9.633333,0.359186,0.342527,0.883770
1157,9.641667,0.359170,0.342519,0.884548
1158,9.650000,0.359157,0.342541,0.885255
1159,9.658333,0.359156,0.342558,0.885916
1160,9.666667,0.359171,0.342573,0.886547
1161,9.675000,0.359165,0.342594,0.887184
1162,9.683333,0.359180,0.342635,0.887870
1163,9.691667,0.359171,0.342621,0.888617
1164,9.700000,0.359160,0.342632,0.889462
1165,9.708333,0.359136,0.342599,0.890347
1166,9.716667,0.359113,0.342583,0.891233
1167,9.725000,0.359127,0.342547,0.892106
1168,9.733333,0.359122,0.342538,0.892906
1169,9.741667,0.359119,0.342545,0.893671
1170,9.750000,0.359113,0.342562,0.894345
1171,9.758333,0.359108,0.342585,0.894974
1172,9.766667,0.359082,0.342622,0.895622
1173,9.775000,0.359064,0.342649,0.896309
1174,9.783333,0.359058,0.342645,0.897077
1175,9.791667,0.359063,0.342637,0.897912
1176,9.800000,0.359065,0.342601,0.898789
1177,9.808333,0.359065,0.342599,0.899669
1178,9.816667,0.359058,0.342574,0.900528
1179,9.825000,0.359061,0.342556,0.901336
1180,9.833333,0.359039,0.342569,0.902066
1181,9.841667,0.359045,0.342592,0.902722
1182,9.850000,0.359059,0.342611,0.903355
1183,9.858333,0.359083,0.342633,0.904007
1184,9.866667,0.359059,0.342646,0.904686
1185,9.875000,0.359057,0.342650,0.905408
1186,9.883333,0.359037,0.342660,0.906170
1187,9.891667,0.359031,0.342637,0.906972
1188,9.900000,0.359017,0.342615,0.907765
1189,9.908333,0.359028,0.342598,0.908551
1190,9.916667,0.359004,0.342591,0.909285
1191,9.925000,0.358998,0.342603,0.909953
1192,9.933333,0.359008,0.342606,0.910561
1193,9.941667,0.358993,0.342614,0.911148
1194,9.950000,0.358993,0.342648,0.911716
1195,9.958333,0.358978,0.342677,0.912295
1196,9.966667,0.358963,0.342684,0.912932
1197,9.975000,0.358944,0.342656,0.913599
1198,9.983333,0.358961,0.342651,0.914312
1199,9.991667,0.358952,0.342639,0.915001
1200,10.000000,0.358949,0.342627,0.915659
1201,10.008333,0.358949,0.342635,0.916284
1202,10.016667,0.358938,0.342646,0.916831
1203,10.025000,0.358926,0.342648,0.917365
1204,10.033333,0.358910,0.342664,0.917885
1205,10.041667,0.358884,0.342704,0.918404
1206,10.050000,0.358874,0.342709,0.918987
1207,10.058333,0.358877,0.342682,0.919607
1208,10.066667,0.358895,0.342684,0.920264
1209,10.075000,0.358903,0.342676,0.920953
1210,10.083333,0.358889,0.342656,0.921602
1211,10.091667,0.358883,0.342654,0.922238
1212,10.100000,0.358886,0.342668,0.922798
1213,10.108333,0.358892,0.342673,0.923326
1214,10.116667,0.358892,0.342676,0.923813
1215,10.125000,0.358899,0.342694,0.924317
1216,10.133333,0.358893,0.342722,0.924835
1217,10.141667,0.358886,0.342727,0.925380
1218,10.150000,0.358873,0.342715,0.925949
1219,10.158333,0.358861,0.342698,0.926557
1220,10.166667,0.358863,0.342687,0.927132
1221,10.175000,0.358866,0.342682,0.927697
1222,10.183333,0.358857,0.342698,0.928238
1223,10.191667,0.358843,0.342708,0.928751
1224,10.200000,0.358824,0.342720,0.929253
1225,10.208333,0.358817,0.342719,0.929749
1226,10.216667,0.358825,0.342727,0.930251
1227,10.225000,0.358830,0.342730,0.930800
1228,10.233333,0.358846,0.342725,0.931338
1229,10.241667,0.358846,0.342723,0.931918
1230,10.250000,0.358851,0.342704,0.932480
1231,10.258333,0.358853,0.342704,0.933005
1232,10.266667,0.358849,0.342703,0.933505
1233,10.275000,0.358836,0.342697,0.933967
1234,10.283333,0.358815,0.342706,0.934417
1235,10.291667,0.358800,0.342749,0.934849
1236,10.300000,0.358789,0.342764,0.935295
1237,10.308333,0.358775,0.342771,0.935741
1238,10.316667,0.358773,0.342754,0.936243
1239,10.325000,0.358778,0.342746,0.936781
1240,10.333333,0.358795,0.342732,0.937329
1241,10.341667,0.358780,0.342737,0.937873
1242,10.350000,0.358780,0.342731,0.938397
1243,10.358333,0.358776,0.342736,0.938899
1244,10.366667,0.358781,0.342735,0.939389
1245,10.375000,0.358779,0.342737,0.939837
1246,10.383333,0.358761,0.342739,0.940292
1247,10.391667,0.358769,0.342750,0.940757
1248,10.400000,0.358751,0.342755,0.941253
1249,10.408333,0.358742,0.342771,0.941757
1250,10.416667,0.358730,0.342773,0.942298
1251,10.425000,0.358731,0.342759,0.942843
1252,10.433333,0.358755,0.342752,0.943417
1253,10.441667,0.358757,0.342746,0.944000
1254,10.450000,0.358733,0.342749,0.944581
1255,10.458333,0.358730,0.342764,0.945145
1256,10.466667,0.358733,0.342761,0.945704
1257,10.475000,0.358733,0.342764,0.946238
1258,10.483333,0.358731,0.342770,0.946775
1259,10.491667,0.358724,0.342755,0.947317
1260,10.500000,0.358719,0.342776,0.947859
1261,10.508333,0.358723,0.342786,0.948405
1262,10.516667,0.358711,0.342790,0.948970
1263,10.525000,0.358729,0.342778,0.949535
1264,10.533333,0.358722,0.342770,0.950126
1265,10.541667,0.358729,0.342763,0.950716
1266,10.550000,0.358727,0.342768,0.951304
1267,10.558333,0.358708,0.342783,0.951886
1268,10.566667,0.358710,0.342787,0.952474
1269,10.575000,0.358702,0.342784,0.953022
1270,10.583333,0.358703,0.342777,0.953579
1271,10.591667,0.358732,0.342759,0.954131
1272,10.600000,0.358715,0.342786,0.954651
1273,10.608333,0.358699,0.342801,0.955173
1274,10.616667,0.358698,0.342805,0.955702
1275,10.625000,0.358701,0.342791,0.956225
1276,10.633333,0.358687,0.342802,0.956783
1277,10.641667,0.358676,0.342793,0.957342
1278,10.650000,0.358666,0.342795,0.957929
1279,10.658333,0.358664,0.342799,0.958537
1280,10.666667,0.358653,0.342802,0.959137
1281,10.675000,0.358676,0.342793,0.959740
1282,10.683333,0.358677,0.342787,0.960340
1283,10.691667,0.358670,0.342797,0.960942
1284,10.700000,0.358645,0.342817,0.961533
1285,10.708333,0.358641,0.342819,0.962144
1286,10.716667,0.358629,0.342816,0.962750
1287,10.725000,0.358629,0.342809,0.963350
1288,10.733333,0.358623,0.342799,0.963949
1289,10.741667,0.358608,0.342779,0.964539
1290,10.750000,0.358611,0.342797,0.965118
1291,10.758333,0.358618,0.342805,0.965676
1292,10.766667,0.358617,0.342805,0.966218
1293,10.775000,0.358623,0.342799,0.966764
1294,10.783333,0.358616,0.342792,0.967311
1295,10.791667,0.358600,0.342806,0.967904
1296,10.800000,0.358582,0.342837,0.968502
1297,10.808333,0.358566,0.342830,0.969114
1298,10.816667,0.358553,0.342815,0.969744
1299,10.825000,0.358549,0.342799,0.970365
1300,10.833333,0.358557,0.342773,0.970962
1301,10.841667,0.358578,0.342757,0.971518
1302,10.850000,0.358567,0.342780,0.972025
1303,10.858333,0.358571,0.342795,0.972458
1304,10.866667,0.358573,0.342805,0.972846
1305,10.875000,0.358571,0.342813,0.973209
1306,10.883333,0.358560,0.342826,0.973604
1307,10.891667,0.358564,0.342823,0.974047
1308,10.900000,0.358542,0.342826,0.974511
1309,10.908333,0.358524,0.342825,0.975010
1310,10.916667,0.358493,0.342833,0.975530
1311,10.925000,0.358482,0.342836,0.976031
1312,10.933333,0.358475,0.342817,0.976509
1313,10.941667,0.358475,0.342819,0.976965
1314,10.950000,0.358480,0.342816,0.977397
1315,10.958333,0.358478,0.342829,0.977818
1316,10.966667,0.358478,0.342838,0.978252
1317,10.975000,0.358451,0.342863,0.978703
1318,10.983333,0.358450,0.342858,0.979187
1319,10.991667,0.358440,0.342854,0.979710
1320,11.000000,0.358453,0.342820,0.980252
1321,11.008333,0.358438,0.342800,0.980787
1322,11.016667,0.358440,0.342792,0.981310
1323,11.025000,0.358416,0.342801,0.981764
1324,11.033333,0.358395,0.342822,0.982201
1325,11.041667,0.358390,0.342854,0.982617
1326,11.050000,0.358390,0.342862,0.983019
1327,11.058333,0.358394,0.342859,0.983455
1328,11.066667,0.358404,0.342852,0.983925
1329,11.075000,0.358404,0.342844,0.984419
1330,11.083333,0.358399,0.342818,0.984923
1331,11.091667,0.358397,0.342815,0.985414
1332,11.100000,0.358416,0.342808,0.985869
1333,11.108333,0.358399,0.342807,0.986231
1334,11.116667,0.358389,0.342813,0.986524
1335,11.125000,0.358378,0.342813,0.986742
1336,11.133333,0.358387,0.342830,0.986926
1337,11.141667,0.358390,0.342838,0.987079
1338,11.150000,0.358404,0.342843,0.987244
1339,11.158333,0.358406,0.342833,0.987406
1340,11.166667,0.358410,0.342829,0.987575
1341,11.175000,0.358410,0.342802,0.987726
1342,11.183333,0.358414,0.342794,0.987829
1343,11.191667,0.358410,0.342786,0.987861
1344,11.200000,0.358412,0.342797,0.987843
1345,11.208333,0.358418,0.342814,0.987763
1346,11.216667,0.358415,0.342832,0.987663
1347,11.225000,0.358415,0.342857,0.987551
1348,11.233333,0.358419,0.342880,0.987475
1349,11.241667,0.358418,0.342887,0.987465
1350,11.250000,0.358412,0.342875,0.987499
1351,11.258333,0.358414,0.342853,0.987584
1352,11.266667,0.358410,0.342837,0.987677
1353,11.275000,0.358409,0.342834,0.987766
1354,11.283333,0.358410,0.342823,0.987807
1355,11.291667,0.358404,0.342828,0.987790
1356,11.300000,0.358414,0.342838,0.987719
1357,11.308333,0.358414,0.342869,0.987625
1358,11.316667,0.358423,0.342883,0.987529
1359,11.325000,0.358430,0.342907,0.987465
1360,11.333333,0.358449,0.342922,0.987438
1361,11.341667,0.358440,0.342930,0.987458
1362,11.350000,0.358448,0.342912,0.987515
1363,11.358333,0.358446,0.342906,0.987586
1364,11.366667,0.358451,0.342895,0.987652
1365,11.375000,0.358450,0.342889,0.987679
1366,11.383333,0.358451,0.342892,0.987676
1367,11.391667,0.358468,0.342901,0.987633
1368,11.400000,0.358476,0.342914,0.987571
1369,11.408333,0.358477,0.342927,0.987500
1370,11.416667,0.358477,0.342945,0.987438
1371,11.425000,0.358495,0.342951,0.987422
1372,11.433333,0.358498,0.342949,0.987442
1373,11.441667,0.358509,0.342931,0.987496
1374,11.450000,0.358508,0.342920,0.987563
1375,11.458333,0.358517,0.342910,0.987611
1376,11.466667,0.358522,0.342904,0.987644
1377,11.475000,0.358528,0.342901,0.987647
1378,11.483333,0.358527,0.342916,0.987613
1379,11.491667,0.358537,0.342923,0.987559
1380,11.500000,0.358544,0.342937,0.987505
1381,11.508333,0.358560,0.342954,0.987458
1382,11.516667,0.358571,0.342963,0.987438
1383,11.525000,0.358586,0.342954,0.987458
1384,11.533333,0.358598,0.342954,0.987505
1385,11.541667,0.358618,0.342934,0.987553
1386,11.550000,0.358629,0.342919,0.987593
1387,11.558333,0.358638,0.342937,0.987638
1388,11.566667,0.358646,0.342930,0.987653
1389,11.575000,0.358661,0.342915,0.987637
1390,11.583333,0.358651,0.342928,0.987598
1391,11.591667,0.358653,0.342943,0.987549
1392,11.600000,0.358645,0.342960,0.987511
1393,11.608333,0.358657,0.342942,0.987498
1394,11.616667,0.358648,0.342950,0.987506
1395,11.625000,0.358654,0.342943,0.987533
1396,11.633333,0.358656,0.342934,0.987565
1397,11.641667,0.358663,0.342926,0.987597
1398,11.650000,0.358658,0.342919,0.987632
1399,11.658333,0.358650,0.342926,0.987642
1400,11.666667,0.358653,0.342935,0.987622
1401,11.675000,0.358658,0.342934,0.987579
1402,11.683333,0.358651,0.342944,0.987559
1403,11.691667,0.358655,0.342942,0.987533
1404,11.700000,0.358658,0.342941,0.987516
1405,11.708333,0.358657,0.342949,0.987516
1406,11.716667,0.358651,0.342948,0.987541
1407,11.725000,0.358648,0.342949,0.987568
1408,11.733333,0.358665,0.342918,0.987599
1409,11.741667,0.358670,0.342923,0.987617
1410,11.750000,0.358660,0.342927,0.987620
1411,11.758333,0.358657,0.342937,0.987604
1412,11.766667,0.358658,0.342929,0.987585
1413,11.775000,0.358654,0.342937,0.987563
1414,11.783333,0.358650,0.342953,0.987534
1415,11.791667,0.358660,0.342957,0.987530
1416,11.800000,0.358656,0.342953,0.987527
1417,11.808333,0.358663,0.342919,0.987541
1418,11.816667,0.358662,0.342931,0.987576
1419,11.825000,0.358651,0.342955,0.987593
1420,11.833333,0.358662,0.342946,0.987611
1421,11.841667,0.358667,0.342914,0.987612
1422,11.850000,0.358663,0.342918,0.987605
1423,11.858333,0.358653,0.342938,0.987584
1424,11.866667,0.358653,0.342947,0.987557
1425,11.875000,0.358659,0.342953,0.987539
1426,11.883333,0.358663,0.342952,0.987532
1427,11.891667,0.358661,0.342947,0.987541
1428,11.900000,0.358664,0.342929,0.987551
1429,11.908333,0.358666,0.342928,0.987565
1430,11.916667,0.358667,0.342934,0.987592
1431,11.925000,0.358651,0.342942,0.987602
1432,11.933333,0.358653,0.342938,0.987609
1433,11.941667,0.358665,0.342930,0.987593
1434,11.950000,0.358665,0.342940,0.987569
1435,11.958333,0.358668,0.342931,0.987561
1436,11.966667,0.358663,0.342932,0.987548
1437,11.975000,0.358664,0.342948,0.987543
1438,11.983333,0.358660,0.342950,0.987541
1439,11.991667,0.358664,0.342954,0.987549
1440,12.000000,0.358667,0.342928,0.987571
1441,12.008333,0.358663,0.342913,0.987590
1442,12.016667,0.358661,0.342925,0.987604
1443,12.025000,0.358663,0.342936,0.987589
1444,12.033333,0.358663,0.342941,0.987583
1445,12.041667,0.358664,0.342937,0.987579
1446,12.050000,0.358654,0.342948,0.987560
1447,12.058333,0.358673,0.342939,0.987546
1448,12.066667,0.358666,0.342935,0.987538
1449,12.075000,0.358665,0.342933,0.987547
1450,12.083333,0.358663,0.342942,0.987565
1451,12.091667,0.358661,0.342943,0.987575
1452,12.100000,0.358669,0.342927,0.987584
1453,12.108333,0.358675,0.342931,0.987591
1454,12.116667,0.358671,0.342928,0.987591
1455,12.125000,0.358668,0.342924,0.987594
1456,12.133333,0.358660,0.342937,0.987574
1457,12.141667,0.358667,0.342945,0.987555
1458,12.150000,0.358661,0.342950,0.987551
1459,12.158333,0.358660,0.342944,0.987547
1460,12.166667,0.358664,0.342931,0.987555
1461,12.175000,0.358671,0.342929,0.987562
1462,12.183333,0.358655,0.342938,0.987570
1463,12.191667,0.358660,0.342947,0.987578
1464,12.200000,0.358667,0.342935,0.987582
1465,12.208333,0.358671,0.342931,0.987580
1466,12.216667,0.358669,0.342930,0.987582
1467,12.225000,0.358671,0.342929,0.987571
1468,12.233333,0.358667,0.342927,0.987559
1469,12.241667,0.358654,0.342927,0.987555
1470,12.250000,0.358661,0.342946,0.987546
1471,12.258333,0.358662,0.342952,0.987552
1472,12.266667,0.358659,0.342940,0.987563
1473,12.275000,0.358667,0.342919,0.987573
1474,12.283333,0.358662,0.342919,0.987583
1475,12.291667,0.358665,0.342933,0.987584
1476,12.300000,0.358653,0.342950,0.987578
1477,12.308333,0.358663,0.342937,0.987573
1478,12.316667,0.358662,0.342934,0.987567
1479,12.325000,0.358666,0.342929,0.987554
1480,12.333333,0.358666,0.342930,0.987550
1481,12.341667,0.358667,0.342938,0.987554
1482,12.350000,0.358662,0.342939,0.987562
1483,12.358333,0.358660,0.342948,0.987562
1484,12.366667,0.358671,0.342929,0.987568
1485,12.375000,0.358669,0.342930,0.987564
1486,12.383333,0.358665,0.342931,0.987571
1487,12.391667,0.358657,0.342932,0.987552
1488,12.400000,0.358659,0.342933,0.987518
1489,12.408333,0.358657,0.342950,0.987484
1490,12.416667,0.358665,0.342953,0.987471
1491,12.425000,0.358665,0.342943,0.987472
1492,12.433333,0.358668,0.342930,0.987488
1493,12.441667,0.358665,0.342928,0.987500
1494,12.450000,0.358664,0.342942,0.987520
1495,12.458333,0.358668,0.342936,0.987538
1496,12.466667,0.358665,0.342928,0.987556
1497,12.475000,0.358658,0.342936,0.987561
1498,12.483333,0.358662,0.342929,0.987538
1499,12.491667,0.358667,0.342933,0.987507
1500,12.500000,0.358668,0.342937,0.987480
1501,12.508333,0.358661,0.342958,0.987448
1502,12.516667,0.358657,0.342953,0.987418
1503,12.525000,0.358659,0.342958,0.987417
1504,12.533333,0.358662,0.342951,0.987425
1505,12.541667,0.358670,0.342944,0.987463
1506,12.550000,0.358668,0.342928,0.987509
1507,12.558333,0.358661,0.342923,0.987545
1508,12.566667,0.358668,0.342932,0.987563
1509,12.575000,0.358663,0.342941,0.987551
1510,12.583333,0.358665,0.342940,0.987524
1511,12.591667,0.358665,0.342941,0.987481
1512,12.600000,0.358660,0.342953,0.987429
1513,12.608333,0.358665,0.342963,0.987379
1514,12.616667,0.358664,0.342962,0.987341
1515,12.625000,0.358658,0.342975,0.987336
1516,12.633333,0.358657,0.342971,0.987356
1517,12.641667,0.358666,0.342946,0.987390
1518,12.650000,0.358667,0.342938,0.987417
1519,12.658333,0.358665,0.342938,0.987432
1520,12.666667,0.358665,0.342944,0.987434
1521,12.675000,0.358660,0.342950,0.987429
1522,12.683333,0.358662,0.342944,0.987403
1523,12.691667,0.358662,0.342957,0.987383
1524,12.700000,0.358672,0.342952,0.987361
1525,12.708333,0.358659,0.342963,0.987362
1526,12.716667,0.358657,0.342953,0.987374
1527,12.725000,0.358658,0.342959,0.987390
1528,12.733333,0.358662,0.342952,0.987404
1529,12.741667,0.358661,0.342959,0.987416
1530,12.750000,0.358655,0.342951,0.987420
1531,12.758333,0.358667,0.342935,0.987421
1532,12.766667,0.358665,0.342943,0.987409
1533,12.775000,0.358652,0.342961,0.987386
1534,12.783333,0.358663,0.342969,0.987364
1535,12.791667,0.358665,0.342960,0.987354
1536,12.800000,0.358662,0.342958,0.987365
1537,12.808333,0.358656,0.342959,0.987391
1538,12.816667,0.358661,0.342947,0.987428
1539,12.825000,0.358665,0.342932,0.987455
1540,12.833333,0.358657,0.342933,0.987483
1541,12.841667,0.358653,0.342942,0.987484
1542,12.850000,0.358661,0.342939,0.987448
1543,12.858333,0.358660,0.342947,0.987386
1544,12.866667,0.358667,0.342957,0.987326
1545,12.875000,0.358655,0.342970,0.987270
1546,12.883333,0.358660,0.342978,0.987242
1547,12.891667,0.358658,0.342980,0.987251
1548,12.900000,0.358659,0.342977,0.987297
1549,12.908333,0.358665,0.342957,0.987381
1550,12.916667,0.358661,0.342937,0.987459
1551,12.925000,0.358660,0.342924,0.987522
1552,12.933333,0.358659,0.342926,0.987542
1553,12.941667,0.358664,0.342924,0.987520
1554,12.950000,0.358656,0.342934,0.987445
1555,12.958333,0.358663,0.342952,0.987339
1556,12.966667,0.358674,0.342981,0.987236
1557,12.975000,0.358663,0.343002,0.987161
1558,12.983333,0.358665,0.342995,0.987150
1559,12.991667,0.358661,0.342980,0.987198
1560,13.000000,0.358655,0.342981,0.987291
1561,13.008333,0.358658,0.342949,0.987401
1562,13.016667,0.358671,0.342927,0.987486
1563,13.025000,0.358667,0.342914,0.987519
1564,13.033333,0.358659,0.342922,0.987500
1565,13.041667,0.358661,0.342937,0.987421
1566,13.050000,0.358661,0.342957,0.987319
1567,13.058333,0.358668,0.342985,0.987208
1568,13.066667,0.358664,0.342996,0.987141
1569,13.075000,0.358667,0.343003,0.987127
1570,13.083333,0.358671,0.342992,0.987166
1571,13.091667,0.358663,0.342971,0.987250
1572,13.100000,0.358654,0.342958,0.987345
1573,13.108333,0.358652,0.342944,0.987426
1574,13.116667,0.358667,0.342922,0.987457
1575,13.125000,0.358657,0.342930,0.987438
1576,13.133333,0.358658,0.342948,0.987376
1577,13.141667,0.358664,0.342967,0.987280
1578,13.150000,0.358659,0.342986,0.987192
1579,13.158333,0.358658,0.343004,0.987131
1580,13.166667,0.358654,0.343013,0.987113
1581,13.175000,0.358660,0.343000,0.987141
1582,13.183333,0.358658,0.342982,0.987217
1583,13.191667,0.358668,0.342956,0.987303
1584,13.200000,0.358655,0.342955,0.987366
1585,13.208333,0.358659,0.342941,0.987381
1586,13.216667,0.358650,0.342950,0.987351
1587,13.225000,0.358665,0.342967,0.987274
1588,13.233333,0.358668,0.342993,0.987183
1589,13.241667,0.358663,0.343008,0.987110
1590,13.250000,0.358658,0.343017,0.987087
1591,13.258333,0.358658,0.343008,0.987106
1592,13.266667,0.358659,0.342987,0.987170
1593,13.275000,0.358656,0.342979,0.987236
1594,13.283333,0.358666,0.342961,0.987287
1595,13.291667,0.358660,0.342959,0.987316
1596,13.300000,0.358661,0.342961,0.987291
1597,13.308333,0.358658,0.342977,0.987239
1598,13.316667,0.358656,0.342993,0.987175
1599,13.325000,0.358651,0.343002,0.987128
1600,13.333333,0.358663,0.343000,0.987116
1601,13.341667,0.358661,0.342999,0.987142
1602,13.350000,0.358661,0.342984,0.987191
1603,13.358333,0.358658,0.342971,0.987245
1604,13.366667,0.358654,0.342967,0.987267
1605,13.375000,0.358654,0.342968,0.987255
1606,13.383333,0.358663,0.342973,0.987201
1607,13.391667,0.358661,0.342996,0.987128
1608,13.400000,0.358655,0.343016,0.987051
1609,13.408333,0.358652,0.343031,0.987007
1610,13.416667,0.358657,0.343021,0.987012
1611,13.425000,0.358659,0.343012,0.987053
1612,13.433333,0.358658,0.342996,0.987127
1613,13.441667,0.358657,0.342970,0.987208
1614,13.450000,0.358660,0.342960,0.987266
1615,13.458333,0.358657,0.342966,0.987256
1616,13.466667,0.358651,0.342974,0.987226
1617,13.475000,0.358669,0.342941,0.987261
1618,13.483333,0.358679,0.342883,0.987493
1619,13.491667,0.358682,0.342821,0.987823
1620,13.500000,0.358700,0.342763,0.988107
1621,13.508333,0.358695,0.342739,0.988248
1622,13.516667,0.358688,0.342766,0.988169
1623,13.525000,0.358671,0.342819,0.987901
1624,13.533333,0.358659,0.342910,0.987506
1625,13.541667,0.358666,0.343007,0.987104
1626,13.550000,0.358673,0.343076,0.986854
1627,13.558333,0.358684,0.343083,0.986795
1628,13.566667,0.358684,0.343051,0.986951
1629,13.575000,0.358683,0.342982,0.987284
1630,13.583333,0.358687,0.342907,0.987688
1631,13.591667,0.358709,0.342818,0.988043
1632,13.600000,0.358710,0.342776,0.988273
1633,13.608333,0.358712,0.342770,0.988300
1634,13.616667,0.358698,0.342815,0.988129
1635,13.625000,0.358698,0.342867,0.987831
1636,13.633333,0.358681,0.342945,0.987483
1637,13.641667,0.358684,0.343011,0.987179
1638,13.650000,0.358677,0.343050,0.987032
1639,13.658333,0.358685,0.343040,0.987047
1640,13.666667,0.358686,0.342997,0.987232
1641,13.675000,0.358680,0.342944,0.987525
1642,13.683333,0.358684,0.342875,0.987817
1643,13.691667,0.358695,0.342827,0.988024
1644,13.700000,0.358692,0.342816,0.988105
1645,13.708333,0.358696,0.342830,0.988016
1646,13.716667,0.358686,0.342868,0.987808
1647,13.725000,0.358678,0.342924,0.987524
1648,13.733333,0.358677,0.342995,0.987273
1649,13.741667,0.358673,0.343023,0.987103
1650,13.750000,0.358676,0.343034,0.987083
1651,13.758333,0.358681,0.343001,0.987205
1652,13.766667,0.358675,0.342949,0.987468
1653,13.775000,0.358684,0.342886,0.987737
1654,13.783333,0.358691,0.342848,0.987959
1655,13.791667,0.358693,0.342827,0.988073
1656,13.800000,0.358696,0.342827,0.988051
1657,13.808333,0.358688,0.342852,0.987910
1658,13.816667,0.358688,0.342900,0.987688
1659,13.825000,0.358677,0.342954,0.987453
1660,13.833333,0.358682,0.342994,0.987265
1661,13.841667,0.358676,0.343001,0.987203
1662,13.850000,0.358675,0.342992,0.987264
1663,13.858333,0.358674,0.342954,0.987428
1664,13.866667,0.358680,0.342913,0.987630
1665,13.875000,0.358686,0.342864,0.987830
1666,13.883333,0.358687,0.342845,0.987945
1667,13.891667,0.358694,0.342834,0.987974
1668,13.900000,0.358686,0.342859,0.987891
1669,13.908333,0.358681,0.342890,0.987733
1670,13.916667,0.358676,0.342924,0.987547
1671,13.925000,0.358679,0.342955,0.987402
1672,13.933333,0.358683,0.342978,0.987315
1673,13.941667,0.358678,0.342975,0.987322
1674,13.950000,0.358676,0.342957,0.987435
1675,13.958333,0.358680,0.342921,0.987590
1676,13.966667,0.358694,0.342884,0.987750
1677,13.975000,0.358710,0.342854,0.987859
1678,13.983333,0.358721,0.342860,0.987900
1679,13.991667,0.358730,0.342869,0.987861
1680,14.000000,0.358723,0.342889,0.987758
1681,14.008333,0.358721,0.342913,0.987605
1682,14.016667,0.358720,0.342945,0.987482
1683,14.025000,0.358719,0.342972,0.987393
1684,14.033333,0.358724,0.342971,0.987394
1685,14.041667,0.358728,0.342947,0.987455
1686,14.050000,0.358737,0.342929,0.987562
1687,14.058333,0.358739,0.342911,0.987692
1688,14.066667,0.358746,0.342883,0.987795
1689,14.075000,0.358755,0.342873,0.987850
1690,14.083333,0.358746,0.342878,0.987821
1691,14.091667,0.358739,0.342902,0.987743
1692,14.100000,0.358759,0.342914,0.987635
1693,14.108333,0.358747,0.342950,0.987523
1694,14.116667,0.358746,0.342966,0.987449
1695,14.125000,0.358755,0.342972,0.987426
1696,14.133333,0.358766,0.342968,0.987467
1697,14.141667,0.358781,0.342948,0.987544
1698,14.150000,0.358796,0.342927,0.987645
1699,14.158333,0.358821,0.342922,0.987732
1700,14.166667,0.358835,0.342924,0.987773
1701,14.175000,0.358854,0.342912,0.987757
1702,14.183333,0.358862,0.342924,0.987697
1703,14.191667,0.358857,0.342954,0.987610
1704,14.200000,0.358844,0.342968,0.987526
1705,14.208333,0.358845,0.342980,0.987456
1706,14.216667,0.358833,0.342994,0.987443
1707,14.225000,0.358836,0.342988,0.987477
1708,14.233333,0.358827,0.342975,0.987540
1709,14.241667,0.358858,0.342940,0.987631
1710,14.250000,0.358850,0.342938,0.987695
1711,14.258333,0.358853,0.342933,0.987736
1712,14.266667,0.358856,0.342927,0.987730
1713,14.275000,0.358855,0.342938,0.987687
1714,14.283333,0.358851,0.342945,0.987618
1715,14.291667,0.358847,0.342969,0.987553
1716,14.300000,0.358853,0.342978,0.987490
1717,14.308333,0.358853,0.342974,0.987469
1718,14.316667,0.358852,0.342977,0.987497
1719,14.325000,0.358852,0.342962,0.987553
1720,14.333333,0.358853,0.342953,0.987622
1721,14.341667,0.358852,0.342936,0.987676
1722,14.350000,0.358855,0.342933,0.987707
1723,14.358333,0.358850,0.342936,0.987712
1724,14.366667,0.358857,0.342946,0.987679
1725,14.375000,0.358849,0.342957,0.987620
1726,14.383333,0.358847,0.342966,0.987566
1727,14.391667,0.358843,0.342978,0.987519
1728,14.400000,0.358851,0.342977,0.987507
1729,14.408333,0.358848,0.342978,0.987518
1730,14.416667,0.358856,0.342967,0.987558
1731,14.425000,0.358852,0.342953,0.987612
1732,14.433333,0.358856,0.342941,0.987659
1733,14.441667,0.358856,0.342942,0.987688
1734,14.450000,0.358862,0.342941,0.987691
1735,14.458333,0.358866,0.342942,0.987669
1736,14.466667,0.358863,0.342945,0.987621
1737,14.475000,0.358847,0.342970,0.987576
1738,14.483333,0.358850,0.342974,0.987540
1739,14.491667,0.358843,0.342977,0.987524
1740,14.500000,0.358854,0.342966,0.987534
1741,14.508333,0.358851,0.342959,0.987573
1742,14.516667,0.358864,0.342954,0.987618
1743,14.525000,0.358866,0.342950,0.987660
1744,14.533333,0.358859,0.342942,0.987674
1745,14.541667,0.358850,0.342952,0.987680
1746,14.550000,0.358853,0.342948,0.987657
1747,14.558333,0.358848,0.342954,0.987619
1748,14.566667,0.358858,0.342964,0.987580
1749,14.575000,0.358860,0.342975,0.987546
1750,14.583333,0.358858,0.342971,0.987538
1751,14.591667,0.358857,0.342952,0.987548
1752,14.600000,0.358856,0.342963,0.987580
1753,14.608333,0.358861,0.342963,0.987610
1754,14.616667,0.358864,0.342949,0.987645
1755,14.625000,0.358868,0.342925,0.987661
1756,14.633333,0.358865,0.342935,0.987663
1757,14.641667,0.358857,0.342964,0.987646
1758,14.650000,0.358859,0.342957,0.987615
1759,14.658333,0.358860,0.342949,0.987584
1760,14.666667,0.358920,0.343003,0.987605
1761,14.675000,0.359043,0.343280,0.987755
1762,14.683333,0.363105,0.341316,0.988343
1763,14.691667,0.363107,0.341308,0.988366
1764,14.700000,0.363098,0.341306,0.988396
1765,14.708333,0.363096,0.341301,0.988420
1766,14.716667,0.363096,0.341296,0.988441
1767,14.725000,0.363108,0.341293,0.988441
1768,14.733333,0.363102,0.341298,0.988423
1769,14.741667,0.363096,0.341306,0.988395
1770,14.750000,0.363103,0.341307,0.988370
1771,14.758333,0.363102,0.341313,0.988354
1772,14.766667,0.363100,0.341316,0.988341
1773,14.775000,0.363095,0.341316,0.988349
1774,14.783333,0.363098,0.341315,0.988371
1775,14.791667,0.363105,0.341300,0.988405
1776,14.800000,0.363108,0.341295,0.988423
1777,14.808333,0.363112,0.341296,0.988429
1778,14.816667,0.363104,0.341296,0.988426
1779,14.825000,0.363100,0.341297,0.988419
1780,14.833333,0.363095,0.341302,0.988400
1781,14.841667,0.363095,0.341310,0.988373
1782,14.850000,0.363098,0.341314,0.988353
1783,14.858333,0.363103,0.341314,0.988353
1784,14.866667,0.363096,0.341305,0.988363
1785,14.875000,0.363093,0.341305,0.988374
1786,14.883333,0.363100,0.341303,0.988395
1787,14.891667,0.363108,0.341301,0.988414
1788,14.900000,0.363105,0.341300,0.988428
1789,14.908333,0.363103,0.341293,0.988425
1790,14.916667,0.363107,0.341293,0.988412
1791,14.925000,0.363104,0.341309,0.988388
1792,14.933333,0.363098,0.341311,0.988374
1793,14.941667,0.363100,0.341309,0.988367
1794,14.950000,0.363094,0.341311,0.988363
1795,14.958333,0.363098,0.341306,0.988365
1796,14.966667,0.363111,0.341313,0.988374
1797,14.975000,0.363102,0.341302,0.988397
1798,14.983333,0.363097,0.341294,0.988413
1799,14.991667,0.363092,0.341294,0.988418
1800,15.000000,0.363114,0.341299,0.988416
1801,15.008333,0.363114,0.341305,0.988402
1802,15.016667,0.363089,0.341306,0.988388
1803,15.025000,0.363091,0.341310,0.988378
1804,15.033333,0.363099,0.341306,0.988372
1805,15.041667,0.363111,0.341301,0.988371
1806,15.050000,0.363101,0.341302,0.988368
1807,15.058333,0.363087,0.341311,0.988372
1808,15.066667,0.363081,0.341317,0.988386
1809,15.075000,0.363117,0.341292,0.988417
1810,15.083333,0.363127,0.341283,0.988422
1811,15.091667,0.363087,0.341308,0.988397
1812,15.100000,0.363081,0.341313,0.988396
1813,15.108333,0.363099,0.341305,0.988401
1814,15.116667,0.363117,0.341299,0.988392
1815,15.125000,0.363093,0.341318,0.988364
1816,15.133333,0.358496,0.343079,0.987502
1817,15.141667,0.358841,0.342916,0.987573
1818,15.150000,0.358864,0.342956,0.987600
1819,15.158333,0.358880,0.342959,0.987623
1820,15.166667,0.358873,0.342961,0.987629
1821,15.175000,0.358888,0.342937,0.987622
1822,15.183333,0.358842,0.342955,0.987622
1823,15.191667,0.358853,0.342964,0.987618
1824,15.200000,0.358875,0.342956,0.987609
1825,15.208333,0.358884,0.342941,0.987601
1826,15.216667,0.358882,0.342954,0.987598
1827,15.225000,0.358863,0.342968,0.987592
1828,15.233333,0.358869,0.342955,0.987600
1829,15.241667,0.358865,0.342948,0.987609
1830,15.250000,0.358871,0.342956,0.987619
1831,15.258333,0.358872,0.342949,0.987623
1832,15.266667,0.358875,0.342942,0.987628
1833,15.275000,0.358874,0.342951,0.987628
1834,15.283333,0.358871,0.342959,0.987627
1835,15.291667,0.358865,0.342959,0.987607
1836,15.300000,0.358870,0.342937,0.987599
1837,15.308333,0.358871,0.342955,0.987605
1838,15.316667,0.358872,0.342959,0.987599
1839,15.325000,0.358878,0.342955,0.987606
1840,15.333333,0.358885,0.342950,0.987613
1841,15.341667,0.358879,0.342958,0.987619
1842,15.350000,0.358871,0.342948,0.987625
1843,15.358333,0.358865,0.342950,0.987623
1844,15.366667,0.358880,0.342942,0.987626
1845,15.375000,0.358878,0.342950,0.987624
1846,15.383333,0.358880,0.342950,0.987614
1847,15.391667,0.358872,0.342950,0.987615
1848,15.400000,0.358865,0.342960,0.987603
1849,15.408333,0.358864,0.342957,0.987608
1850,15.416667,0.358869,0.342954,0.987610
1851,15.425000,0.358879,0.342941,0.987614
1852,15.433333,0.358872,0.342955,0.987612
1853,15.441667,0.358882,0.342959,0.987624
1854,15.450000,0.358886,0.342948,0.987630
1855,15.458333,0.358880,0.342948,0.987618
1856,15.466667,0.358873,0.342954,0.987620
1857,15.475000,0.358869,0.342959,0.987613
1858,15.483333,0.358867,0.342960,0.987608
1859,15.491667,0.358875,0.342956,0.987613
1860,15.500000,0.358877,0.342958,0.987606
1861,15.508333,0.358875,0.342957,0.987610
1862,15.516667,0.358871,0.342958,0.987608
1863,15.525000,0.358869,0.342949,0.987616
1864,15.533333,0.358872,0.342947,0.987624
1865,15.541667,0.358870,0.342957,0.987623
1866,15.550000,0.358886,0.342956,0.987620
1867,15.558333,0.358874,0.342956,0.987616
1868,15.566667,0.358870,0.342956,0.987614
1869,15.575000,0.358868,0.342958,0.987614
1870,15.583333,0.358882,0.342959,0.987605
1871,15.591667,0.358883,0.342957,0.987607
1872,15.600000,0.358877,0.342960,0.987610
1873,15.608333,0.358871,0.342963,0.987618
1874,15.616667,0.358876,0.342953,0.987619
1875,15.625000,0.358877,0.342961,0.987618
1876,15.633333,0.358869,0.342958,0.987622
1877,15.641667,0.358873,0.342955,0.987622
1878,15.650000,0.358876,0.342949,0.987615
1879,15.658333,0.358886,0.342959,0.987618
1880,15.666667,0.358878,0.342961,0.987604
1881,15.675000,0.358881,0.342961,0.987617
1882,15.683333,0.358866,0.342965,0.987610
1883,15.691667,0.358876,0.342954,0.987607
1884,15.700000,0.358875,0.342959,0.987616
1885,15.708333,0.358881,0.342955,0.987621
1886,15.716667,0.358873,0.342956,0.987623
1887,15.725000,0.358878,0.342955,0.987619
1888,15.733333,0.358873,0.342959,0.987615
1889,15.741667,0.358870,0.342964,0.987620
1890,15.750000,0.358885,0.342949,0.987612
1891,15.758333,0.358865,0.342955,0.987608
1892,15.766667,0.358863,0.342971,0.987610
1893,15.775000,0.358873,0.342966,0.987618
1894,15.783333,0.358874,0.342955,0.987615
1895,15.791667,0.358885,0.342942,0.987618
1896,15.800000,0.358867,0.342959,0.987620
1897,15.808333,0.358867,0.342962,0.987619
1898,15.816667,0.358883,0.342943,0.987616
1899,15.825000,0.358874,0.342959,0.987627
1900,15.833333,0.358883,0.342960,0.987620
1901,15.841667,0.358871,0.342958,0.987614
1902,15.850000,0.358863,0.342959,0.987607
1903,15.858333,0.358871,0.342962,0.987615
1904,15.866667,0.358873,0.342962,0.987615
1905,15.875000,0.358881,0.342960,0.987624
1906,15.883333,0.358871,0.342966,0.987622
1907,15.891667,0.358873,0.342972,0.987618
1908,15.900000,0.358872,0.342963,0.987623
1909,15.908333,0.358878,0.342949,0.987620
1910,15.916667,0.358879,0.342949,0.987625
1911,15.925000,0.358864,0.342967,0.987614
1912,15.933333,0.358873,0.342962,0.987615
1913,15.941667,0.358869,0.342965,0.987615
1914,15.950000,0.358877,0.342962,0.987612
1915,15.958333,0.358875,0.342958,0.987615
1916,15.966667,0.358862,0.342965,0.987617
1917,15.975000,0.358865,0.342964,0.987616
1918,15.983333,0.358873,0.342967,0.987617
1919,15.991667,0.358876,0.342963,0.987623
