Format Version,1.21,Take Name,chair_hatra_2,Capture Frame Rate,120.000000,Export Frame Rate,120.000000,Capture Start Time,2018-11-22 12.10.50 AM,Total Frames in Take,1753,Total Exported Frames,1753,Rotation Type,Quaternion,Length Units,Meters,Coordinate Space,Global

,,Marker,Marker,Marker
,,Unlabeled:5001,Unlabeled:5001,Unlabeled:5001
,,"8392B20CF49E35701389","8392B20CF49E35701389","8392B20CF49E35701389"
,,Position,Position,Position
Frame,Time,X,Y,Z
0,0.000000,0.358297,0.342341,0.928845
1,0.008333,0.358309,0.342320,0.928949
2,0.016667,0.358312,0.342318,0.928982
3,0.025000,0.358308,0.342325,0.928937
4,0.033333,0.358300,0.342347,0.928840
5,0.041667,0.358308,0.342374,0.928726
6,0.050000,0.358303,0.342389,0.928653
7,0.058333,0.358305,0.342391,0.928643
8,0.066667,0.358306,0.342380,0.928699
9,0.075000,0.358306,0.342358,0.928805
10,0.083333,0.358311,0.342335,0.928922
11,0.091667,0.358307,0.342320,0.929013
12,0.100000,0.358307,0.342314,0.929046
13,0.108333,0.358309,0.342318,0.929011
14,0.116667,0.358308,0.342338,0.928930
15,0.125000,0.358302,0.342356,0.928830
16,0.133333,0.358296,0.342374,0.928757
17,0.141667,0.358300,0.342376,0.928731
18,0.150000,0.358307,0.342372,0.928764
19,0.158333,0.358303,0.342361,0.928848
20,0.166667,0.358311,0.342341,0.928947
21,0.175000,0.358310,0.342316,0.929021
22,0.183333,0.358309,0.342313,0.929052
23,0.191667,0.358308,0.342325,0.929020
24,0.200000,0.358313,0.342331,0.928952
25,0.208333,0.358310,0.342348,0.928859
26,0.216667,0.358305,0.342368,0.928775
27,0.225000,0.358306,0.342383,0.928727
28,0.233333,0.358306,0.342376,0.928730
29,0.241667,0.358307,0.342362,0.928785
30,0.250000,0.358302,0.342363,0.928861
31,0.258333,0.358303,0.342342,0.928924
32,0.266667,0.358317,0.342327,0.928963
33,0.275000,0.358315,0.342326,0.928953
34,0.283333,0.358300,0.342344,0.928915
35,0.291667,0.358304,0.342349,0.928856
36,0.300000,0.358310,0.342365,0.928794
37,0.308333,0.358307,0.342370,0.928755
38,0.316667,0.358306,0.342373,0.928763
39,0.325000,0.358301,0.342367,0.928803
40,0.333333,0.358308,0.342345,0.928873
41,0.341667,0.358307,0.342332,0.928931
42,0.350000,0.358310,0.342331,0.928980
43,0.358333,0.358318,0.342326,0.928989
44,0.366667,0.358315,0.342333,0.928956
45,0.375000,0.358310,0.342339,0.928906
46,0.383333,0.358311,0.342359,0.928850
47,0.391667,0.358316,0.342361,0.928808
48,0.400000,0.358303,0.342361,0.928793
49,0.408333,0.358310,0.342361,0.928816
50,0.416667,0.358309,0.342353,0.928863
51,0.425000,0.358317,0.342339,0.928930
52,0.433333,0.358308,0.342330,0.928983
53,0.441667,0.358313,0.342331,0.929007
54,0.450000,0.358315,0.342328,0.929000
55,0.458333,0.358310,0.342334,0.928970
56,0.466667,0.358312,0.342335,0.928910
57,0.475000,0.358310,0.342351,0.928861
58,0.483333,0.358310,0.342359,0.928834
59,0.491667,0.358306,0.342363,0.928832
60,0.500000,0.358310,0.342348,0.928875
61,0.508333,0.358307,0.342339,0.928923
62,0.516667,0.358310,0.342333,0.928977
63,0.525000,0.358318,0.342327,0.929011
64,0.533333,0.358311,0.342326,0.929024
65,0.541667,0.358319,0.342323,0.929008
66,0.550000,0.358308,0.342337,0.928970
67,0.558333,0.358316,0.342339,0.928929
68,0.566667,0.358308,0.342339,0.928901
69,0.575000,0.358307,0.342346,0.928902
70,0.583333,0.358314,0.342336,0.928931
71,0.591667,0.358317,0.342336,0.928977
72,0.600000,0.358311,0.342331,0.929023
73,0.608333,0.358312,0.342321,0.929058
74,0.616667,0.358324,0.342311,0.929075
75,0.625000,0.358314,0.342316,0.929061
76,0.633333,0.358313,0.342331,0.929036
77,0.641667,0.358309,0.342338,0.929002
78,0.650000,0.358312,0.342339,0.928981
79,0.658333,0.358312,0.342333,0.928986
80,0.666667,0.358315,0.342333,0.929008
81,0.675000,0.358315,0.342331,0.929038
82,0.683333,0.358317,0.342327,0.929073
83,0.691667,0.358315,0.342317,0.929093
84,0.700000,0.358312,0.342327,0.929101
85,0.708333,0.358313,0.342326,0.929079
86,0.716667,0.358322,0.342320,0.929056
87,0.725000,0.358316,0.342330,0.929026
88,0.733333,0.358310,0.342341,0.929008
89,0.741667,0.358306,0.342338,0.929000
90,0.750000,0.358318,0.342330,0.929008
91,0.758333,0.358311,0.342334,0.929029
92,0.766667,0.358312,0.342326,0.929062
93,0.775000,0.358310,0.342320,0.929079
94,0.783333,0.358307,0.342323,0.929094
95,0.791667,0.358314,0.342323,0.929084
96,0.800000,0.358314,0.342334,0.929065
97,0.808333,0.358314,0.342331,0.929034
98,0.816667,0.358319,0.342321,0.929018
99,0.825000,0.358317,0.342336,0.929011
100,0.833333,0.358314,0.342336,0.929014
101,0.841667,0.358312,0.342325,0.929030
102,0.850000,0.358325,0.342317,0.929050
103,0.858333,0.358312,0.342317,0.929072
104,0.866667,0.358313,0.342323,0.929083
105,0.875000,0.358311,0.342323,0.929078
106,0.883333,0.358323,0.342318,0.929068
107,0.891667,0.358310,0.342324,0.929050
108,0.900000,0.358315,0.342328,0.929032
109,0.908333,0.358320,0.342321,0.929018
110,0.916667,0.358326,0.342323,0.929013
111,0.925000,0.358318,0.342329,0.929027
112,0.933333,0.358310,0.342328,0.929047
113,0.941667,0.358318,0.342318,0.929068
114,0.950000,0.358315,0.342321,0.929077
115,0.958333,0.358319,0.342322,0.929074
116,0.966667,0.358315,0.342320,0.929070
117,0.975000,0.358321,0.342317,0.929052
118,0.983333,0.358322,0.342330,0.929038
119,0.991667,0.358321,0.342333,0.929026
120,1.000000,0.358326,0.342324,0.929020
121,1.008333,0.358323,0.342322,0.929036
122,1.016667,0.358316,0.342325,0.929046
123,1.025000,0.358325,0.342324,0.929062
124,1.033333,0.358331,0.342313,0.929073
125,1.041667,0.358316,0.342322,0.929071
126,1.050000,0.358311,0.342325,0.929077
127,1.058333,0.358323,0.342323,0.929057
128,1.066667,0.358331,0.342320,0.929040
129,1.075000,0.358335,0.342326,0.929029
130,1.083333,0.358320,0.342338,0.929031
131,1.091667,0.358325,0.342326,0.929033
132,1.100000,0.358329,0.342317,0.929043
133,1.108333,0.358338,0.342326,0.929058
134,1.116667,0.358341,0.342329,0.929069
135,1.125000,0.358347,0.342316,0.929072
136,1.133333,0.358351,0.342319,0.929065
137,1.141667,0.358348,0.342333,0.929064
138,1.150000,0.358352,0.342327,0.929052
139,1.158333,0.358357,0.342324,0.929042
140,1.166667,0.358356,0.342334,0.929037
141,1.175000,0.358366,0.342336,0.929043
142,1.183333,0.358368,0.342331,0.929046
143,1.191667,0.358370,0.342329,0.929058
144,1.200000,0.358381,0.342321,0.929073
145,1.208333,0.358374,0.342332,0.929083
146,1.216667,0.358384,0.342330,0.929074
147,1.225000,0.358391,0.342330,0.929065
148,1.233333,0.358391,0.342337,0.929054
149,1.241667,0.358394,0.342340,0.929050
150,1.250000,0.358396,0.342338,0.929039
151,1.258333,0.358402,0.342339,0.929037
152,1.266667,0.358402,0.342347,0.929043
153,1.275000,0.358404,0.342346,0.929060
154,1.283333,0.358417,0.342336,0.929063
155,1.291667,0.358424,0.342335,0.929069
156,1.300000,0.358418,0.342346,0.929068
157,1.308333,0.358423,0.342343,0.929064
158,1.316667,0.358436,0.342330,0.929065
159,1.325000,0.358437,0.342346,0.929045
160,1.333333,0.358434,0.342355,0.929045
161,1.341667,0.358438,0.342359,0.929041
162,1.350000,0.358446,0.342348,0.929039
163,1.358333,0.358445,0.342350,0.929051
164,1.366667,0.358445,0.342359,0.929059
165,1.375000,0.358450,0.342355,0.929066
166,1.383333,0.358459,0.342348,0.929062
167,1.391667,0.358468,0.342351,0.929062
168,1.400000,0.358463,0.342356,0.929048
169,1.408333,0.358465,0.342356,0.929046
170,1.416667,0.358470,0.342354,0.929035
171,1.425000,0.358468,0.342360,0.929036
172,1.433333,0.358464,0.342357,0.929035
173,1.441667,0.358469,0.342348,0.929045
174,1.450000,0.358475,0.342348,0.929052
175,1.458333,0.358479,0.342353,0.929056
176,1.466667,0.358470,0.342360,0.929059
177,1.475000,0.358470,0.342353,0.929061
178,1.483333,0.358474,0.342355,0.929053
179,1.491667,0.358476,0.342361,0.929046
180,1.500000,0.358479,0.342355,0.929031
181,1.508333,0.358469,0.342358,0.929032
182,1.516667,0.358470,0.342355,0.929031
183,1.525000,0.358470,0.342353,0.929046
184,1.533333,0.358471,0.342350,0.929050
185,1.541667,0.358472,0.342359,0.929056
186,1.550000,0.358477,0.342349,0.929059
187,1.558333,0.358472,0.342351,0.929057
188,1.566667,0.358479,0.342354,0.929051
189,1.575000,0.358474,0.342359,0.929049
190,1.583333,0.358471,0.342360,0.929038
191,1.591667,0.358473,0.342355,0.929042
192,1.600000,0.358467,0.342360,0.929042
193,1.608333,0.358473,0.342366,0.929042
194,1.616667,0.358478,0.342362,0.929049
195,1.625000,0.358475,0.342360,0.929050
196,1.633333,0.358475,0.342357,0.929058
197,1.641667,0.358472,0.342358,0.929059
198,1.650000,0.358471,0.342365,0.929052
199,1.658333,0.358474,0.342358,0.929048
200,1.666667,0.358471,0.342364,0.929046
201,1.675000,0.358478,0.342360,0.929037
202,1.683333,0.358476,0.342356,0.929037
203,1.691667,0.358474,0.342356,0.929042
204,1.700000,0.358473,0.342365,0.929052
205,1.708333,0.358475,0.342361,0.929050
206,1.716667,0.358471,0.342360,0.929053
207,1.725000,0.358468,0.342361,0.929051
208,1.733333,0.358474,0.342361,0.929054
209,1.741667,0.358471,0.342359,0.929053
210,1.750000,0.358475,0.342360,0.929043
211,1.758333,0.358474,0.342362,0.929037
212,1.766667,0.358477,0.342359,0.929043
213,1.775000,0.358475,0.342360,0.929047
214,1.783333,0.358473,0.342363,0.929045
215,1.791667,0.358473,0.342361,0.929050
216,1.800000,0.358481,0.342358,0.929057
217,1.808333,0.358476,0.342356,0.929060
218,1.816667,0.358481,0.342351,0.929057
219,1.825000,0.358481,0.342360,0.929047
220,1.833333,0.358482,0.342359,0.929045
221,1.841667,0.358480,0.342360,0.929043
222,1.850000,0.358473,0.342361,0.929045
223,1.858333,0.358476,0.342367,0.929047
224,1.866667,0.358469,0.342374,0.929047
225,1.875000,0.358478,0.342355,0.929048
226,1.883333,0.358476,0.342357,0.929053
227,1.891667,0.358479,0.342362,0.929055
228,1.900000,0.358481,0.342361,0.929052
229,1.908333,0.358474,0.342364,0.929056
230,1.916667,0.358478,0.342369,0.929050
231,1.925000,0.358474,0.342361,0.929043
232,1.933333,0.358477,0.342363,0.929043
233,1.941667,0.358480,0.342364,0.929041
234,1.950000,0.358479,0.342362,0.929042
235,1.958333,0.358477,0.342364,0.929051
236,1.966667,0.358473,0.342361,0.929049
237,1.975000,0.358476,0.342362,0.929051
238,1.983333,0.358481,0.342365,0.929051
239,1.991667,0.358479,0.342361,0.929049
240,2.000000,0.358482,0.342363,0.929049
241,2.008333,0.358476,0.342363,0.929047
242,2.016667,0.358480,0.342357,0.929043
243,2.025000,0.358479,0.342360,0.929040
244,2.033333,0.358479,0.342362,0.929045
245,2.041667,0.358473,0.342362,0.929049
246,2.050000,0.358484,0.342357,0.929057
247,2.058333,0.358489,0.342362,0.929054
248,2.066667,0.358486,0.342360,0.929053
249,2.075000,0.358486,0.342352,0.929054
250,2.083333,0.358478,0.342359,0.929055
251,2.091667,0.358482,0.342363,0.929051
252,2.100000,0.358478,0.342364,0.929048
253,2.108333,0.358477,0.342363,0.929045
254,2.116667,0.358482,0.342354,0.929048
255,2.125000,0.358468,0.342373,0.929050
256,2.133333,0.358482,0.342377,0.929051
257,2.141667,0.358481,0.342348,0.929053
258,2.150000,0.358489,0.342344,0.929059
259,2.158333,0.358467,0.342364,0.929055
260,2.166667,0.358474,0.342382,0.929054
261,2.175000,0.358480,0.342367,0.929050
262,2.183333,0.358483,0.342354,0.929046
263,2.191667,0.358479,0.342349,0.929055
264,2.200000,0.358475,0.342365,0.929050
265,2.208333,0.358482,0.342364,0.929044
266,2.216667,0.358475,0.342362,0.929048
267,2.225000,0.358481,0.342357,0.929056
268,2.233333,0.358475,0.342362,0.929061
269,2.241667,0.358486,0.342348,0.929045
270,2.250000,0.358484,0.342353,0.929048
271,2.258333,0.358487,0.342364,0.929052
272,2.266667,0.358480,0.342363,0.929054
273,2.275000,0.358480,0.342367,0.929049
274,2.283333,0.358485,0.342358,0.929046
275,2.291667,0.358480,0.342365,0.929050
276,2.300000,0.358476,0.342358,0.929055
277,2.308333,0.358480,0.342347,0.929059
278,2.316667,0.358476,0.342359,0.929053
279,2.325000,0.358472,0.342374,0.929048
280,2.333333,0.358483,0.342368,0.929052
281,2.341667,0.358482,0.342358,0.929052
282,2.350000,0.358488,0.342346,0.929051
283,2.358333,0.358482,0.342362,0.929048
284,2.366667,0.358481,0.342362,0.929044
285,2.375000,0.358473,0.342368,0.929048
286,2.383333,0.358488,0.342354,0.929055
287,2.391667,0.358485,0.342360,0.929057
288,2.400000,0.358482,0.342354,0.929049
289,2.408333,0.358482,0.342360,0.929045
290,2.416667,0.358476,0.342366,0.929053
291,2.425000,0.358476,0.342365,0.929055
292,2.433333,0.358480,0.342360,0.929053
293,2.441667,0.358476,0.342368,0.929051
294,2.450000,0.358479,0.342364,0.929043
295,2.458333,0.358482,0.342358,0.929046
296,2.466667,0.358479,0.342355,0.929057
297,2.475000,0.358477,0.342359,0.929050
298,2.483333,0.358475,0.342372,0.929054
299,2.491667,0.358481,0.342363,0.929054
300,2.500000,0.358479,0.342359,0.929051
301,2.508333,0.358478,0.342362,0.929052
302,2.516667,0.358475,0.342360,0.929051
303,2.525000,0.358476,0.342365,0.929050
304,2.533333,0.358471,0.342367,0.929045
305,2.541667,0.358471,0.342374,0.929052
306,2.550000,0.358477,0.342365,0.929051
307,2.558333,0.358483,0.342361,0.929053
308,2.566667,0.358487,0.342352,0.929050
309,2.575000,0.358474,0.342367,0.929057
310,2.583333,0.358477,0.342362,0.929051
311,2.591667,0.358486,0.342355,0.929050
312,2.600000,0.358483,0.342358,0.929051
313,2.608333,0.358482,0.342358,0.929054
314,2.616667,0.358475,0.342361,0.929050
315,2.625000,0.358481,0.342358,0.929046
316,2.633333,0.358484,0.342359,0.929052
317,2.641667,0.358479,0.342365,0.929050
318,2.650000,0.358477,0.342364,0.929055
319,2.658333,0.358476,0.342362,0.929055
320,2.666667,0.358477,0.342368,0.929052
321,2.675000,0.358477,0.342357,0.929051
322,2.683333,0.358481,0.342353,0.929055
323,2.691667,0.358471,0.342364,0.929047
324,2.700000,0.358477,0.342364,0.929047
325,2.708333,0.358479,0.342366,0.929048
326,2.716667,0.358480,0.342355,0.929043
327,2.725000,0.358480,0.342359,0.929045
328,2.733333,0.358479,0.342349,0.929056
329,2.741667,0.358474,0.342361,0.929053
330,2.750000,0.358480,0.342364,0.929052
331,2.758333,0.358478,0.342364,0.929048
332,2.766667,0.358474,0.342361,0.929052
333,2.775000,0.358476,0.342352,0.929055
334,2.783333,0.358489,0.342350,0.929049
335,2.791667,0.358478,0.342360,0.929048
336,2.800000,0.358484,0.342357,0.929049
337,2.808333,0.358476,0.342355,0.929050
338,2.816667,0.358480,0.342349,0.929052
339,2.825000,0.358483,0.342355,0.929048
340,2.833333,0.358478,0.342355,0.929051
341,2.841667,0.358483,0.342350,0.929054
342,2.850000,0.358483,0.342351,0.929052
343,2.858333,0.358481,0.342358,0.929052
344,2.866667,0.358483,0.342360,0.929050
345,2.875000,0.358480,0.342359,0.929048
346,2.883333,0.358483,0.342356,0.929048
347,2.891667,0.358490,0.342347,0.929052
348,2.900000,0.358481,0.342357,0.929053
349,2.908333,0.358480,0.342357,0.929049
350,2.916667,0.358475,0.342359,0.929047
351,2.925000,0.358484,0.342354,0.929053
352,2.933333,0.358485,0.342354,0.929050
353,2.941667,0.358484,0.342358,0.929049
354,2.950000,0.358482,0.342359,0.929050
355,2.958333,0.358480,0.342353,0.929053
356,2.966667,0.358484,0.342358,0.929050
357,2.975000,0.358484,0.342360,0.929052
358,2.983333,0.358486,0.342360,0.929052
359,2.991667,0.358487,0.342355,0.929051
360,3.000000,0.358487,0.342356,0.929052
361,3.008333,0.358481,0.342361,0.929054
362,3.016667,0.358485,0.342366,0.929053
363,3.025000,0.358477,0.342364,0.929050
364,3.033333,0.358480,0.342359,0.929045
365,3.041667,0.358484,0.342355,0.929051
366,3.050000,0.358485,0.342356,0.929053
367,3.058333,0.358476,0.342363,0.929052
368,3.066667,0.358478,0.342365,0.929054
369,3.075000,0.358479,0.342367,0.929055
370,3.083333,0.358478,0.342359,0.929051
371,3.091667,0.358480,0.342369,0.929051
372,3.100000,0.358482,0.342367,0.929048
373,3.108333,0.358481,0.342362,0.929046
374,3.116667,0.358476,0.342357,0.929052
375,3.125000,0.358478,0.342362,0.929052
376,3.133333,0.358486,0.342361,0.929053
377,3.141667,0.358483,0.342361,0.929050
378,3.150000,0.358486,0.342361,0.929049
379,3.158333,0.358469,0.342362,0.929060
380,3.166667,0.358486,0.342358,0.929058
381,3.175000,0.358481,0.342366,0.929053
382,3.183333,0.358479,0.342372,0.929048
383,3.191667,0.358485,0.342361,0.929052
384,3.200000,0.358482,0.342354,0.929057
385,3.208333,0.358480,0.342358,0.929054
386,3.216667,0.358482,0.342367,0.929053
387,3.225000,0.358480,0.342368,0.929045
388,3.233333,0.358478,0.342355,0.929053
389,3.241667,0.358474,0.342356,0.929050
390,3.250000,0.358486,0.342362,0.929049
391,3.258333,0.358478,0.342369,0.929047
392,3.266667,0.358482,0.342360,0.929050
393,3.275000,0.358482,0.342358,0.929051
394,3.283333,0.358483,0.342365,0.929053
395,3.291667,0.358488,0.342363,0.929054
396,3.300000,0.358480,0.342365,0.929045
397,3.308333,0.358491,0.342354,0.929054
398,3.316667,0.358484,0.342356,0.929056
399,3.325000,0.358480,0.342360,0.929056
400,3.333333,0.358487,0.342358,0.929047
401,3.341667,0.358479,0.342363,0.929048
402,3.350000,0.358470,0.342361,0.929054
403,3.358333,0.358480,0.342349,0.929045
404,3.366667,0.358474,0.342360,0.929039
405,3.375000,0.358461,0.342379,0.929024
406,3.383333,0.358448,0.342384,0.929020
407,3.391667,0.358441,0.342372,0.929006
408,3.400000,0.358430,0.342376,0.929004
409,3.408333,0.358438,0.342387,0.929005
410,3.416667,0.358445,0.342380,0.929017
411,3.425000,0.358438,0.342378,0.929022
412,3.433333,0.358436,0.342367,0.929042
413,3.441667,0.358431,0.342386,0.929041
414,3.450000,0.358436,0.342382,0.929031
415,3.458333,0.358433,0.342382,0.929015
416,3.466667,0.358437,0.342380,0.929003
417,3.475000,0.358431,0.342389,0.928996
418,3.483333,0.358435,0.342382,0.928981
419,3.491667,0.358437,0.342380,0.928981
420,3.500000,0.358432,0.342398,0.929000
421,3.508333,0.358428,0.342395,0.929012
422,3.516667,0.358431,0.342381,0.929019
423,3.525000,0.358425,0.342388,0.929016
424,3.533333,0.358420,0.342404,0.929007
425,3.541667,0.358413,0.342396,0.928987
426,3.550000,0.358414,0.342402,0.928972
427,3.558333,0.358410,0.342412,0.928960
428,3.566667,0.358413,0.342418,0.928958
429,3.575000,0.358410,0.342407,0.928964
430,3.583333,0.358407,0.342413,0.928982
431,3.591667,0.358408,0.342415,0.928993
432,3.600000,0.358403,0.342427,0.928999
433,3.608333,0.358407,0.342421,0.928991
434,3.616667,0.358398,0.342424,0.928976
435,3.625000,0.358396,0.342431,0.928959
436,3.633333,0.358403,0.342435,0.928937
437,3.641667,0.358396,0.342444,0.928924
438,3.650000,0.358394,0.342450,0.928923
439,3.658333,0.358398,0.342444,0.928935
440,3.666667,0.358390,0.342447,0.928951
441,3.675000,0.358399,0.342435,0.928973
442,3.683333,0.358393,0.342440,0.928980
443,3.691667,0.358398,0.342440,0.928982
444,3.700000,0.358386,0.342443,0.928976
445,3.708333,0.358397,0.342438,0.928960
446,3.716667,0.358390,0.342445,0.928939
447,3.725000,0.358393,0.342449,0.928927
448,3.733333,0.358391,0.342448,0.928925
449,3.741667,0.358396,0.342438,0.928928
450,3.750000,0.358396,0.342454,0.928940
451,3.758333,0.358396,0.342444,0.928954
452,3.766667,0.358396,0.342436,0.928968
453,3.775000,0.358398,0.342437,0.928974
454,3.783333,0.358384,0.342448,0.928969
455,3.791667,0.358399,0.342444,0.928952
456,3.800000,0.358394,0.342456,0.928938
457,3.808333,0.358385,0.342462,0.928923
458,3.816667,0.358394,0.342460,0.928919
459,3.825000,0.358401,0.342464,0.928916
460,3.833333,0.358399,0.342473,0.928911
461,3.841667,0.358417,0.342465,0.928904
462,3.850000,0.358435,0.342468,0.928884
463,3.858333,0.358473,0.342469,0.928837
464,3.866667,0.358510,0.342478,0.928773
465,3.875000,0.358549,0.342479,0.928682
466,3.883333,0.358582,0.342480,0.928582
467,3.891667,0.358589,0.342502,0.928466
468,3.900000,0.358610,0.342504,0.928362
469,3.908333,0.358645,0.342497,0.928274
470,3.916667,0.358645,0.342497,0.928202
471,3.925000,0.358664,0.342481,0.928143
472,3.933333,0.358683,0.342468,0.928076
473,3.941667,0.358692,0.342468,0.927991
474,3.950000,0.358711,0.342456,0.927875
475,3.958333,0.358716,0.342465,0.927724
476,3.966667,0.358711,0.342475,0.927553
477,3.975000,0.358702,0.342500,0.927352
478,3.983333,0.358695,0.342518,0.927180
479,3.991667,0.358708,0.342502,0.927040
480,4.000000,0.358727,0.342483,0.926943
481,4.008333,0.358747,0.342480,0.926861
482,4.016667,0.358768,0.342462,0.926758
483,4.025000,0.358776,0.342447,0.926619
484,4.033333,0.358778,0.342458,0.926427
485,4.041667,0.358770,0.342472,0.926177
486,4.050000,0.358766,0.342485,0.925889
487,4.058333,0.358751,0.342505,0.925615
488,4.066667,0.358743,0.342515,0.925358
489,4.075000,0.358757,0.342495,0.925141
490,4.083333,0.358779,0.342462,0.924940
491,4.091667,0.358765,0.342459,0.924703
492,4.100000,0.358755,0.342463,0.924424
493,4.108333,0.358746,0.342473,0.924127
494,4.116667,0.358733,0.342463,0.923838
495,4.125000,0.358705,0.342489,0.923519
496,4.133333,0.358689,0.342489,0.923188
497,4.141667,0.358675,0.342495,0.922871
498,4.150000,0.358673,0.342490,0.922543
499,4.158333,0.358653,0.342492,0.922229
500,4.166667,0.358639,0.342493,0.921901
501,4.175000,0.358694,0.342470,0.921583
502,4.183333,0.358714,0.342444,0.921274
503,4.191667,0.358732,0.342453,0.920899
504,4.200000,0.358727,0.342455,0.920483
505,4.208333,0.358756,0.342465,0.920042
506,4.216667,0.358763,0.342478,0.919609
507,4.225000,0.358789,0.342478,0.919150
508,4.233333,0.358784,0.342468,0.918704
509,4.241667,0.358794,0.342464,0.918259
510,4.250000,0.358784,0.342451,0.917835
511,4.258333,0.358754,0.342462,0.917385
512,4.266667,0.358749,0.342445,0.916930
513,4.275000,0.358731,0.342449,0.916450
514,4.283333,0.358715,0.342444,0.915952
515,4.291667,0.358718,0.342452,0.915433
516,4.300000,0.358716,0.342454,0.914919
517,4.308333,0.358702,0.342452,0.914403
518,4.316667,0.358720,0.342449,0.913911
519,4.325000,0.358740,0.342454,0.913469
520,4.333333,0.358763,0.342424,0.913017
521,4.341667,0.358767,0.342398,0.912553
522,4.350000,0.358758,0.342391,0.912033
523,4.358333,0.358745,0.342408,0.911453
524,4.366667,0.358756,0.342419,0.910849
525,4.375000,0.358756,0.342425,0.910226
526,4.383333,0.358764,0.342453,0.909616
527,4.391667,0.358774,0.342469,0.909062
528,4.400000,0.358776,0.342453,0.908536
529,4.408333,0.358786,0.342422,0.908108
530,4.416667,0.358793,0.342400,0.907683
531,4.425000,0.358781,0.342377,0.907247
532,4.433333,0.358776,0.342382,0.906748
533,4.441667,0.358751,0.342375,0.906163
534,4.450000,0.358732,0.342374,0.905505
535,4.458333,0.358724,0.342408,0.904802
536,4.466667,0.358705,0.342422,0.904030
537,4.475000,0.358723,0.342455,0.903320
538,4.483333,0.358729,0.342457,0.902665
539,4.491667,0.358760,0.342444,0.902098
540,4.500000,0.358780,0.342419,0.901581
541,4.508333,0.358789,0.342398,0.901131
542,4.516667,0.358823,0.342378,0.900646
543,4.525000,0.358830,0.342344,0.900107
544,4.533333,0.358831,0.342334,0.899461
545,4.541667,0.358834,0.342362,0.898736
546,4.550000,0.358815,0.342392,0.897936
547,4.558333,0.358840,0.342422,0.897150
548,4.566667,0.358858,0.342451,0.896378
549,4.575000,0.358886,0.342459,0.895699
550,4.583333,0.358889,0.342439,0.895108
551,4.591667,0.358904,0.342437,0.894607
552,4.600000,0.358909,0.342398,0.894163
553,4.608333,0.358889,0.342373,0.893699
554,4.616667,0.358913,0.342354,0.893189
555,4.625000,0.358909,0.342367,0.892590
556,4.633333,0.358912,0.342388,0.891921
557,4.641667,0.358927,0.342407,0.891256
558,4.650000,0.358939,0.342416,0.890589
559,4.658333,0.358971,0.342425,0.889973
560,4.666667,0.358972,0.342439,0.889381
561,4.675000,0.358990,0.342419,0.888865
562,4.683333,0.359002,0.342413,0.888401
563,4.691667,0.358989,0.342383,0.887969
564,4.700000,0.358993,0.342364,0.887508
565,4.708333,0.358988,0.342373,0.887045
566,4.716667,0.358971,0.342366,0.886505
567,4.725000,0.358967,0.342368,0.885945
568,4.733333,0.358971,0.342371,0.885368
569,4.741667,0.358973,0.342386,0.884776
570,4.750000,0.358984,0.342401,0.884196
571,4.758333,0.358990,0.342378,0.883667
572,4.766667,0.358985,0.342389,0.883159
573,4.775000,0.358998,0.342374,0.882709
574,4.783333,0.359022,0.342357,0.882215
575,4.791667,0.359033,0.342331,0.881696
576,4.800000,0.359039,0.342333,0.881130
577,4.808333,0.359050,0.342332,0.880496
578,4.816667,0.359049,0.342347,0.879807
579,4.825000,0.359053,0.342359,0.879112
580,4.833333,0.359042,0.342382,0.878427
581,4.841667,0.359037,0.342384,0.877766
582,4.850000,0.359043,0.342380,0.877152
583,4.858333,0.359034,0.342387,0.876581
584,4.866667,0.359040,0.342362,0.875999
585,4.875000,0.359043,0.342348,0.875415
586,4.883333,0.359057,0.342341,0.874814
587,4.891667,0.359077,0.342324,0.874135
588,4.900000,0.359090,0.342343,0.873402
589,4.908333,0.359102,0.342356,0.872627
590,4.916667,0.359099,0.342376,0.871837
591,4.925000,0.359095,0.342392,0.871084
592,4.933333,0.359087,0.342412,0.870387
593,4.941667,0.359080,0.342388,0.869730
594,4.950000,0.359108,0.342381,0.869122
595,4.958333,0.359122,0.342361,0.868540
596,4.966667,0.359143,0.342329,0.867929
597,4.975000,0.359139,0.342326,0.867264
598,4.983333,0.359159,0.342334,0.866530
599,4.991667,0.359159,0.342339,0.865734
600,5.000000,0.359163,0.342355,0.864903
601,5.008333,0.359162,0.342383,0.864073
602,5.016667,0.359163,0.342390,0.863286
603,5.025000,0.359191,0.342375,0.862555
604,5.033333,0.359200,0.342359,0.861880
605,5.041667,0.359209,0.342350,0.861234
606,5.050000,0.359212,0.342334,0.860577
607,5.058333,0.359198,0.342318,0.859852
608,5.066667,0.359202,0.342313,0.859076
609,5.075000,0.359198,0.342331,0.858240
610,5.083333,0.359227,0.342336,0.857360
611,5.091667,0.359257,0.342342,0.856503
612,5.100000,0.359261,0.342355,0.855670
613,5.108333,0.359238,0.342364,0.854895
614,5.116667,0.359211,0.342361,0.854139
615,5.125000,0.359206,0.342348,0.853413
616,5.133333,0.359225,0.342327,0.852689
617,5.141667,0.359216,0.342321,0.851922
618,5.150000,0.359245,0.342323,0.851099
619,5.158333,0.359242,0.342311,0.850240
620,5.166667,0.359244,0.342327,0.849356
621,5.175000,0.359244,0.342353,0.848459
622,5.183333,0.359262,0.342352,0.847594
623,5.191667,0.359285,0.342349,0.846802
624,5.200000,0.359284,0.342332,0.846054
625,5.208333,0.359294,0.342334,0.845307
626,5.216667,0.359280,0.342320,0.844576
627,5.225000,0.359262,0.342308,0.843822
628,5.233333,0.359261,0.342292,0.843027
629,5.241667,0.359275,0.342297,0.842207
630,5.250000,0.359305,0.342282,0.841365
631,5.258333,0.359322,0.342289,0.840512
632,5.266667,0.359308,0.342301,0.839637
633,5.275000,0.359295,0.342309,0.838769
634,5.283333,0.359298,0.342308,0.837915
635,5.291667,0.359317,0.342310,0.837040
636,5.300000,0.359326,0.342321,0.836172
637,5.308333,0.359348,0.342317,0.835289
638,5.316667,0.359338,0.342306,0.834448
639,5.325000,0.359296,0.342317,0.833640
640,5.333333,0.359293,0.342310,0.832846
641,5.341667,0.359303,0.342306,0.832052
642,5.350000,0.359309,0.342281,0.831278
643,5.358333,0.359309,0.342285,0.830492
644,5.366667,0.359292,0.342305,0.829672
645,5.375000,0.359302,0.342276,0.828851
646,5.383333,0.359309,0.342274,0.828019
647,5.391667,0.359329,0.342287,0.827190
648,5.400000,0.359345,0.342272,0.826337
649,5.408333,0.359371,0.342286,0.825494
650,5.416667,0.359356,0.342295,0.824631
651,5.425000,0.359317,0.342311,0.823791
652,5.433333,0.359303,0.342297,0.822943
653,5.441667,0.359326,0.342294,0.822135
654,5.450000,0.359336,0.342297,0.821361
655,5.458333,0.359372,0.342273,0.820561
656,5.466667,0.359368,0.342262,0.819778
657,5.475000,0.359346,0.342273,0.818998
658,5.483333,0.359341,0.342283,0.818223
659,5.491667,0.359357,0.342279,0.817441
660,5.500000,0.359390,0.342279,0.816703
661,5.508333,0.359417,0.342258,0.815956
662,5.516667,0.359412,0.342264,0.815210
663,5.525000,0.359410,0.342251,0.814465
664,5.533333,0.359413,0.342244,0.813691
665,5.541667,0.359388,0.342244,0.812931
666,5.550000,0.359399,0.342248,0.812191
667,5.558333,0.359408,0.342225,0.811409
668,5.566667,0.359426,0.342223,0.810602
669,5.575000,0.359418,0.342229,0.809792
670,5.583333,0.359422,0.342260,0.808966
671,5.591667,0.359413,0.342251,0.808127
672,5.600000,0.359415,0.342263,0.807326
673,5.608333,0.359432,0.342265,0.806591
674,5.616667,0.359463,0.342240,0.805904
675,5.625000,0.359476,0.342208,0.805253
676,5.633333,0.359491,0.342186,0.804583
677,5.641667,0.359470,0.342193,0.803896
678,5.650000,0.359448,0.342215,0.803219
679,5.658333,0.359439,0.342209,0.802481
680,5.666667,0.359460,0.342187,0.801716
681,5.675000,0.359477,0.342195,0.800955
682,5.683333,0.359499,0.342212,0.800160
683,5.691667,0.359532,0.342203,0.799352
684,5.700000,0.359542,0.342214,0.798591
685,5.708333,0.359524,0.342227,0.797853
686,5.716667,0.359517,0.342206,0.797150
687,5.725000,0.359534,0.342189,0.796475
688,5.733333,0.359551,0.342187,0.795744
689,5.741667,0.359549,0.342206,0.795018
690,5.750000,0.359561,0.342185,0.794268
691,5.758333,0.359570,0.342156,0.793464
692,5.766667,0.359550,0.342157,0.792637
693,5.775000,0.359536,0.342181,0.791815
694,5.783333,0.359555,0.342185,0.790942
695,5.791667,0.359574,0.342187,0.790067
696,5.800000,0.359568,0.342224,0.789251
697,5.808333,0.359562,0.342222,0.788457
698,5.816667,0.359570,0.342217,0.787675
699,5.825000,0.359586,0.342192,0.786914
700,5.833333,0.359603,0.342185,0.786226
701,5.841667,0.359621,0.342173,0.785475
702,5.850000,0.359654,0.342151,0.784706
703,5.858333,0.359659,0.342162,0.783924
704,5.866667,0.359641,0.342195,0.783090
705,5.875000,0.359612,0.342214,0.782241
706,5.883333,0.359638,0.342213,0.781452
707,5.891667,0.359643,0.342218,0.780721
708,5.900000,0.359651,0.342220,0.780014
709,5.908333,0.359676,0.342187,0.779335
710,5.916667,0.359698,0.342157,0.778618
711,5.925000,0.359681,0.342167,0.777913
712,5.933333,0.359677,0.342170,0.777184
713,5.941667,0.359686,0.342177,0.776376
714,5.950000,0.359698,0.342178,0.775573
715,5.958333,0.359697,0.342207,0.774804
716,5.966667,0.359695,0.342232,0.774051
717,5.975000,0.359705,0.342200,0.773356
718,5.983333,0.359699,0.342164,0.772745
719,5.991667,0.359707,0.342178,0.772113
720,6.000000,0.359719,0.342161,0.771506
721,6.008333,0.359739,0.342143,0.770835
722,6.016667,0.359762,0.342107,0.770114
723,6.025000,0.359771,0.342144,0.769332
724,6.033333,0.359750,0.342182,0.768515
725,6.041667,0.359752,0.342204,0.767746
726,6.050000,0.359758,0.342201,0.767023
727,6.058333,0.359739,0.342204,0.766387
728,6.066667,0.359748,0.342199,0.765814
729,6.075000,0.359742,0.342163,0.765278
730,6.083333,0.359760,0.342123,0.764751
731,6.091667,0.359775,0.342109,0.764186
732,6.100000,0.359760,0.342115,0.763584
733,6.108333,0.359736,0.342139,0.762860
734,6.116667,0.359740,0.342144,0.762105
735,6.125000,0.359746,0.342157,0.761318
736,6.133333,0.359750,0.342188,0.760556
737,6.141667,0.359765,0.342208,0.759909
738,6.150000,0.359776,0.342178,0.759259
739,6.158333,0.359786,0.342163,0.758725
740,6.166667,0.359778,0.342159,0.758204
741,6.175000,0.359765,0.342135,0.757689
742,6.183333,0.359768,0.342118,0.757126
743,6.191667,0.359778,0.342104,0.756487
744,6.200000,0.359798,0.342118,0.755738
745,6.208333,0.359805,0.342163,0.755007
746,6.216667,0.359804,0.342205,0.754295
747,6.225000,0.359805,0.342205,0.753633
748,6.233333,0.359813,0.342184,0.753081
749,6.241667,0.359821,0.342156,0.752596
750,6.250000,0.359841,0.342145,0.752156
751,6.258333,0.359863,0.342095,0.751706
752,6.266667,0.359890,0.342087,0.751110
753,6.275000,0.359915,0.342067,0.750450
754,6.283333,0.359910,0.342098,0.749713
755,6.291667,0.359890,0.342158,0.748904
756,6.300000,0.359884,0.342157,0.748105
757,6.308333,0.359885,0.342176,0.747353
758,6.316667,0.359891,0.342194,0.746679
759,6.325000,0.359908,0.342178,0.746158
760,6.333333,0.359940,0.342177,0.745638
761,6.341667,0.359965,0.342096,0.745157
762,6.350000,0.359994,0.342081,0.744655
763,6.358333,0.360005,0.342085,0.744078
764,6.366667,0.359998,0.342088,0.743417
765,6.375000,0.360013,0.342113,0.742680
766,6.383333,0.360020,0.342125,0.741877
767,6.391667,0.360023,0.342175,0.741155
768,6.400000,0.360009,0.342189,0.740507
769,6.408333,0.359996,0.342161,0.739901
770,6.416667,0.360004,0.342121,0.739340
771,6.425000,0.359983,0.342099,0.738817
772,6.433333,0.359987,0.342106,0.738237
773,6.441667,0.359980,0.342111,0.737590
774,6.450000,0.360005,0.342094,0.736916
775,6.458333,0.360010,0.342127,0.736153
776,6.466667,0.360012,0.342169,0.735420
777,6.475000,0.360007,0.342195,0.734720
778,6.483333,0.359999,0.342178,0.734098
779,6.491667,0.360010,0.342172,0.733570
780,6.500000,0.360024,0.342151,0.733135
781,6.508333,0.360016,0.342130,0.732675
782,6.516667,0.360022,0.342108,0.732254
783,6.525000,0.360038,0.342106,0.731709
784,6.533333,0.360045,0.342074,0.731126
785,6.541667,0.360047,0.342099,0.730480
786,6.550000,0.360030,0.342146,0.729832
787,6.558333,0.360008,0.342177,0.729163
788,6.566667,0.360026,0.342160,0.728650
789,6.575000,0.360026,0.342169,0.728127
790,6.583333,0.360015,0.342146,0.727789
791,6.591667,0.360026,0.342135,0.727457
792,6.600000,0.360041,0.342123,0.727101
793,6.608333,0.360048,0.342114,0.726733
794,6.616667,0.360044,0.342119,0.726308
795,6.625000,0.360055,0.342099,0.725817
796,6.633333,0.360070,0.342118,0.725335
797,6.641667,0.360062,0.342133,0.724862
798,6.650000,0.360063,0.342170,0.724416
799,6.658333,0.360078,0.342160,0.724076
800,6.666667,0.360095,0.342153,0.723751
801,6.675000,0.360109,0.342125,0.723451
802,6.683333,0.360109,0.342091,0.723178
803,6.691667,0.360117,0.342088,0.722859
804,6.700000,0.360100,0.342105,0.722452
805,6.708333,0.360081,0.342119,0.722014
806,6.716667,0.360074,0.342140,0.721561
807,6.725000,0.360067,0.342167,0.721060
808,6.733333,0.360066,0.342168,0.720620
809,6.741667,0.360074,0.342152,0.720229
810,6.750000,0.360092,0.342157,0.719864
811,6.758333,0.360107,0.342133,0.719611
812,6.766667,0.360123,0.342117,0.719377
813,6.775000,0.360127,0.342103,0.719064
814,6.783333,0.360126,0.342091,0.718691
815,6.791667,0.360144,0.342083,0.718269
816,6.800000,0.360158,0.342068,0.717693
817,6.808333,0.360143,0.342080,0.717063
818,6.816667,0.360132,0.342126,0.716371
819,6.825000,0.360117,0.342139,0.715712
820,6.833333,0.360117,0.342170,0.715034
821,6.841667,0.360144,0.342176,0.714485
822,6.850000,0.360137,0.342171,0.714000
823,6.858333,0.360131,0.342153,0.713601
824,6.866667,0.360128,0.342163,0.713218
825,6.875000,0.360109,0.342140,0.712865
826,6.883333,0.360112,0.342120,0.712505
827,6.891667,0.360086,0.342107,0.712137
828,6.900000,0.360081,0.342114,0.711740
829,6.908333,0.360078,0.342123,0.711392
830,6.916667,0.360064,0.342137,0.711096
831,6.925000,0.360071,0.342150,0.710793
832,6.933333,0.360091,0.342157,0.710560
833,6.941667,0.360109,0.342134,0.710410
834,6.950000,0.360137,0.342126,0.710290
835,6.958333,0.360140,0.342103,0.710176
836,6.966667,0.360160,0.342108,0.710056
837,6.975000,0.360177,0.342108,0.709913
838,6.983333,0.360191,0.342116,0.709759
839,6.991667,0.360199,0.342115,0.709623
840,7.000000,0.360201,0.342122,0.709516
841,7.008333,0.360193,0.342104,0.709446
842,7.016667,0.360188,0.342100,0.709391
843,7.025000,0.360167,0.342093,0.709320
844,7.033333,0.360168,0.342096,0.709234
845,7.041667,0.360162,0.342102,0.709133
846,7.050000,0.360166,0.342124,0.709053
847,7.058333,0.360156,0.342133,0.709033
848,7.066667,0.360150,0.342119,0.709073
849,7.075000,0.360156,0.342098,0.709159
850,7.083333,0.360163,0.342084,0.709261
851,7.091667,0.360159,0.342067,0.709344
852,7.100000,0.360155,0.342074,0.709376
853,7.108333,0.360152,0.342076,0.709354
854,7.116667,0.360156,0.342076,0.709279
855,7.125000,0.360147,0.342092,0.709174
856,7.133333,0.360167,0.342104,0.709075
857,7.141667,0.360172,0.342112,0.708997
858,7.150000,0.360198,0.342114,0.708947
859,7.158333,0.360214,0.342116,0.708917
860,7.166667,0.360216,0.342107,0.708914
861,7.175000,0.360223,0.342094,0.708926
862,7.183333,0.360228,0.342094,0.708932
863,7.191667,0.360234,0.342097,0.708941
864,7.200000,0.360232,0.342093,0.708924
865,7.208333,0.360235,0.342100,0.708907
866,7.216667,0.360231,0.342099,0.708881
867,7.225000,0.360239,0.342096,0.708844
868,7.233333,0.360252,0.342092,0.708798
869,7.241667,0.360243,0.342093,0.708740
870,7.250000,0.360251,0.342089,0.708651
871,7.258333,0.360251,0.342089,0.708504
872,7.266667,0.360252,0.342091,0.708328
873,7.275000,0.360251,0.342105,0.708106
874,7.283333,0.360243,0.342111,0.707863
875,7.291667,0.360234,0.342109,0.707618
876,7.300000,0.360216,0.342102,0.707365
877,7.308333,0.360180,0.342100,0.707083
878,7.316667,0.360167,0.342086,0.706822
879,7.325000,0.360136,0.342065,0.706552
880,7.333333,0.360116,0.342048,0.706239
881,7.341667,0.360092,0.342078,0.705859
882,7.350000,0.360077,0.342079,0.705502
883,7.358333,0.360079,0.342112,0.705066
884,7.366667,0.360076,0.342111,0.704617
885,7.375000,0.360115,0.342116,0.704192
886,7.383333,0.360134,0.342112,0.703767
887,7.391667,0.360168,0.342107,0.703399
888,7.400000,0.360174,0.342113,0.703101
889,7.408333,0.360183,0.342117,0.702819
890,7.416667,0.360189,0.342104,0.702524
891,7.425000,0.360201,0.342078,0.702220
892,7.433333,0.360213,0.342065,0.701897
893,7.441667,0.360233,0.342054,0.701504
894,7.450000,0.360255,0.342072,0.701033
895,7.458333,0.360295,0.342096,0.700580
896,7.466667,0.360311,0.342123,0.700056
897,7.475000,0.360321,0.342150,0.699617
898,7.483333,0.360340,0.342138,0.699211
899,7.491667,0.360352,0.342109,0.698862
900,7.500000,0.360348,0.342091,0.698592
901,7.508333,0.360332,0.342061,0.698355
902,7.516667,0.360309,0.342033,0.698105
903,7.525000,0.360280,0.342035,0.697784
904,7.533333,0.360254,0.342050,0.697394
905,7.541667,0.360233,0.342041,0.696947
906,7.550000,0.360244,0.342068,0.696395
907,7.558333,0.360277,0.342091,0.695902
908,7.566667,0.360290,0.342129,0.695392
909,7.575000,0.360294,0.342123,0.694982
910,7.583333,0.360305,0.342124,0.694614
911,7.591667,0.360322,0.342102,0.694267
912,7.600000,0.360346,0.342076,0.693939
913,7.608333,0.360346,0.342038,0.693603
914,7.616667,0.360330,0.342030,0.693200
915,7.625000,0.360323,0.342068,0.692743
916,7.633333,0.360306,0.342085,0.692301
917,7.641667,0.360306,0.342119,0.691772
918,7.650000,0.360322,0.342113,0.691373
919,7.658333,0.360342,0.342120,0.691017
920,7.666667,0.360357,0.342112,0.690706
921,7.675000,0.360363,0.342088,0.690468
922,7.683333,0.360372,0.342063,0.690232
923,7.691667,0.360363,0.342045,0.689965
924,7.700000,0.360353,0.342047,0.689639
925,7.708333,0.360343,0.342054,0.689255
926,7.716667,0.360318,0.342055,0.688846
927,7.725000,0.360295,0.342048,0.688370
928,7.733333,0.360294,0.342057,0.687917
929,7.741667,0.360292,0.342051,0.687472
930,7.750000,0.360298,0.342059,0.686962
931,7.758333,0.360334,0.342053,0.686493
932,7.766667,0.360354,0.342052,0.685947
933,7.775000,0.360364,0.342032,0.685434
934,7.783333,0.360350,0.342036,0.684854
935,7.791667,0.360339,0.342057,0.684285
936,7.800000,0.360317,0.342052,0.683660
937,7.808333,0.360323,0.342055,0.683077
938,7.816667,0.360320,0.342071,0.682444
939,7.825000,0.360329,0.342070,0.681897
940,7.833333,0.360326,0.342087,0.681317
941,7.841667,0.360324,0.342063,0.680781
942,7.850000,0.360327,0.342033,0.680190
943,7.858333,0.360341,0.342030,0.679612
944,7.866667,0.360330,0.342028,0.678984
945,7.875000,0.360354,0.342033,0.678361
946,7.883333,0.360397,0.342043,0.677681
947,7.891667,0.360424,0.342046,0.677067
948,7.900000,0.360424,0.342062,0.676394
949,7.908333,0.360425,0.342050,0.675759
950,7.916667,0.360423,0.342037,0.675083
951,7.925000,0.360400,0.342025,0.674461
952,7.933333,0.360403,0.342029,0.673765
953,7.941667,0.360417,0.342042,0.673079
954,7.950000,0.360448,0.342021,0.672393
955,7.958333,0.360455,0.342026,0.671671
956,7.966667,0.360463,0.342025,0.670973
957,7.975000,0.360483,0.342025,0.670202
958,7.983333,0.360490,0.342016,0.669424
959,7.991667,0.360524,0.342014,0.668693
960,8.000000,0.360531,0.342030,0.667900
961,8.008333,0.360538,0.342031,0.667144
962,8.016667,0.360516,0.342021,0.666411
963,8.025000,0.360494,0.342005,0.665654
964,8.033333,0.360490,0.341982,0.664949
965,8.041667,0.360500,0.342003,0.664179
966,8.050000,0.360520,0.342025,0.663364
967,8.058333,0.360537,0.342005,0.662600
968,8.066667,0.360531,0.342005,0.661781
969,8.075000,0.360506,0.342011,0.660973
970,8.083333,0.360515,0.341985,0.660222
971,8.091667,0.360543,0.341992,0.659422
972,8.100000,0.360571,0.342029,0.658631
973,8.108333,0.360582,0.342016,0.657904
974,8.116667,0.360574,0.341994,0.657126
975,8.125000,0.360563,0.341978,0.656353
976,8.133333,0.360576,0.341964,0.655576
977,8.141667,0.360585,0.341991,0.654728
978,8.150000,0.360588,0.342014,0.653903
979,8.158333,0.360573,0.342005,0.653146
980,8.166667,0.360570,0.341994,0.652343
981,8.175000,0.360558,0.341978,0.651564
982,8.183333,0.360587,0.341963,0.650808
983,8.191667,0.360599,0.341956,0.649977
984,8.200000,0.360593,0.341991,0.649130
985,8.208333,0.360586,0.341991,0.648325
986,8.216667,0.360586,0.341996,0.647515
987,8.225000,0.360600,0.341986,0.646746
988,8.233333,0.360628,0.341956,0.646031
989,8.241667,0.360639,0.341956,0.645243
990,8.250000,0.360636,0.341980,0.644458
991,8.258333,0.360631,0.341973,0.643674
992,8.266667,0.360627,0.341971,0.642860
993,8.275000,0.360625,0.341956,0.642067
994,8.283333,0.360629,0.341942,0.641276
995,8.291667,0.360619,0.341955,0.640429
996,8.300000,0.360595,0.341989,0.639602
997,8.308333,0.360582,0.341973,0.638841
998,8.316667,0.360601,0.341959,0.638066
999,8.325000,0.360610,0.341935,0.637339
1000,8.333333,0.360610,0.341927,0.636570
1001,8.341667,0.360605,0.341913,0.635747
1002,8.350000,0.360616,0.341944,0.634941
1003,8.358333,0.360630,0.341951,0.634118
1004,8.366667,0.360646,0.341963,0.633276
1005,8.375000,0.360662,0.341936,0.632480
1006,8.383333,0.360643,0.341946,0.631715
1007,8.391667,0.360636,0.341951,0.630906
1008,8.400000,0.360659,0.341947,0.630196
1009,8.408333,0.360664,0.341940,0.629482
1010,8.416667,0.360669,0.341930,0.628768
1011,8.425000,0.360679,0.341917,0.628060
1012,8.433333,0.360674,0.341901,0.627276
1013,8.441667,0.360649,0.341913,0.626503
1014,8.450000,0.360679,0.341919,0.625676
1015,8.458333,0.360693,0.341942,0.624819
1016,8.466667,0.360702,0.341927,0.623984
1017,8.475000,0.360685,0.341922,0.623168
1018,8.483333,0.360635,0.341926,0.622309
1019,8.491667,0.360605,0.341939,0.621450
1020,8.500000,0.360639,0.341941,0.620618
1021,8.508333,0.360640,0.341929,0.619761
1022,8.516667,0.360631,0.341933,0.618887
1023,8.525000,0.360627,0.341915,0.618009
1024,8.533333,0.360625,0.341928,0.617116
1025,8.541667,0.360645,0.341958,0.616169
1026,8.550000,0.360635,0.341977,0.615243
1027,8.558333,0.360593,0.341993,0.614424
1028,8.566667,0.360558,0.341970,0.613648
1029,8.575000,0.360588,0.341938,0.612871
1030,8.583333,0.360608,0.341911,0.612153
1031,8.591667,0.360630,0.341922,0.611362
1032,8.600000,0.360624,0.341933,0.610489
1033,8.608333,0.360619,0.341945,0.609678
1034,8.616667,0.360638,0.341931,0.608789
1035,8.625000,0.360655,0.341930,0.607894
1036,8.633333,0.360647,0.341960,0.607038
1037,8.641667,0.360660,0.341961,0.606198
1038,8.650000,0.360653,0.341954,0.605349
1039,8.658333,0.360644,0.341954,0.604547
1040,8.666667,0.360654,0.341928,0.603742
1041,8.675000,0.360655,0.341890,0.602859
1042,8.683333,0.360614,0.341945,0.601970
1043,8.691667,0.360636,0.341947,0.601062
1044,8.700000,0.360645,0.341957,0.600169
1045,8.708333,0.360635,0.341961,0.599257
1046,8.716667,0.360624,0.341951,0.598368
1047,8.725000,0.360612,0.341960,0.597584
1048,8.733333,0.360631,0.341966,0.596773
1049,8.741667,0.360665,0.341950,0.595971
1050,8.750000,0.360664,0.341929,0.595214
1051,8.758333,0.360648,0.341928,0.594353
1052,8.766667,0.360622,0.341901,0.593434
1053,8.775000,0.360625,0.341933,0.592522
1054,8.783333,0.360657,0.341964,0.591566
1055,8.791667,0.360657,0.341981,0.590597
1056,8.800000,0.360627,0.342002,0.589673
1057,8.808333,0.360650,0.341954,0.588803
1058,8.816667,0.360667,0.341960,0.587990
1059,8.825000,0.360694,0.341962,0.587120
1060,8.833333,0.360709,0.341923,0.586268
1061,8.841667,0.360673,0.341935,0.585445
1062,8.850000,0.360652,0.341920,0.584517
1063,8.858333,0.360665,0.341910,0.583534
1064,8.866667,0.360694,0.341947,0.582527
1065,8.875000,0.360717,0.341945,0.581494
1066,8.883333,0.360709,0.341970,0.580511
1067,8.891667,0.360737,0.341946,0.579507
1068,8.900000,0.360738,0.341947,0.578526
1069,8.908333,0.360738,0.341975,0.577595
1070,8.916667,0.360766,0.341924,0.576700
1071,8.925000,0.360760,0.341913,0.575795
1072,8.933333,0.360787,0.341866,0.574809
1073,8.941667,0.360776,0.341869,0.573786
1074,8.950000,0.360774,0.341882,0.572694
1075,8.958333,0.360798,0.341907,0.571580
1076,8.966667,0.360799,0.341903,0.570476
1077,8.975000,0.360785,0.341886,0.569385
1078,8.983333,0.360783,0.341897,0.568329
1079,8.991667,0.360829,0.341892,0.567300
1080,9.000000,0.360819,0.341895,0.566337
1081,9.008333,0.360858,0.341814,0.565372
1082,9.016667,0.360855,0.341813,0.564425
1083,9.025000,0.360892,0.341813,0.563373
1084,9.033333,0.360907,0.341845,0.562250
1085,9.041667,0.360909,0.341841,0.561100
1086,9.050000,0.360907,0.341852,0.559938
1087,9.058333,0.360936,0.341873,0.558781
1088,9.066667,0.360938,0.341912,0.557648
1089,9.075000,0.360918,0.341916,0.556618
1090,9.083333,0.360929,0.341864,0.555669
1091,9.091667,0.360921,0.341869,0.554757
1092,9.100000,0.360945,0.341823,0.553781
1093,9.108333,0.360943,0.341857,0.552845
1094,9.116667,0.360959,0.341839,0.551868
1095,9.125000,0.360957,0.341840,0.550849
1096,9.133333,0.360947,0.341850,0.549784
1097,9.141667,0.360984,0.341864,0.548650
1098,9.150000,0.360991,0.341918,0.547560
1099,9.158333,0.361002,0.341897,0.546534
1100,9.166667,0.360972,0.341899,0.545610
1101,9.175000,0.360987,0.341850,0.544677
1102,9.183333,0.360998,0.341871,0.543743
1103,9.191667,0.361018,0.341857,0.542813
1104,9.200000,0.361024,0.341848,0.541883
1105,9.208333,0.360989,0.341846,0.540934
1106,9.216667,0.361000,0.341807,0.539897
1107,9.225000,0.361003,0.341872,0.538844
1108,9.233333,0.361045,0.341850,0.537754
1109,9.241667,0.361033,0.341890,0.536764
1110,9.250000,0.361019,0.341857,0.535801
1111,9.258333,0.361001,0.341854,0.534865
1112,9.266667,0.360995,0.341891,0.533962
1113,9.275000,0.361043,0.341848,0.533101
1114,9.283333,0.361052,0.341857,0.532276
1115,9.291667,0.361063,0.341838,0.531411
1116,9.300000,0.361052,0.341816,0.530583
1117,9.308333,0.361039,0.341821,0.529735
1118,9.316667,0.361071,0.341830,0.528790
1119,9.325000,0.361055,0.341861,0.527892
1120,9.333333,0.361055,0.341855,0.527012
1121,9.341667,0.361043,0.341827,0.526092
1122,9.350000,0.361030,0.341835,0.525208
1123,9.358333,0.361042,0.341817,0.524297
1124,9.366667,0.361053,0.341849,0.523402
1125,9.375000,0.361054,0.341847,0.522423
1126,9.383333,0.361067,0.341828,0.521440
1127,9.391667,0.361058,0.341835,0.520456
1128,9.400000,0.361068,0.341833,0.519421
1129,9.408333,0.361070,0.341897,0.518412
1130,9.416667,0.361079,0.341892,0.517413
1131,9.425000,0.361077,0.341888,0.516515
1132,9.433333,0.361081,0.341849,0.515713
1133,9.441667,0.361084,0.341835,0.514899
1134,9.450000,0.361099,0.341853,0.514133
1135,9.458333,0.361138,0.341860,0.513368
1136,9.466667,0.361117,0.341857,0.512580
1137,9.475000,0.361113,0.341850,0.511857
1138,9.483333,0.361122,0.341815,0.511006
1139,9.491667,0.361120,0.341836,0.510187
1140,9.500000,0.361130,0.341845,0.509367
1141,9.508333,0.361153,0.341856,0.508514
1142,9.516667,0.361125,0.341887,0.507739
1143,9.525000,0.361132,0.341868,0.506994
1144,9.533333,0.361155,0.341843,0.506226
1145,9.541667,0.361156,0.341839,0.505558
1146,9.550000,0.361171,0.341830,0.504861
1147,9.558333,0.361188,0.341836,0.504171
1148,9.566667,0.361199,0.341875,0.503496
1149,9.575000,0.361206,0.341849,0.502874
1150,9.583333,0.361217,0.341828,0.502200
1151,9.591667,0.361216,0.341819,0.501567
1152,9.600000,0.361201,0.341816,0.500917
1153,9.608333,0.361216,0.341791,0.500209
1154,9.616667,0.361234,0.341805,0.499519
1155,9.625000,0.361227,0.341819,0.498772
1156,9.633333,0.361250,0.341839,0.498023
1157,9.641667,0.361230,0.341847,0.497257
1158,9.650000,0.361223,0.341841,0.496591
1159,9.658333,0.361235,0.341817,0.495868
1160,9.666667,0.361259,0.341817,0.495206
1161,9.675000,0.361263,0.341823,0.494563
1162,9.683333,0.361264,0.341817,0.493914
1163,9.691667,0.361278,0.341827,0.493236
1164,9.700000,0.361276,0.341833,0.492596
1165,9.708333,0.361292,0.341804,0.491896
1166,9.716667,0.361313,0.341806,0.491195
1167,9.725000,0.361299,0.341799,0.490507
1168,9.733333,0.361286,0.341846,0.489803
1169,9.741667,0.361287,0.341861,0.489138
1170,9.750000,0.361285,0.341867,0.488561
1171,9.758333,0.361308,0.341870,0.488045
1172,9.766667,0.361334,0.341826,0.487585
1173,9.775000,0.361346,0.341798,0.487091
1174,9.783333,0.361352,0.341767,0.486616
1175,9.791667,0.361344,0.341774,0.486013
1176,9.800000,0.361327,0.341747,0.485375
1177,9.808333,0.361348,0.341784,0.484651
1178,9.816667,0.361372,0.341828,0.483927
1179,9.825000,0.361391,0.341850,0.483221
1180,9.833333,0.361404,0.341831,0.482598
1181,9.841667,0.361381,0.341836,0.481999
1182,9.850000,0.361374,0.341799,0.481479
1183,9.858333,0.361377,0.341765,0.480903
1184,9.866667,0.361391,0.341727,0.480344
1185,9.875000,0.361407,0.341734,0.479659
1186,9.883333,0.361429,0.341754,0.478906
1187,9.891667,0.361412,0.341795,0.478044
1188,9.900000,0.361405,0.341801,0.477210
1189,9.908333,0.361411,0.341795,0.476368
1190,9.916667,0.361391,0.341814,0.475540
1191,9.925000,0.361378,0.341825,0.474765
1192,9.933333,0.361393,0.341827,0.474059
1193,9.941667,0.361404,0.341799,0.473405
1194,9.950000,0.361460,0.341780,0.472701
1195,9.958333,0.361462,0.341758,0.471990
1196,9.966667,0.361464,0.341738,0.471235
1197,9.975000,0.361451,0.341741,0.470355
1198,9.983333,0.361474,0.341771,0.469438
1199,9.991667,0.361503,0.341809,0.468500
1200,10.000000,0.361484,0.341832,0.467568
1201,10.008333,0.361466,0.341829,0.466712
1202,10.016667,0.361467,0.341800,0.465945
1203,10.025000,0.361465,0.341788,0.465180
1204,10.033333,0.361471,0.341784,0.464431
1205,10.041667,0.361487,0.341779,0.463641
1206,10.050000,0.361498,0.341775,0.462831
1207,10.058333,0.361540,0.341763,0.461955
1208,10.066667,0.361545,0.341767,0.461025
1209,10.075000,0.361542,0.341788,0.460068
1210,10.083333,0.361554,0.341819,0.459145
1211,10.091667,0.361599,0.341840,0.458258
1212,10.100000,0.361615,0.341828,0.457403
1213,10.108333,0.361602,0.341801,0.456659
1214,10.116667,0.361590,0.341753,0.455896
1215,10.125000,0.361621,0.341753,0.455109
1216,10.133333,0.361659,0.341726,0.454246
1217,10.141667,0.361682,0.341763,0.453290
1218,10.150000,0.361656,0.341797,0.452269
1219,10.158333,0.361662,0.341804,0.451245
1220,10.166667,0.361673,0.341807,0.450214
1221,10.175000,0.361662,0.341841,0.449231
1222,10.183333,0.361660,0.341859,0.448345
1223,10.191667,0.361678,0.341830,0.447548
1224,10.200000,0.361672,0.341798,0.446827
1225,10.208333,0.361645,0.341784,0.446130
1226,10.216667,0.361571,0.341743,0.445429
1227,10.225000,0.361582,0.341748,0.444639
1228,10.233333,0.361612,0.341721,0.443769
1229,10.241667,0.361633,0.341762,0.442855
1230,10.250000,0.361613,0.341792,0.441870
1231,10.258333,0.361628,0.341811,0.440909
1232,10.266667,0.361637,0.341797,0.439952
1233,10.275000,0.361628,0.341821,0.439061
1234,10.283333,0.361635,0.341835,0.438231
1235,10.291667,0.361688,0.341819,0.437478
1236,10.300000,0.361694,0.341813,0.436794
1237,10.308333,0.361692,0.341767,0.436134
1238,10.316667,0.361669,0.341754,0.435420
1239,10.325000,0.361653,0.341754,0.434663
1240,10.333333,0.361679,0.341745,0.433861
1241,10.341667,0.361664,0.341766,0.433022
1242,10.350000,0.361643,0.341803,0.432146
1243,10.358333,0.361630,0.341803,0.431273
1244,10.366667,0.361649,0.341827,0.430483
1245,10.375000,0.361672,0.341790,0.429744
1246,10.383333,0.361695,0.341794,0.429025
1247,10.391667,0.361698,0.341798,0.428327
1248,10.400000,0.361723,0.341776,0.427645
1249,10.408333,0.361754,0.341789,0.426966
1250,10.416667,0.361749,0.341790,0.426235
1251,10.425000,0.361738,0.341770,0.425503
1252,10.433333,0.361706,0.341791,0.424757
1253,10.441667,0.361727,0.341803,0.423998
1254,10.450000,0.361754,0.341801,0.423285
1255,10.458333,0.361746,0.341806,0.422615
1256,10.466667,0.361758,0.341815,0.421952
1257,10.475000,0.361744,0.341778,0.421324
1258,10.483333,0.361734,0.341784,0.420695
1259,10.491667,0.361765,0.341766,0.420013
1260,10.500000,0.361780,0.341744,0.419315
1261,10.508333,0.361782,0.341780,0.418555
1262,10.516667,0.361760,0.341809,0.417772
1263,10.525000,0.361764,0.341826,0.417021
1264,10.533333,0.361766,0.341844,0.416334
1265,10.541667,0.361783,0.341830,0.415681
1266,10.550000,0.361789,0.341812,0.415116
1267,10.558333,0.361788,0.341811,0.414586
1268,10.566667,0.361815,0.341775,0.414083
1269,10.575000,0.361839,0.341757,0.413528
1270,10.583333,0.361851,0.341768,0.412987
1271,10.591667,0.361857,0.341788,0.412375
1272,10.600000,0.361864,0.341790,0.411730
1273,10.608333,0.361837,0.341813,0.411081
1274,10.616667,0.361823,0.341843,0.410454
1275,10.625000,0.361851,0.341820,0.409854
1276,10.633333,0.361890,0.341818,0.409327
1277,10.641667,0.361888,0.341808,0.408890
1278,10.650000,0.361882,0.341795,0.408454
1279,10.658333,0.361881,0.341780,0.408043
1280,10.666667,0.361874,0.341770,0.407583
1281,10.675000,0.361865,0.341800,0.407096
1282,10.683333,0.361865,0.341821,0.406583
1283,10.691667,0.361889,0.341835,0.406037
1284,10.700000,0.361898,0.341842,0.405546
1285,10.708333,0.361910,0.341852,0.405124
1286,10.716667,0.361906,0.341842,0.404811
1287,10.725000,0.361923,0.341815,0.404543
1288,10.733333,0.361963,0.341795,0.404308
1289,10.741667,0.361994,0.341778,0.404055
1290,10.750000,0.362009,0.341757,0.403745
1291,10.758333,0.362007,0.341770,0.403381
1292,10.766667,0.362003,0.341803,0.402968
1293,10.775000,0.362004,0.341826,0.402564
1294,10.783333,0.362030,0.341859,0.402124
1295,10.791667,0.362033,0.341851,0.401759
1296,10.800000,0.362029,0.341847,0.401483
1297,10.808333,0.362029,0.341830,0.401271
1298,10.816667,0.362032,0.341811,0.401099
1299,10.825000,0.362032,0.341796,0.400891
1300,10.833333,0.362034,0.341781,0.400655
1301,10.841667,0.362049,0.341760,0.400331
1302,10.850000,0.362064,0.341764,0.399919
1303,10.858333,0.362049,0.341779,0.399507
1304,10.866667,0.362051,0.341817,0.399038
1305,10.875000,0.362053,0.341828,0.398625
1306,10.883333,0.362062,0.341824,0.398230
1307,10.891667,0.362071,0.341821,0.397841
1308,10.900000,0.362069,0.341797,0.397528
1309,10.908333,0.362061,0.341795,0.397229
1310,10.916667,0.362071,0.341798,0.396861
1311,10.925000,0.362093,0.341773,0.396451
1312,10.933333,0.362123,0.341765,0.396000
1313,10.941667,0.362130,0.341794,0.395524
1314,10.950000,0.362139,0.341808,0.395049
1315,10.958333,0.362140,0.341822,0.394564
1316,10.966667,0.362148,0.341815,0.394099
1317,10.975000,0.362127,0.341827,0.393664
1318,10.983333,0.362131,0.341838,0.393323
1319,10.991667,0.362135,0.341823,0.392996
1320,11.000000,0.362160,0.341815,0.392621
1321,11.008333,0.362182,0.341782,0.392241
1322,11.016667,0.362214,0.341777,0.391850
1323,11.025000,0.362217,0.341823,0.391416
1324,11.033333,0.362220,0.341839,0.390990
1325,11.041667,0.362229,0.341843,0.390577
1326,11.050000,0.362226,0.341828,0.390205
1327,11.058333,0.362205,0.341812,0.389929
1328,11.066667,0.362209,0.341807,0.389681
1329,11.075000,0.362198,0.341802,0.389460
1330,11.083333,0.362184,0.341782,0.389211
1331,11.091667,0.362187,0.341761,0.388893
1332,11.100000,0.362214,0.341753,0.388439
1333,11.108333,0.362211,0.341767,0.387971
1334,11.116667,0.362206,0.341814,0.387437
1335,11.125000,0.362214,0.341832,0.386886
1336,11.133333,0.362247,0.341833,0.386356
1337,11.141667,0.362255,0.341862,0.385916
1338,11.150000,0.362244,0.341850,0.385569
1339,11.158333,0.362231,0.341836,0.385268
1340,11.166667,0.362235,0.341822,0.384959
1341,11.175000,0.362238,0.341764,0.384640
1342,11.183333,0.362240,0.341771,0.384235
1343,11.191667,0.362226,0.341792,0.383808
1344,11.200000,0.362209,0.341832,0.383333
1345,11.208333,0.362223,0.341840,0.382808
1346,11.216667,0.362248,0.341838,0.382364
1347,11.225000,0.362254,0.341866,0.381963
1348,11.233333,0.362244,0.341871,0.381654
1349,11.241667,0.362244,0.341863,0.381422
1350,11.250000,0.362249,0.341851,0.381230
1351,11.258333,0.362255,0.341823,0.381049
1352,11.266667,0.362250,0.341818,0.380856
1353,11.275000,0.362260,0.341806,0.380617
1354,11.283333,0.362256,0.341812,0.380369
1355,11.291667,0.362255,0.341822,0.380085
1356,11.300000,0.362255,0.341861,0.379811
1357,11.308333,0.362267,0.341860,0.379573
1358,11.316667,0.362281,0.341856,0.379387
1359,11.325000,0.362295,0.341832,0.379251
1360,11.333333,0.362315,0.341815,0.379142
1361,11.341667,0.362325,0.341796,0.379053
1362,11.350000,0.362343,0.341775,0.378945
1363,11.358333,0.362350,0.341767,0.378788
1364,11.366667,0.362363,0.341771,0.378574
1365,11.375000,0.362355,0.341786,0.378314
1366,11.383333,0.362354,0.341818,0.378014
1367,11.391667,0.362347,0.341860,0.377713
1368,11.400000,0.362349,0.341874,0.377499
1369,11.408333,0.362354,0.341865,0.377350
1370,11.416667,0.362351,0.341840,0.377257
1371,11.425000,0.362356,0.341816,0.377206
1372,11.433333,0.362348,0.341791,0.377154
1373,11.441667,0.362348,0.341770,0.377030
1374,11.450000,0.362343,0.341778,0.376835
1375,11.458333,0.362327,0.341811,0.376587
1376,11.466667,0.362314,0.341845,0.376351
1377,11.475000,0.362309,0.341863,0.376149
1378,11.483333,0.362303,0.341884,0.376026
1379,11.491667,0.362309,0.341890,0.375984
1380,11.500000,0.362311,0.341872,0.376017
1381,11.508333,0.362316,0.341840,0.376122
1382,11.516667,0.362322,0.341816,0.376259
1383,11.525000,0.362328,0.341794,0.376378
1384,11.533333,0.362332,0.341772,0.376438
1385,11.541667,0.362330,0.341775,0.376423
1386,11.550000,0.362328,0.341787,0.376345
1387,11.558333,0.362322,0.341810,0.376234
1388,11.566667,0.362327,0.341835,0.376116
1389,11.575000,0.362326,0.341849,0.376050
1390,11.583333,0.362318,0.341852,0.376050
1391,11.591667,0.362326,0.341827,0.376107
1392,11.600000,0.362328,0.341808,0.376211
1393,11.608333,0.362340,0.341788,0.376311
1394,11.616667,0.362343,0.341773,0.376389
1395,11.625000,0.362335,0.341764,0.376408
1396,11.633333,0.362338,0.341773,0.376369
1397,11.641667,0.362341,0.341790,0.376280
1398,11.650000,0.362341,0.341807,0.376187
1399,11.658333,0.362338,0.341824,0.376114
1400,11.666667,0.362337,0.341830,0.376091
1401,11.675000,0.362343,0.341815,0.376113
1402,11.683333,0.362348,0.341804,0.376191
1403,11.691667,0.362346,0.341778,0.376280
1404,11.700000,0.362339,0.341759,0.376353
1405,11.708333,0.362344,0.341747,0.376396
1406,11.716667,0.362339,0.341754,0.376392
1407,11.725000,0.362336,0.341757,0.376352
1408,11.733333,0.362339,0.341766,0.376291
1409,11.741667,0.362337,0.341779,0.376229
1410,11.750000,0.362334,0.341787,0.376193
1411,11.758333,0.362344,0.341787,0.376185
1412,11.766667,0.362345,0.341782,0.376217
1413,11.775000,0.362343,0.341766,0.376275
1414,11.783333,0.362341,0.341755,0.376337
1415,11.791667,0.362347,0.341752,0.376379
1416,11.800000,0.362344,0.341745,0.376388
1417,11.808333,0.362347,0.341748,0.376364
1418,11.816667,0.362338,0.341760,0.376322
1419,11.825000,0.362339,0.341771,0.376268
1420,11.833333,0.362337,0.341782,0.376231
1421,11.841667,0.362335,0.341781,0.376214
1422,11.850000,0.362333,0.341776,0.376234
1423,11.858333,0.362337,0.341767,0.376274
1424,11.866667,0.362341,0.341755,0.376320
1425,11.875000,0.362340,0.341752,0.376360
1426,11.883333,0.362337,0.341747,0.376380
1427,11.891667,0.362335,0.341746,0.376370
1428,11.900000,0.362336,0.341753,0.376338
1429,11.908333,0.362337,0.341763,0.376296
1430,11.916667,0.362337,0.341773,0.376251
1431,11.925000,0.362333,0.341775,0.376232
1432,11.933333,0.362337,0.341768,0.376240
1433,11.941667,0.362331,0.341770,0.376269
1434,11.950000,0.362335,0.341759,0.376307
1435,11.958333,0.362339,0.341748,0.376349
1436,11.966667,0.362340,0.341743,0.376363
1437,11.975000,0.362330,0.341750,0.376363
1438,11.983333,0.362339,0.341759,0.376344
1439,11.991667,0.362337,0.341756,0.376305
1440,12.000000,0.362334,0.341769,0.376274
1441,12.008333,0.362331,0.341768,0.376260
1442,12.016667,0.362331,0.341775,0.376245
1443,12.025000,0.362340,0.341771,0.376264
1444,12.033333,0.362339,0.341762,0.376298
1445,12.041667,0.362331,0.341752,0.376334
1446,12.050000,0.362335,0.341753,0.376354
1447,12.058333,0.362338,0.341751,0.376354
1448,12.066667,0.362331,0.341754,0.376345
1449,12.075000,0.362335,0.341754,0.376321
1450,12.083333,0.362330,0.341761,0.376292
1451,12.091667,0.362334,0.341767,0.376261
1452,12.100000,0.362335,0.341772,0.376257
1453,12.108333,0.362330,0.341769,0.376269
1454,12.116667,0.362336,0.341758,0.376292
1455,12.125000,0.362338,0.341756,0.376319
1456,12.133333,0.362335,0.341754,0.376337
1457,12.141667,0.362339,0.341753,0.376350
1458,12.150000,0.362334,0.341751,0.376346
1459,12.158333,0.362342,0.341753,0.376322
1460,12.166667,0.362333,0.341761,0.376303
1461,12.175000,0.362330,0.341764,0.376279
1462,12.183333,0.362336,0.341765,0.376262
1463,12.191667,0.362333,0.341763,0.376274
1464,12.200000,0.362337,0.341761,0.376292
1465,12.208333,0.362339,0.341756,0.376316
1466,12.216667,0.362337,0.341743,0.376333
1467,12.225000,0.362339,0.341746,0.376344
1468,12.233333,0.362338,0.341743,0.376343
1469,12.241667,0.362336,0.341747,0.376332
1470,12.250000,0.362332,0.341754,0.376307
1471,12.258333,0.362334,0.341764,0.376295
1472,12.266667,0.362331,0.341762,0.376283
1473,12.275000,0.362331,0.341762,0.376281
1474,12.283333,0.362339,0.341759,0.376283
1475,12.291667,0.362332,0.341760,0.376306
1476,12.300000,0.362331,0.341756,0.376328
1477,12.308333,0.362329,0.341749,0.376339
1478,12.316667,0.362331,0.341744,0.376339
1479,12.325000,0.362336,0.341747,0.376330
1480,12.333333,0.362333,0.341756,0.376317
1481,12.341667,0.362330,0.341764,0.376296
1482,12.350000,0.362330,0.341757,0.376282
1483,12.358333,0.362333,0.341757,0.376280
1484,12.366667,0.362329,0.341763,0.376290
1485,12.375000,0.362334,0.341760,0.376305
1486,12.383333,0.362331,0.341750,0.376317
1487,12.391667,0.362331,0.341747,0.376332
1488,12.400000,0.362328,0.341748,0.376339
1489,12.408333,0.362334,0.341755,0.376325
1490,12.416667,0.362337,0.341745,0.376320
1491,12.425000,0.362331,0.341752,0.376305
1492,12.433333,0.362334,0.341759,0.376297
1493,12.441667,0.362331,0.341757,0.376289
1494,12.450000,0.362333,0.341757,0.376291
1495,12.458333,0.362332,0.341758,0.376300
1496,12.466667,0.362333,0.341752,0.376316
1497,12.475000,0.362333,0.341747,0.376322
1498,12.483333,0.362334,0.341747,0.376327
1499,12.491667,0.362333,0.341747,0.376333
1500,12.500000,0.362332,0.341749,0.376325
1501,12.508333,0.362336,0.341753,0.376309
1502,12.516667,0.362334,0.341758,0.376295
1503,12.525000,0.362333,0.341766,0.376288
1504,12.533333,0.362336,0.341758,0.376290
1505,12.541667,0.362329,0.341755,0.376301
1506,12.550000,0.362332,0.341754,0.376315
1507,12.558333,0.362332,0.341755,0.376320
1508,12.566667,0.362329,0.341751,0.376323
1509,12.575000,0.362333,0.341746,0.376324
1510,12.583333,0.362329,0.341747,0.376323
1511,12.591667,0.362334,0.341756,0.376314
1512,12.600000,0.362335,0.341757,0.376295
1513,12.608333,0.362337,0.341760,0.376290
1514,12.616667,0.362334,0.341755,0.376294
1515,12.625000,0.362332,0.341757,0.376299
1516,12.633333,0.362331,0.341752,0.376309
1517,12.641667,0.362336,0.341755,0.376311
1518,12.650000,0.362332,0.341747,0.376318
1519,12.658333,0.362331,0.341751,0.376322
1520,12.666667,0.362332,0.341744,0.376316
1521,12.675000,0.362334,0.341752,0.376306
1522,12.683333,0.362332,0.341757,0.376301
1523,12.691667,0.362333,0.341759,0.376290
1524,12.700000,0.362331,0.341750,0.376288
1525,12.708333,0.362333,0.341755,0.376296
1526,12.716667,0.362328,0.341761,0.376294
1527,12.725000,0.362331,0.341748,0.376299
1528,12.733333,0.362328,0.341746,0.376311
1529,12.741667,0.362333,0.341751,0.376311
1530,12.750000,0.362332,0.341754,0.376304
1531,12.758333,0.362338,0.341748,0.376299
1532,12.766667,0.362333,0.341747,0.376293
1533,12.775000,0.362328,0.341753,0.376287
1534,12.783333,0.362330,0.341757,0.376282
1535,12.791667,0.362334,0.341750,0.376279
1536,12.800000,0.362331,0.341752,0.376289
1537,12.808333,0.362330,0.341750,0.376303
1538,12.816667,0.362331,0.341748,0.376304
1539,12.825000,0.362333,0.341754,0.376300
1540,12.833333,0.362332,0.341748,0.376306
1541,12.841667,0.362330,0.341755,0.376301
1542,12.850000,0.362331,0.341745,0.376292
1543,12.858333,0.362333,0.341747,0.376281
1544,12.866667,0.362330,0.341756,0.376271
1545,12.875000,0.362332,0.341758,0.376277
1546,12.883333,0.362337,0.341752,0.376282
1547,12.891667,0.362329,0.341752,0.376291
1548,12.900000,0.362334,0.341758,0.376297
1549,12.908333,0.362331,0.341752,0.376299
1550,12.916667,0.362332,0.341748,0.376307
1551,12.925000,0.362331,0.341752,0.376301
1552,12.933333,0.362332,0.341748,0.376289
1553,12.941667,0.362333,0.341753,0.376274
1554,12.950000,0.362332,0.341758,0.376261
1555,12.958333,0.362334,0.341759,0.376255
1556,12.966667,0.362328,0.341756,0.376264
1557,12.975000,0.362330,0.341755,0.376262
1558,12.983333,0.362331,0.341751,0.376268
1559,12.991667,0.362327,0.341751,0.376283
1560,13.000000,0.362334,0.341751,0.376288
1561,13.008333,0.362334,0.341753,0.376286
1562,13.016667,0.362331,0.341751,0.376287
1563,13.025000,0.362331,0.341754,0.376273
1564,13.033333,0.362326,0.341753,0.376265
1565,13.041667,0.362332,0.341756,0.376251
1566,13.050000,0.362331,0.341758,0.376243
1567,13.058333,0.362330,0.341757,0.376244
1568,13.066667,0.362328,0.341753,0.376251
1569,13.075000,0.362331,0.341752,0.376261
1570,13.083333,0.362336,0.341743,0.376267
1571,13.091667,0.362333,0.341747,0.376281
1572,13.100000,0.362336,0.341742,0.376288
1573,13.108333,0.362330,0.341743,0.376286
1574,13.116667,0.362330,0.341743,0.376280
1575,13.125000,0.362331,0.341748,0.376270
1576,13.133333,0.362332,0.341748,0.376269
1577,13.141667,0.362329,0.341748,0.376262
1578,13.150000,0.362329,0.341752,0.376260
1579,13.158333,0.362330,0.341749,0.376260
1580,13.166667,0.362329,0.341751,0.376261
1581,13.175000,0.362332,0.341746,0.376274
1582,13.183333,0.362337,0.341740,0.376272
1583,13.191667,0.362328,0.341748,0.376278
1584,13.200000,0.362331,0.341741,0.376281
1585,13.208333,0.362337,0.341743,0.376275
1586,13.216667,0.362334,0.341748,0.376276
1587,13.225000,0.362330,0.341746,0.376273
1588,13.233333,0.362330,0.341747,0.376270
1589,13.241667,0.362332,0.341748,0.376264
1590,13.250000,0.362327,0.341752,0.376269
1591,13.258333,0.362331,0.341742,0.376276
1592,13.266667,0.362334,0.341749,0.376275
1593,13.275000,0.362334,0.341751,0.376274
1594,13.283333,0.362327,0.341750,0.376275
1595,13.291667,0.362329,0.341746,0.376275
1596,13.300000,0.362331,0.341748,0.376276
1597,13.308333,0.362331,0.341753,0.376269
1598,13.316667,0.362329,0.341754,0.376268
1599,13.325000,0.362332,0.341749,0.376264
1600,13.333333,0.362326,0.341750,0.376266
1601,13.341667,0.362326,0.341754,0.376273
1602,13.350000,0.362331,0.341752,0.376276
1603,13.358333,0.362329,0.341747,0.376272
1604,13.366667,0.362336,0.341749,0.376269
1605,13.375000,0.362332,0.341751,0.376272
1606,13.383333,0.362334,0.341751,0.376270
1607,13.391667,0.362330,0.341746,0.376276
1608,13.400000,0.362324,0.341758,0.376277
1609,13.408333,0.362325,0.341750,0.376266
1610,13.416667,0.362329,0.341749,0.376252
1611,13.425000,0.362332,0.341750,0.376246
1612,13.433333,0.362329,0.341754,0.376237
1613,13.441667,0.362319,0.341754,0.376239
1614,13.450000,0.362326,0.341758,0.376226
1615,13.458333,0.362325,0.341755,0.376230
1616,13.466667,0.362328,0.341762,0.376237
1617,13.475000,0.362329,0.341753,0.376243
1618,13.483333,0.362326,0.341751,0.376254
1619,13.491667,0.362328,0.341754,0.376251
1620,13.500000,0.362329,0.341752,0.376254
1621,13.508333,0.362333,0.341750,0.376238
1622,13.516667,0.362329,0.341760,0.376227
1623,13.525000,0.362327,0.341762,0.376216
1624,13.533333,0.362328,0.341759,0.376211
1625,13.541667,0.362331,0.341752,0.376204
1626,13.550000,0.362325,0.341756,0.376207
1627,13.558333,0.362326,0.341761,0.376220
1628,13.566667,0.362329,0.341751,0.376222
1629,13.575000,0.362332,0.341757,0.376220
1630,13.583333,0.362331,0.341750,0.376221
1631,13.591667,0.362329,0.341757,0.376222
1632,13.600000,0.362323,0.341765,0.376209
1633,13.608333,0.362325,0.341761,0.376200
1634,13.616667,0.362325,0.341762,0.376191
1635,13.625000,0.362322,0.341766,0.376181
1636,13.633333,0.362325,0.341763,0.376178
1637,13.641667,0.362327,0.341765,0.376182
1638,13.650000,0.362327,0.341758,0.376189
1639,13.658333,0.362323,0.341759,0.376190
1640,13.666667,0.362325,0.341752,0.376188
1641,13.675000,0.362331,0.341757,0.376183
1642,13.683333,0.362326,0.341763,0.376171
1643,13.691667,0.362320,0.341764,0.376161
1644,13.700000,0.362318,0.341767,0.376149
1645,13.708333,0.362325,0.341769,0.376128
1646,13.716667,0.362323,0.341775,0.376118
1647,13.725000,0.362321,0.341776,0.376124
1648,13.733333,0.362319,0.341774,0.376128
1649,13.741667,0.362322,0.341767,0.376137
1650,13.750000,0.362324,0.341766,0.376140
1651,13.758333,0.362325,0.341763,0.376147
1652,13.766667,0.362325,0.341770,0.376139
1653,13.775000,0.362325,0.341766,0.376123
1654,13.783333,0.362319,0.341772,0.376105
1655,13.791667,0.362319,0.341785,0.376078
1656,13.800000,0.362315,0.341781,0.376063
1657,13.808333,0.362317,0.341778,0.376053
1658,13.816667,0.362315,0.341780,0.376050
1659,13.825000,0.362309,0.341783,0.376039
1660,13.833333,0.362313,0.341781,0.376016
1661,13.841667,0.362314,0.341779,0.375998
1662,13.850000,0.362312,0.341782,0.375969
1663,13.858333,0.362306,0.341787,0.375944
1664,13.866667,0.362317,0.341791,0.375910
1665,13.875000,0.362314,0.341792,0.375908
1666,13.883333,0.362315,0.341793,0.375918
1667,13.891667,0.362315,0.341788,0.375953
1668,13.900000,0.362313,0.341778,0.375992
1669,13.908333,0.362309,0.341771,0.376025
1670,13.916667,0.362312,0.341769,0.376044
1671,13.925000,0.362313,0.341768,0.376033
1672,13.933333,0.362314,0.341776,0.375998
1673,13.941667,0.362315,0.341788,0.375940
1674,13.950000,0.362314,0.341801,0.375879
1675,13.958333,0.362313,0.341814,0.375810
1676,13.966667,0.362315,0.341813,0.375786
1677,13.975000,0.362311,0.341817,0.375781
1678,13.983333,0.362314,0.341808,0.375821
1679,13.991667,0.362315,0.341793,0.375860
1680,14.000000,0.362315,0.341783,0.375901
1681,14.008333,0.362311,0.341786,0.375925
1682,14.016667,0.362308,0.341786,0.375926
1683,14.025000,0.362314,0.341791,0.375887
1684,14.033333,0.362313,0.341800,0.375840
1685,14.041667,0.362318,0.341809,0.375798
1686,14.050000,0.362313,0.341812,0.375776
1687,14.058333,0.362317,0.341810,0.375761
1688,14.066667,0.362309,0.341806,0.375763
1689,14.075000,0.362315,0.341808,0.375764
1690,14.083333,0.362312,0.341805,0.375759
1691,14.091667,0.362307,0.341801,0.375744
1692,14.100000,0.362308,0.341808,0.375701
1693,14.108333,0.362309,0.341819,0.375646
1694,14.116667,0.362312,0.341825,0.375601
1695,14.125000,0.362308,0.341831,0.375584
1696,14.133333,0.362311,0.341823,0.375599
1697,14.141667,0.362305,0.341817,0.375641
1698,14.150000,0.362313,0.341802,0.375693
1699,14.158333,0.362303,0.341797,0.375729
1700,14.166667,0.362303,0.341796,0.375737
1701,14.175000,0.362299,0.341799,0.375713
1702,14.183333,0.362298,0.341804,0.375648
1703,14.191667,0.362304,0.341812,0.375574
1704,14.200000,0.362307,0.341829,0.375511
1705,14.208333,0.362300,0.341842,0.375494
1706,14.216667,0.362301,0.341829,0.375507
1707,14.225000,0.362303,0.341823,0.375566
1708,14.233333,0.362300,0.341813,0.375655
1709,14.241667,0.362298,0.341794,0.375719
1710,14.250000,0.362297,0.341780,0.375753
1711,14.258333,0.362301,0.341787,0.375754
1712,14.266667,0.362301,0.341798,0.375720
1713,14.275000,0.362298,0.341800,0.375667
1714,14.283333,0.362303,0.341811,0.375610
1715,14.291667,0.362306,0.341820,0.375564
1716,14.300000,0.362310,0.341820,0.375535
1717,14.308333,0.362311,0.341820,0.375518
1718,14.316667,0.362307,0.341815,0.375506
1719,14.325000,0.362311,0.341822,0.375476
1720,14.333333,0.362317,0.341831,0.375447
1721,14.341667,0.362318,0.341841,0.375429
1722,14.350000,0.362318,0.341833,0.375440
1723,14.358333,0.362313,0.341823,0.375466
1724,14.366667,0.362314,0.341822,0.375486
1725,14.375000,0.362322,0.341813,0.375501
1726,14.383333,0.362319,0.341813,0.375500
1727,14.391667,0.362321,0.341820,0.375508
1728,14.400000,0.362318,0.341814,0.375511
1729,14.408333,0.362318,0.341813,0.375510
1730,14.416667,0.362318,0.341809,0.375503
1731,14.425000,0.362309,0.341821,0.375512
1732,14.433333,0.362308,0.341801,0.375554
1733,14.441667,0.362313,0.341725,0.375732
1734,14.450000,0.362305,0.341635,0.376152
1735,14.458333,0.362306,0.341486,0.376831
1736,14.466667,0.362318,0.341343,0.377521
1737,14.475000,0.362315,0.341254,0.378065
1738,14.483333,0.362313,0.341236,0.378231
1739,14.491667,0.362297,0.341284,0.377944
1740,14.500000,0.362298,0.341437,0.377171
1741,14.508333,0.362279,0.341676,0.376129
1742,14.516667,0.362292,0.341872,0.375054
1743,14.525000,0.362273,0.342000,0.374287
1744,14.533333,0.362259,0.342052,0.374057
1745,14.541667,0.362278,0.341987,0.374377
1746,14.550000,0.362278,0.341870,0.375163
1747,14.558333,0.362263,0.341699,0.376108
1748,14.566667,0.362279,0.341501,0.376988
1749,14.575000,0.362289,0.341395,0.377578
1750,14.583333,0.362277,0.341360,0.377792
1751,14.591667,0.362283,0.341414,0.377545
1752,14.600000,0.362279,0.341515,0.376986
