Format Version,1.21,Take Name,keyboard_elore,Capture Frame Rate,120.000000,Export Frame Rate,120.000000,Capture Start Time,2018-11-22 12.36.34 AM,Total Frames in Take,2230,Total Exported Frames,2230,Rotation Type,Quaternion,Length Units,Meters,Coordinate Space,Global

,,Marker,Marker,Marker
,,Unlabeled:5000,Unlabeled:5000,Unlabeled:5000
,,"8392B20CF49E35701388","8392B20CF49E35701388","8392B20CF49E35701388"
,,Position,Position,Position
Frame,Time,X,Y,Z
0,0.000000,0.372639,0.341356,0.540586
1,0.008333,0.372650,0.341505,0.540077
2,0.016667,0.372640,0.341614,0.539570
3,0.025000,0.372630,0.341700,0.539051
4,0.033333,0.372626,0.341751,0.538725
5,0.041667,0.372612,0.341769,0.538603
6,0.050000,0.372625,0.341761,0.538676
7,0.058333,0.372637,0.341729,0.538935
8,0.066667,0.372643,0.341677,0.539336
9,0.075000,0.372645,0.341599,0.539724
10,0.083333,0.372640,0.341547,0.539978
11,0.091667,0.372650,0.341532,0.540046
12,0.100000,0.372648,0.341559,0.539963
13,0.108333,0.372651,0.341605,0.539726
14,0.116667,0.372641,0.341668,0.539419
15,0.125000,0.372636,0.341715,0.539129
16,0.133333,0.372628,0.341738,0.538993
17,0.141667,0.372630,0.341734,0.539006
18,0.150000,0.372632,0.341723,0.539188
19,0.158333,0.372646,0.341668,0.539466
20,0.166667,0.372642,0.341615,0.539739
21,0.175000,0.372648,0.341580,0.539911
22,0.183333,0.372647,0.341559,0.539971
23,0.191667,0.372649,0.341580,0.539892
24,0.200000,0.372647,0.341612,0.539708
25,0.208333,0.372640,0.341670,0.539469
26,0.216667,0.372638,0.341710,0.539235
27,0.225000,0.372624,0.341730,0.539125
28,0.233333,0.372627,0.341726,0.539156
29,0.241667,0.372636,0.341701,0.539304
30,0.250000,0.372642,0.341650,0.539536
31,0.258333,0.372643,0.341615,0.539755
32,0.266667,0.372649,0.341586,0.539882
33,0.275000,0.372656,0.341570,0.539925
34,0.283333,0.372647,0.341584,0.539858
35,0.291667,0.372642,0.341617,0.539717
36,0.300000,0.372647,0.341647,0.539520
37,0.308333,0.372644,0.341686,0.539340
38,0.316667,0.372642,0.341701,0.539228
39,0.325000,0.372640,0.341705,0.539247
40,0.333333,0.372642,0.341679,0.539362
41,0.341667,0.372645,0.341642,0.539535
42,0.350000,0.372651,0.341600,0.539697
43,0.358333,0.372657,0.341585,0.539814
44,0.366667,0.372657,0.341579,0.539851
45,0.375000,0.372654,0.341591,0.539798
46,0.383333,0.372656,0.341603,0.539681
47,0.391667,0.372648,0.341636,0.539533
48,0.400000,0.372644,0.341668,0.539401
49,0.408333,0.372643,0.341685,0.539306
50,0.416667,0.372645,0.341688,0.539316
51,0.425000,0.372646,0.341672,0.539406
52,0.433333,0.372649,0.341636,0.539537
53,0.441667,0.372650,0.341612,0.539671
54,0.450000,0.372654,0.341599,0.539759
55,0.458333,0.372658,0.341594,0.539781
56,0.466667,0.372663,0.341591,0.539734
57,0.475000,0.372649,0.341621,0.539649
58,0.483333,0.372645,0.341649,0.539527
59,0.491667,0.372650,0.341666,0.539413
60,0.500000,0.372646,0.341680,0.539357
61,0.508333,0.372641,0.341680,0.539367
62,0.516667,0.372647,0.341671,0.539433
63,0.525000,0.372655,0.341642,0.539533
64,0.533333,0.372654,0.341623,0.539639
65,0.541667,0.372647,0.341618,0.539715
66,0.550000,0.372650,0.341604,0.539733
67,0.558333,0.372653,0.341611,0.539691
68,0.566667,0.372647,0.341629,0.539614
69,0.575000,0.372651,0.341652,0.539518
70,0.583333,0.372652,0.341660,0.539427
71,0.591667,0.372648,0.341674,0.539388
72,0.600000,0.372649,0.341674,0.539406
73,0.608333,0.372648,0.341657,0.539470
74,0.616667,0.372656,0.341640,0.539551
75,0.625000,0.372651,0.341634,0.539633
76,0.633333,0.372653,0.341617,0.539680
77,0.641667,0.372663,0.341607,0.539688
78,0.650000,0.372649,0.341620,0.539662
79,0.658333,0.372656,0.341629,0.539591
80,0.666667,0.372653,0.341646,0.539509
81,0.675000,0.372653,0.341669,0.539449
82,0.683333,0.372657,0.341672,0.539418
83,0.691667,0.372657,0.341669,0.539433
84,0.700000,0.372660,0.341652,0.539483
85,0.708333,0.372659,0.341643,0.539554
86,0.716667,0.372654,0.341629,0.539623
87,0.725000,0.372659,0.341621,0.539652
88,0.733333,0.372661,0.341622,0.539656
89,0.741667,0.372658,0.341625,0.539620
90,0.750000,0.372653,0.341641,0.539570
91,0.758333,0.372657,0.341652,0.539507
92,0.766667,0.372658,0.341661,0.539460
93,0.775000,0.372653,0.341676,0.539445
94,0.783333,0.372655,0.341664,0.539463
95,0.791667,0.372662,0.341654,0.539496
96,0.800000,0.372661,0.341644,0.539553
97,0.808333,0.372663,0.341638,0.539603
98,0.816667,0.372654,0.341634,0.539634
99,0.825000,0.372657,0.341628,0.539622
100,0.833333,0.372662,0.341631,0.539596
101,0.841667,0.372658,0.341644,0.539549
102,0.850000,0.372658,0.341658,0.539498
103,0.858333,0.372662,0.341662,0.539461
104,0.866667,0.372656,0.341670,0.539460
105,0.875000,0.372658,0.341664,0.539484
106,0.883333,0.372660,0.341656,0.539517
107,0.891667,0.372661,0.341646,0.539557
108,0.900000,0.372658,0.341638,0.539597
109,0.908333,0.372660,0.341639,0.539615
110,0.916667,0.372657,0.341644,0.539594
111,0.925000,0.372655,0.341649,0.539571
112,0.933333,0.372655,0.341656,0.539535
113,0.941667,0.372654,0.341668,0.539496
114,0.950000,0.372657,0.341669,0.539468
115,0.958333,0.372657,0.341672,0.539472
116,0.966667,0.372651,0.341673,0.539497
117,0.975000,0.372653,0.341660,0.539530
118,0.983333,0.372657,0.341657,0.539557
119,0.991667,0.372659,0.341654,0.539588
120,1.000000,0.372656,0.341654,0.539593
121,1.008333,0.372654,0.341655,0.539578
122,1.016667,0.372656,0.341663,0.539549
123,1.025000,0.372660,0.341673,0.539513
124,1.033333,0.372661,0.341684,0.539482
125,1.041667,0.372659,0.341681,0.539462
126,1.050000,0.372662,0.341695,0.539460
127,1.058333,0.372667,0.341685,0.539478
128,1.066667,0.372660,0.341684,0.539500
129,1.075000,0.372664,0.341678,0.539527
130,1.083333,0.372662,0.341674,0.539538
131,1.091667,0.372671,0.341676,0.539536
132,1.100000,0.372672,0.341677,0.539520
133,1.108333,0.372663,0.341689,0.539501
134,1.116667,0.372669,0.341689,0.539473
135,1.125000,0.372671,0.341693,0.539457
136,1.133333,0.372669,0.341705,0.539449
137,1.141667,0.372669,0.341698,0.539459
138,1.150000,0.372665,0.341695,0.539476
139,1.158333,0.372670,0.341685,0.539496
140,1.166667,0.372668,0.341683,0.539512
141,1.175000,0.372672,0.341680,0.539526
142,1.183333,0.372674,0.341683,0.539528
143,1.191667,0.372672,0.341679,0.539510
144,1.200000,0.372674,0.341688,0.539491
145,1.208333,0.372667,0.341696,0.539471
146,1.216667,0.372665,0.341699,0.539462
147,1.225000,0.372669,0.341698,0.539454
148,1.233333,0.372672,0.341692,0.539460
149,1.241667,0.372670,0.341690,0.539473
150,1.250000,0.372674,0.341685,0.539496
151,1.258333,0.372673,0.341680,0.539509
152,1.266667,0.372668,0.341683,0.539513
153,1.275000,0.372672,0.341680,0.539516
154,1.283333,0.372673,0.341685,0.539501
155,1.291667,0.372668,0.341692,0.539482
156,1.300000,0.372669,0.341688,0.539467
157,1.308333,0.372672,0.341701,0.539459
158,1.316667,0.372672,0.341699,0.539453
159,1.325000,0.372669,0.341696,0.539470
160,1.333333,0.372672,0.341690,0.539477
161,1.341667,0.372674,0.341685,0.539490
162,1.350000,0.372673,0.341686,0.539502
163,1.358333,0.372669,0.341686,0.539505
164,1.366667,0.372676,0.341689,0.539500
165,1.375000,0.372682,0.341677,0.539490
166,1.383333,0.372672,0.341692,0.539478
167,1.391667,0.372685,0.341688,0.539457
168,1.400000,0.372673,0.341695,0.539450
169,1.408333,0.372675,0.341691,0.539454
170,1.416667,0.372674,0.341693,0.539460
171,1.425000,0.372674,0.341688,0.539479
172,1.433333,0.372673,0.341685,0.539488
173,1.441667,0.372673,0.341676,0.539493
174,1.450000,0.372671,0.341690,0.539498
175,1.458333,0.372672,0.341687,0.539495
176,1.466667,0.372677,0.341683,0.539481
177,1.475000,0.372673,0.341687,0.539462
178,1.483333,0.372679,0.341695,0.539461
179,1.491667,0.372674,0.341691,0.539456
180,1.500000,0.372685,0.341690,0.539457
181,1.508333,0.372673,0.341689,0.539465
182,1.516667,0.372676,0.341682,0.539472
183,1.525000,0.372672,0.341684,0.539487
184,1.533333,0.372679,0.341680,0.539486
185,1.541667,0.372677,0.341686,0.539492
186,1.550000,0.372671,0.341693,0.539484
187,1.558333,0.372672,0.341692,0.539478
188,1.566667,0.372676,0.341686,0.539465
189,1.575000,0.372677,0.341692,0.539462
190,1.583333,0.372668,0.341698,0.539459
191,1.591667,0.372672,0.341694,0.539460
192,1.600000,0.372672,0.341688,0.539472
193,1.608333,0.372681,0.341685,0.539475
194,1.616667,0.372674,0.341689,0.539488
195,1.625000,0.372674,0.341684,0.539485
196,1.633333,0.372674,0.341687,0.539484
197,1.641667,0.372674,0.341693,0.539482
198,1.650000,0.372674,0.341689,0.539474
199,1.658333,0.372680,0.341693,0.539464
200,1.666667,0.372675,0.341691,0.539463
201,1.675000,0.372677,0.341690,0.539462
202,1.683333,0.372676,0.341691,0.539464
203,1.691667,0.372674,0.341690,0.539475
204,1.700000,0.372676,0.341682,0.539479
205,1.708333,0.372671,0.341694,0.539488
206,1.716667,0.372676,0.341684,0.539485
207,1.725000,0.372673,0.341685,0.539479
208,1.733333,0.372674,0.341687,0.539476
209,1.741667,0.372678,0.341695,0.539475
210,1.750000,0.372679,0.341692,0.539465
211,1.758333,0.372680,0.341683,0.539461
212,1.766667,0.372683,0.341692,0.539457
213,1.775000,0.372671,0.341689,0.539473
214,1.783333,0.372679,0.341682,0.539480
215,1.791667,0.372680,0.341682,0.539480
216,1.800000,0.372678,0.341689,0.539481
217,1.808333,0.372676,0.341684,0.539480
218,1.816667,0.372684,0.341680,0.539477
219,1.825000,0.372682,0.341681,0.539477
220,1.833333,0.372677,0.341686,0.539470
221,1.841667,0.372677,0.341686,0.539461
222,1.850000,0.372681,0.341681,0.539459
223,1.858333,0.372683,0.341676,0.539465
224,1.866667,0.372690,0.341689,0.539470
225,1.875000,0.372687,0.341680,0.539473
226,1.883333,0.372684,0.341677,0.539474
227,1.891667,0.372681,0.341677,0.539479
228,1.900000,0.372686,0.341682,0.539476
229,1.908333,0.372688,0.341682,0.539471
230,1.916667,0.372678,0.341683,0.539469
231,1.925000,0.372682,0.341686,0.539467
232,1.933333,0.372679,0.341687,0.539467
233,1.941667,0.372676,0.341685,0.539471
234,1.950000,0.372684,0.341687,0.539464
235,1.958333,0.372683,0.341683,0.539468
236,1.966667,0.372682,0.341679,0.539478
237,1.975000,0.372687,0.341679,0.539478
238,1.983333,0.372690,0.341682,0.539482
239,1.991667,0.372681,0.341685,0.539478
240,2.000000,0.372685,0.341680,0.539476
241,2.008333,0.372683,0.341686,0.539472
242,2.016667,0.372686,0.341688,0.539471
243,2.025000,0.372684,0.341687,0.539466
244,2.033333,0.372682,0.341683,0.539468
245,2.041667,0.372681,0.341687,0.539472
246,2.050000,0.372684,0.341683,0.539478
247,2.058333,0.372677,0.341683,0.539476
248,2.066667,0.372686,0.341686,0.539474
249,2.075000,0.372682,0.341680,0.539477
250,2.083333,0.372686,0.341686,0.539477
251,2.091667,0.372687,0.341684,0.539473
252,2.100000,0.372678,0.341685,0.539477
253,2.108333,0.372686,0.341682,0.539473
254,2.116667,0.372682,0.341685,0.539474
255,2.125000,0.372687,0.341679,0.539466
256,2.133333,0.372685,0.341674,0.539476
257,2.141667,0.372684,0.341677,0.539474
258,2.150000,0.372690,0.341683,0.539483
259,2.158333,0.372679,0.341678,0.539481
260,2.166667,0.372689,0.341674,0.539468
261,2.175000,0.372685,0.341676,0.539472
262,2.183333,0.372686,0.341675,0.539474
263,2.191667,0.372693,0.341672,0.539474
264,2.200000,0.372681,0.341684,0.539468
265,2.208333,0.372686,0.341679,0.539470
266,2.216667,0.372684,0.341676,0.539468
267,2.225000,0.372691,0.341672,0.539467
268,2.233333,0.372691,0.341672,0.539474
269,2.241667,0.372692,0.341676,0.539471
270,2.250000,0.372684,0.341677,0.539476
271,2.258333,0.372686,0.341672,0.539477
272,2.266667,0.372693,0.341674,0.539470
273,2.275000,0.372688,0.341675,0.539471
274,2.283333,0.372683,0.341679,0.539469
275,2.291667,0.372693,0.341672,0.539468
276,2.300000,0.372691,0.341668,0.539466
277,2.308333,0.372686,0.341676,0.539475
278,2.316667,0.372689,0.341675,0.539473
279,2.325000,0.372689,0.341668,0.539472
280,2.333333,0.372690,0.341670,0.539473
281,2.341667,0.372693,0.341667,0.539475
282,2.350000,0.372683,0.341680,0.539470
283,2.358333,0.372686,0.341672,0.539473
284,2.366667,0.372687,0.341665,0.539473
285,2.375000,0.372691,0.341673,0.539465
286,2.383333,0.372684,0.341674,0.539474
287,2.391667,0.372681,0.341673,0.539469
288,2.400000,0.372689,0.341669,0.539471
289,2.408333,0.372686,0.341671,0.539473
290,2.416667,0.372687,0.341674,0.539480
291,2.425000,0.372691,0.341669,0.539477
292,2.433333,0.372685,0.341671,0.539473
293,2.441667,0.372690,0.341672,0.539469
294,2.450000,0.372686,0.341670,0.539474
295,2.458333,0.372688,0.341672,0.539475
296,2.466667,0.372691,0.341670,0.539468
297,2.475000,0.372689,0.341672,0.539469
298,2.483333,0.372695,0.341671,0.539470
299,2.491667,0.372692,0.341669,0.539467
300,2.500000,0.372692,0.341667,0.539469
301,2.508333,0.372692,0.341670,0.539474
302,2.516667,0.372695,0.341669,0.539473
303,2.525000,0.372691,0.341674,0.539471
304,2.533333,0.372694,0.341663,0.539469
305,2.541667,0.372688,0.341672,0.539474
306,2.550000,0.372687,0.341668,0.539465
307,2.558333,0.372699,0.341670,0.539471
308,2.566667,0.372699,0.341661,0.539461
309,2.575000,0.372693,0.341671,0.539467
310,2.583333,0.372692,0.341667,0.539472
311,2.591667,0.372693,0.341663,0.539477
312,2.600000,0.372694,0.341666,0.539470
313,2.608333,0.372686,0.341670,0.539475
314,2.616667,0.372689,0.341670,0.539478
315,2.625000,0.372692,0.341669,0.539471
316,2.633333,0.372691,0.341672,0.539475
317,2.641667,0.372694,0.341672,0.539466
318,2.650000,0.372683,0.341667,0.539478
319,2.658333,0.372686,0.341672,0.539470
320,2.666667,0.372693,0.341664,0.539475
321,2.675000,0.372689,0.341671,0.539470
322,2.683333,0.372690,0.341675,0.539471
323,2.691667,0.372683,0.341666,0.539472
324,2.700000,0.372684,0.341664,0.539475
325,2.708333,0.372686,0.341672,0.539479
326,2.716667,0.372689,0.341669,0.539471
327,2.725000,0.372687,0.341663,0.539469
328,2.733333,0.372691,0.341671,0.539470
329,2.741667,0.372688,0.341671,0.539473
330,2.750000,0.372689,0.341670,0.539472
331,2.758333,0.372687,0.341663,0.539467
332,2.766667,0.372684,0.341666,0.539474
333,2.775000,0.372685,0.341673,0.539472
334,2.783333,0.372685,0.341680,0.539470
335,2.791667,0.372693,0.341665,0.539473
336,2.800000,0.372687,0.341663,0.539476
337,2.808333,0.372684,0.341667,0.539474
338,2.816667,0.372688,0.341669,0.539470
339,2.825000,0.372688,0.341669,0.539470
340,2.833333,0.372689,0.341661,0.539471
341,2.841667,0.372685,0.341669,0.539472
342,2.850000,0.372686,0.341671,0.539477
343,2.858333,0.372683,0.341666,0.539480
344,2.866667,0.372684,0.341667,0.539477
345,2.875000,0.372685,0.341671,0.539477
346,2.883333,0.372688,0.341675,0.539472
347,2.891667,0.372685,0.341674,0.539478
348,2.900000,0.372686,0.341662,0.539475
349,2.908333,0.372673,0.341668,0.539481
350,2.916667,0.372684,0.341674,0.539475
351,2.925000,0.372685,0.341671,0.539475
352,2.933333,0.372694,0.341668,0.539471
353,2.941667,0.372684,0.341669,0.539480
354,2.950000,0.372680,0.341666,0.539480
355,2.958333,0.372685,0.341665,0.539474
356,2.966667,0.372684,0.341675,0.539479
357,2.975000,0.372686,0.341674,0.539482
358,2.983333,0.372685,0.341675,0.539471
359,2.991667,0.372683,0.341664,0.539474
360,3.000000,0.372682,0.341667,0.539477
361,3.008333,0.372680,0.341671,0.539475
362,3.016667,0.372685,0.341667,0.539478
363,3.025000,0.372688,0.341667,0.539472
364,3.033333,0.372684,0.341666,0.539482
365,3.041667,0.372685,0.341672,0.539477
366,3.050000,0.372685,0.341662,0.539477
367,3.058333,0.372689,0.341662,0.539477
368,3.066667,0.372687,0.341669,0.539478
369,3.075000,0.372689,0.341666,0.539478
370,3.083333,0.372687,0.341661,0.539470
371,3.091667,0.372690,0.341659,0.539466
372,3.100000,0.372682,0.341668,0.539471
373,3.108333,0.372683,0.341668,0.539478
374,3.116667,0.372682,0.341661,0.539472
375,3.125000,0.372683,0.341669,0.539468
376,3.133333,0.372686,0.341664,0.539472
377,3.141667,0.372686,0.341667,0.539473
378,3.150000,0.372676,0.341660,0.539478
379,3.158333,0.372676,0.341667,0.539469
380,3.166667,0.372679,0.341661,0.539472
381,3.175000,0.372677,0.341665,0.539474
382,3.183333,0.372681,0.341660,0.539469
383,3.191667,0.372684,0.341662,0.539470
384,3.200000,0.372677,0.341660,0.539476
385,3.208333,0.372686,0.341656,0.539475
386,3.216667,0.372676,0.341658,0.539484
387,3.225000,0.372678,0.341656,0.539483
388,3.233333,0.372676,0.341659,0.539489
389,3.241667,0.372676,0.341661,0.539479
390,3.250000,0.372672,0.341666,0.539474
391,3.258333,0.372674,0.341664,0.539472
392,3.266667,0.372669,0.341661,0.539465
393,3.275000,0.372675,0.341656,0.539465
394,3.283333,0.372675,0.341665,0.539468
395,3.291667,0.372678,0.341660,0.539470
396,3.300000,0.372670,0.341661,0.539482
397,3.308333,0.372669,0.341652,0.539484
398,3.316667,0.372669,0.341655,0.539485
399,3.325000,0.372668,0.341660,0.539492
400,3.333333,0.372669,0.341661,0.539490
401,3.341667,0.372668,0.341661,0.539478
402,3.350000,0.372664,0.341665,0.539481
403,3.358333,0.372663,0.341659,0.539476
404,3.366667,0.372663,0.341666,0.539476
405,3.375000,0.372659,0.341659,0.539476
406,3.383333,0.372657,0.341669,0.539480
407,3.391667,0.372656,0.341670,0.539481
408,3.400000,0.372656,0.341672,0.539489
409,3.408333,0.372656,0.341667,0.539486
410,3.416667,0.372657,0.341664,0.539484
411,3.425000,0.372650,0.341664,0.539496
412,3.433333,0.372649,0.341666,0.539490
413,3.441667,0.372655,0.341669,0.539487
414,3.450000,0.372647,0.341667,0.539488
415,3.458333,0.372644,0.341668,0.539484
416,3.466667,0.372647,0.341664,0.539482
417,3.475000,0.372643,0.341661,0.539485
418,3.483333,0.372642,0.341660,0.539493
419,3.491667,0.372639,0.341658,0.539497
420,3.500000,0.372641,0.341657,0.539501
421,3.508333,0.372638,0.341655,0.539507
422,3.516667,0.372639,0.341653,0.539506
423,3.525000,0.372639,0.341654,0.539502
424,3.533333,0.372635,0.341650,0.539493
425,3.541667,0.372633,0.341658,0.539490
426,3.550000,0.372631,0.341667,0.539487
427,3.558333,0.372637,0.341647,0.539484
428,3.566667,0.372629,0.341655,0.539485
429,3.575000,0.372629,0.341652,0.539500
430,3.583333,0.372629,0.341652,0.539505
431,3.591667,0.372629,0.341642,0.539514
432,3.600000,0.372624,0.341648,0.539514
433,3.608333,0.372622,0.341640,0.539514
434,3.616667,0.372621,0.341650,0.539511
435,3.625000,0.372623,0.341641,0.539506
436,3.633333,0.372623,0.341649,0.539488
437,3.641667,0.372623,0.341644,0.539494
438,3.650000,0.372623,0.341644,0.539490
439,3.658333,0.372625,0.341644,0.539497
440,3.666667,0.372624,0.341635,0.539506
441,3.675000,0.372626,0.341638,0.539509
442,3.683333,0.372627,0.341643,0.539511
443,3.691667,0.372617,0.341639,0.539512
444,3.700000,0.372621,0.341628,0.539511
445,3.708333,0.372614,0.341643,0.539510
446,3.716667,0.372613,0.341643,0.539510
447,3.725000,0.372615,0.341637,0.539504
448,3.733333,0.372613,0.341636,0.539511
449,3.741667,0.372613,0.341637,0.539506
450,3.750000,0.372612,0.341643,0.539509
451,3.758333,0.372613,0.341640,0.539505
452,3.766667,0.372608,0.341638,0.539517
453,3.775000,0.372615,0.341635,0.539515
454,3.783333,0.372612,0.341634,0.539515
455,3.791667,0.372615,0.341639,0.539508
456,3.800000,0.372610,0.341644,0.539509
457,3.808333,0.372606,0.341642,0.539510
458,3.816667,0.372602,0.341640,0.539515
459,3.825000,0.372607,0.341639,0.539512
460,3.833333,0.372607,0.341644,0.539519
461,3.841667,0.372606,0.341639,0.539520
462,3.850000,0.372602,0.341643,0.539515
463,3.858333,0.372606,0.341642,0.539520
464,3.866667,0.372606,0.341634,0.539521
465,3.875000,0.372600,0.341641,0.539518
466,3.883333,0.372598,0.341637,0.539517
467,3.891667,0.372599,0.341641,0.539516
468,3.900000,0.372602,0.341641,0.539517
469,3.908333,0.372598,0.341639,0.539520
470,3.916667,0.372596,0.341636,0.539530
471,3.925000,0.372601,0.341635,0.539534
472,3.933333,0.372601,0.341633,0.539532
473,3.941667,0.372605,0.341635,0.539528
474,3.950000,0.372606,0.341629,0.539529
475,3.958333,0.372602,0.341632,0.539525
476,3.966667,0.372603,0.341631,0.539517
477,3.975000,0.372603,0.341631,0.539520
478,3.983333,0.372607,0.341629,0.539520
479,3.991667,0.372606,0.341627,0.539522
480,4.000000,0.372607,0.341622,0.539534
481,4.008333,0.372612,0.341621,0.539520
482,4.016667,0.372602,0.341625,0.539536
483,4.025000,0.372600,0.341629,0.539534
484,4.033333,0.372605,0.341622,0.539530
485,4.041667,0.372608,0.341616,0.539521
486,4.050000,0.372601,0.341630,0.539520
487,4.058333,0.372607,0.341628,0.539515
488,4.066667,0.372601,0.341621,0.539516
489,4.075000,0.372601,0.341616,0.539523
490,4.083333,0.372600,0.341622,0.539521
491,4.091667,0.372604,0.341618,0.539530
492,4.100000,0.372600,0.341620,0.539537
493,4.108333,0.372601,0.341616,0.539535
494,4.116667,0.372599,0.341623,0.539534
495,4.125000,0.372602,0.341619,0.539530
496,4.133333,0.372605,0.341623,0.539525
497,4.141667,0.372599,0.341623,0.539519
498,4.150000,0.372593,0.341627,0.539513
499,4.158333,0.372593,0.341625,0.539521
500,4.166667,0.372596,0.341627,0.539522
501,4.175000,0.372594,0.341613,0.539532
502,4.183333,0.372597,0.341617,0.539535
503,4.191667,0.372589,0.341615,0.539542
504,4.200000,0.372589,0.341612,0.539537
505,4.208333,0.372592,0.341613,0.539539
506,4.216667,0.372587,0.341612,0.539537
507,4.225000,0.372580,0.341621,0.539534
508,4.233333,0.372580,0.341620,0.539526
509,4.241667,0.372579,0.341625,0.539528
510,4.250000,0.372577,0.341619,0.539521
511,4.258333,0.372573,0.341624,0.539524
512,4.266667,0.372579,0.341613,0.539528
513,4.275000,0.372578,0.341616,0.539537
514,4.283333,0.372576,0.341615,0.539543
515,4.291667,0.372579,0.341604,0.539549
516,4.300000,0.372578,0.341608,0.539542
517,4.308333,0.372571,0.341616,0.539543
518,4.316667,0.372572,0.341617,0.539543
519,4.325000,0.372574,0.341609,0.539535
520,4.333333,0.372568,0.341621,0.539533
521,4.341667,0.372564,0.341617,0.539529
522,4.350000,0.372573,0.341615,0.539535
523,4.358333,0.372568,0.341617,0.539537
524,4.366667,0.372566,0.341611,0.539545
525,4.375000,0.372568,0.341604,0.539557
526,4.383333,0.372571,0.341606,0.539557
527,4.391667,0.372568,0.341607,0.539554
528,4.400000,0.372563,0.341609,0.539554
529,4.408333,0.372563,0.341611,0.539544
530,4.416667,0.372561,0.341614,0.539544
531,4.425000,0.372562,0.341613,0.539541
532,4.433333,0.372558,0.341608,0.539541
533,4.441667,0.372554,0.341609,0.539548
534,4.450000,0.372556,0.341611,0.539552
535,4.458333,0.372556,0.341605,0.539562
536,4.466667,0.372553,0.341604,0.539573
537,4.475000,0.372549,0.341602,0.539578
538,4.483333,0.372550,0.341607,0.539581
539,4.491667,0.372552,0.341607,0.539574
540,4.500000,0.372548,0.341604,0.539574
541,4.508333,0.372545,0.341601,0.539566
542,4.516667,0.372538,0.341611,0.539563
543,4.525000,0.372540,0.341608,0.539561
544,4.533333,0.372545,0.341607,0.539571
545,4.541667,0.372533,0.341597,0.539588
546,4.550000,0.372536,0.341600,0.539594
547,4.558333,0.372529,0.341603,0.539605
548,4.566667,0.372531,0.341605,0.539620
549,4.575000,0.372528,0.341602,0.539624
550,4.583333,0.372525,0.341595,0.539616
551,4.591667,0.372523,0.341607,0.539613
552,4.600000,0.372526,0.341600,0.539607
553,4.608333,0.372521,0.341606,0.539599
554,4.616667,0.372515,0.341605,0.539600
555,4.625000,0.372520,0.341604,0.539601
556,4.633333,0.372517,0.341606,0.539608
557,4.641667,0.372522,0.341602,0.539626
558,4.650000,0.372522,0.341597,0.539636
559,4.658333,0.372515,0.341598,0.539656
560,4.666667,0.372507,0.341600,0.539656
561,4.675000,0.372511,0.341604,0.539661
562,4.683333,0.372512,0.341598,0.539656
563,4.691667,0.372505,0.341600,0.539649
564,4.700000,0.372504,0.341606,0.539646
565,4.708333,0.372508,0.341605,0.539642
566,4.716667,0.372505,0.341604,0.539647
567,4.725000,0.372500,0.341603,0.539658
568,4.733333,0.372499,0.341603,0.539676
569,4.741667,0.372505,0.341601,0.539695
570,4.750000,0.372502,0.341600,0.539710
571,4.758333,0.372504,0.341600,0.539723
572,4.766667,0.372494,0.341596,0.539735
573,4.775000,0.372488,0.341600,0.539736
574,4.783333,0.372487,0.341608,0.539736
575,4.791667,0.372484,0.341612,0.539748
576,4.800000,0.372482,0.341621,0.539753
577,4.808333,0.372470,0.341627,0.539782
578,4.816667,0.372470,0.341646,0.539836
579,4.825000,0.372465,0.341647,0.539936
580,4.833333,0.372478,0.341629,0.540072
581,4.841667,0.372473,0.341601,0.540257
582,4.850000,0.372468,0.341572,0.540470
583,4.858333,0.372471,0.341567,0.540676
584,4.866667,0.372482,0.341570,0.540863
585,4.875000,0.372477,0.341567,0.541048
586,4.883333,0.372468,0.341577,0.541237
587,4.891667,0.372472,0.341586,0.541418
588,4.900000,0.372463,0.341610,0.541633
589,4.908333,0.372455,0.341614,0.541894
590,4.916667,0.372441,0.341591,0.542218
591,4.925000,0.372439,0.341574,0.542545
592,4.933333,0.372451,0.341559,0.542852
593,4.941667,0.372465,0.341544,0.543198
594,4.950000,0.372459,0.341542,0.543516
595,4.958333,0.372448,0.341560,0.543745
596,4.966667,0.372436,0.341592,0.543939
597,4.975000,0.372433,0.341617,0.544100
598,4.983333,0.372423,0.341620,0.544300
599,4.991667,0.372433,0.341616,0.544529
600,5.000000,0.372443,0.341617,0.544767
601,5.008333,0.372429,0.341607,0.545021
602,5.016667,0.372418,0.341579,0.545296
603,5.025000,0.372401,0.341557,0.545579
604,5.033333,0.372393,0.341554,0.545834
605,5.041667,0.372397,0.341558,0.546055
606,5.050000,0.372376,0.341566,0.546205
607,5.058333,0.372366,0.341574,0.546329
608,5.066667,0.372366,0.341596,0.546431
609,5.075000,0.372379,0.341618,0.546558
610,5.083333,0.372378,0.341615,0.546720
611,5.091667,0.372389,0.341611,0.546940
612,5.100000,0.372397,0.341589,0.547229
613,5.108333,0.372408,0.341563,0.547510
614,5.116667,0.372406,0.341554,0.547785
615,5.125000,0.372408,0.341560,0.548067
616,5.133333,0.372398,0.341570,0.548330
617,5.141667,0.372393,0.341577,0.548538
618,5.150000,0.372391,0.341599,0.548686
619,5.158333,0.372380,0.341619,0.548845
620,5.166667,0.372376,0.341642,0.549004
621,5.175000,0.372380,0.341645,0.549199
622,5.183333,0.372377,0.341637,0.549503
623,5.191667,0.372382,0.341630,0.549822
624,5.200000,0.372367,0.341608,0.550179
625,5.208333,0.372341,0.341596,0.550566
626,5.216667,0.372340,0.341590,0.550935
627,5.225000,0.372341,0.341575,0.551257
628,5.233333,0.372342,0.341558,0.551515
629,5.241667,0.372339,0.341567,0.551757
630,5.250000,0.372350,0.341582,0.552009
631,5.258333,0.372360,0.341590,0.552302
632,5.266667,0.372356,0.341600,0.552590
633,5.275000,0.372336,0.341610,0.552929
634,5.283333,0.372332,0.341613,0.553337
635,5.291667,0.372333,0.341591,0.553732
636,5.300000,0.372340,0.341585,0.554069
637,5.308333,0.372346,0.341567,0.554442
638,5.316667,0.372338,0.341588,0.554783
639,5.325000,0.372325,0.341617,0.555099
640,5.333333,0.372312,0.341631,0.555398
641,5.341667,0.372302,0.341616,0.555731
642,5.350000,0.372306,0.341610,0.556097
643,5.358333,0.372308,0.341596,0.556480
644,5.366667,0.372308,0.341593,0.556909
645,5.375000,0.372292,0.341583,0.557408
646,5.383333,0.372281,0.341597,0.557840
647,5.391667,0.372302,0.341595,0.558303
648,5.400000,0.372305,0.341571,0.558737
649,5.408333,0.372313,0.341591,0.559117
650,5.416667,0.372308,0.341596,0.559579
651,5.425000,0.372313,0.341615,0.559996
652,5.433333,0.372292,0.341601,0.560410
653,5.441667,0.372301,0.341592,0.560870
654,5.450000,0.372286,0.341575,0.561346
655,5.458333,0.372279,0.341596,0.561832
656,5.466667,0.372265,0.341596,0.562362
657,5.475000,0.372278,0.341605,0.562832
658,5.483333,0.372311,0.341583,0.563351
659,5.491667,0.372319,0.341577,0.563816
660,5.500000,0.372299,0.341603,0.564291
661,5.508333,0.372287,0.341617,0.564781
662,5.516667,0.372269,0.341618,0.565231
663,5.525000,0.372253,0.341601,0.565702
664,5.533333,0.372244,0.341582,0.566218
665,5.541667,0.372221,0.341613,0.566705
666,5.550000,0.372230,0.341611,0.567265
667,5.558333,0.372246,0.341598,0.567742
668,5.566667,0.372266,0.341587,0.568248
669,5.575000,0.372255,0.341605,0.568737
670,5.583333,0.372232,0.341622,0.569179
671,5.591667,0.372232,0.341621,0.569670
672,5.600000,0.372216,0.341603,0.570110
673,5.608333,0.372207,0.341584,0.570533
674,5.616667,0.372204,0.341575,0.570980
675,5.625000,0.372179,0.341606,0.571378
676,5.633333,0.372192,0.341622,0.571748
677,5.641667,0.372198,0.341605,0.572138
678,5.650000,0.372210,0.341609,0.572464
679,5.658333,0.372224,0.341615,0.572778
680,5.666667,0.372234,0.341624,0.573132
681,5.675000,0.372231,0.341622,0.573494
682,5.683333,0.372215,0.341644,0.573807
683,5.691667,0.372204,0.341662,0.574126
684,5.700000,0.372216,0.341637,0.574493
685,5.708333,0.372211,0.341622,0.574821
686,5.716667,0.372205,0.341608,0.575110
687,5.725000,0.372206,0.341596,0.575408
688,5.733333,0.372217,0.341614,0.575707
689,5.741667,0.372202,0.341631,0.576018
690,5.750000,0.372185,0.341648,0.576289
691,5.758333,0.372185,0.341662,0.576569
692,5.766667,0.372192,0.341661,0.576890
693,5.775000,0.372191,0.341642,0.577253
694,5.783333,0.372191,0.341641,0.577580
695,5.791667,0.372180,0.341652,0.577941
696,5.800000,0.372161,0.341662,0.578345
697,5.808333,0.372139,0.341679,0.578695
698,5.816667,0.372147,0.341676,0.579016
699,5.825000,0.372145,0.341649,0.579381
700,5.833333,0.372152,0.341653,0.579731
701,5.841667,0.372154,0.341647,0.580092
702,5.850000,0.372145,0.341653,0.580484
703,5.858333,0.372123,0.341654,0.580913
704,5.866667,0.372103,0.341645,0.581287
705,5.875000,0.372114,0.341650,0.581672
706,5.883333,0.372112,0.341644,0.582100
707,5.891667,0.372101,0.341663,0.582459
708,5.900000,0.372088,0.341684,0.582819
709,5.908333,0.372084,0.341703,0.583259
710,5.916667,0.372090,0.341715,0.583652
711,5.925000,0.372094,0.341691,0.584054
712,5.933333,0.372121,0.341666,0.584529
713,5.941667,0.372126,0.341673,0.584994
714,5.950000,0.372105,0.341662,0.585477
715,5.958333,0.372091,0.341640,0.585975
716,5.966667,0.372092,0.341652,0.586404
717,5.975000,0.372102,0.341649,0.586837
718,5.983333,0.372101,0.341659,0.587263
719,5.991667,0.372099,0.341693,0.587671
720,6.000000,0.372110,0.341702,0.588147
721,6.008333,0.372115,0.341698,0.588596
722,6.016667,0.372130,0.341685,0.589043
723,6.025000,0.372124,0.341676,0.589570
724,6.033333,0.372125,0.341655,0.590047
725,6.041667,0.372096,0.341662,0.590548
726,6.050000,0.372085,0.341662,0.591014
727,6.058333,0.372065,0.341681,0.591430
728,6.066667,0.372058,0.341669,0.591938
729,6.075000,0.372064,0.341696,0.592427
730,6.083333,0.372070,0.341699,0.592947
731,6.091667,0.372068,0.341693,0.593474
732,6.100000,0.372064,0.341673,0.593979
733,6.108333,0.372053,0.341654,0.594545
734,6.116667,0.372030,0.341637,0.595051
735,6.125000,0.372037,0.341656,0.595568
736,6.133333,0.372064,0.341641,0.596043
737,6.141667,0.372084,0.341639,0.596513
738,6.150000,0.372088,0.341658,0.597048
739,6.158333,0.372066,0.341684,0.597522
740,6.166667,0.372063,0.341693,0.598078
741,6.175000,0.372070,0.341680,0.598571
742,6.183333,0.372052,0.341669,0.599138
743,6.191667,0.372024,0.341660,0.599697
744,6.200000,0.372027,0.341666,0.600263
745,6.208333,0.372058,0.341631,0.600821
746,6.216667,0.372067,0.341632,0.601332
747,6.225000,0.372062,0.341636,0.601903
748,6.233333,0.372045,0.341664,0.602388
749,6.241667,0.372045,0.341660,0.602938
750,6.250000,0.372049,0.341674,0.603413
751,6.258333,0.372021,0.341654,0.603937
752,6.266667,0.372029,0.341665,0.604494
753,6.275000,0.372029,0.341662,0.605035
754,6.283333,0.372038,0.341639,0.605607
755,6.291667,0.372038,0.341639,0.606122
756,6.300000,0.372033,0.341646,0.606717
757,6.308333,0.372010,0.341671,0.607229
758,6.316667,0.372012,0.341680,0.607808
759,6.325000,0.372015,0.341675,0.608331
760,6.333333,0.372020,0.341662,0.608904
761,6.341667,0.372017,0.341655,0.609493
762,6.350000,0.372013,0.341658,0.610066
763,6.358333,0.372016,0.341657,0.610670
764,6.366667,0.372007,0.341649,0.611259
765,6.375000,0.371984,0.341665,0.611865
766,6.383333,0.371975,0.341694,0.612469
767,6.391667,0.372003,0.341662,0.613082
768,6.400000,0.371991,0.341649,0.613692
769,6.408333,0.371975,0.341643,0.614324
770,6.416667,0.371960,0.341640,0.614897
771,6.425000,0.371951,0.341640,0.615492
772,6.433333,0.371949,0.341654,0.616038
773,6.441667,0.371933,0.341667,0.616629
774,6.450000,0.371937,0.341690,0.617184
775,6.458333,0.371974,0.341667,0.617785
776,6.466667,0.371975,0.341664,0.618343
777,6.475000,0.371950,0.341658,0.618984
778,6.483333,0.371927,0.341648,0.619559
779,6.491667,0.371918,0.341638,0.620185
780,6.500000,0.371912,0.341652,0.620726
781,6.508333,0.371917,0.341651,0.621348
782,6.516667,0.371932,0.341663,0.621905
783,6.525000,0.371942,0.341657,0.622498
784,6.533333,0.371949,0.341648,0.623032
785,6.541667,0.371923,0.341653,0.623587
786,6.550000,0.371901,0.341650,0.624112
787,6.558333,0.371892,0.341672,0.624630
788,6.566667,0.371894,0.341663,0.625195
789,6.575000,0.371900,0.341660,0.625738
790,6.583333,0.371917,0.341655,0.626362
791,6.591667,0.371922,0.341669,0.626931
792,6.600000,0.371925,0.341650,0.627559
793,6.608333,0.371914,0.341638,0.628124
794,6.616667,0.371886,0.341619,0.628707
795,6.625000,0.371856,0.341640,0.629207
796,6.633333,0.371849,0.341655,0.629730
797,6.641667,0.371867,0.341658,0.630219
798,6.650000,0.371879,0.341654,0.630738
799,6.658333,0.371883,0.341674,0.631284
800,6.666667,0.371883,0.341672,0.631790
801,6.675000,0.371879,0.341676,0.632364
802,6.683333,0.371872,0.341665,0.632887
803,6.691667,0.371859,0.341637,0.633478
804,6.700000,0.371835,0.341642,0.634001
805,6.708333,0.371836,0.341646,0.634563
806,6.716667,0.371843,0.341654,0.635074
807,6.725000,0.371861,0.341658,0.635598
808,6.733333,0.371851,0.341669,0.636142
809,6.741667,0.371835,0.341689,0.636629
810,6.750000,0.371830,0.341689,0.637188
811,6.758333,0.371827,0.341688,0.637688
812,6.766667,0.371794,0.341660,0.638273
813,6.775000,0.371782,0.341663,0.638812
814,6.783333,0.371796,0.341665,0.639396
815,6.791667,0.371813,0.341667,0.639953
816,6.800000,0.371833,0.341666,0.640541
817,6.808333,0.371826,0.341675,0.641109
818,6.816667,0.371800,0.341690,0.641674
819,6.825000,0.371798,0.341690,0.642249
820,6.833333,0.371795,0.341678,0.642804
821,6.841667,0.371795,0.341675,0.643425
822,6.850000,0.371799,0.341684,0.644004
823,6.858333,0.371814,0.341686,0.644644
824,6.866667,0.371824,0.341692,0.645257
825,6.875000,0.371815,0.341701,0.645906
826,6.883333,0.371775,0.341710,0.646551
827,6.891667,0.371753,0.341704,0.647202
828,6.900000,0.371757,0.341666,0.647879
829,6.908333,0.371764,0.341683,0.648517
830,6.916667,0.371775,0.341670,0.649193
831,6.925000,0.371763,0.341689,0.649796
832,6.933333,0.371760,0.341691,0.650456
833,6.941667,0.371748,0.341714,0.651066
834,6.950000,0.371748,0.341713,0.651752
835,6.958333,0.371733,0.341701,0.652385
836,6.966667,0.371762,0.341681,0.653064
837,6.975000,0.371768,0.341697,0.653715
838,6.983333,0.371765,0.341700,0.654367
839,6.991667,0.371760,0.341716,0.655015
840,7.000000,0.371762,0.341717,0.655658
841,7.008333,0.371760,0.341720,0.656353
842,7.016667,0.371767,0.341707,0.656992
843,7.025000,0.371760,0.341686,0.657715
844,7.033333,0.371745,0.341704,0.658340
845,7.041667,0.371730,0.341721,0.659019
846,7.050000,0.371707,0.341740,0.659645
847,7.058333,0.371698,0.341758,0.660314
848,7.066667,0.371700,0.341764,0.661014
849,7.075000,0.371704,0.341756,0.661734
850,7.083333,0.371702,0.341726,0.662540
851,7.091667,0.371691,0.341727,0.663318
852,7.100000,0.371671,0.341743,0.664097
853,7.108333,0.371663,0.341745,0.664907
854,7.116667,0.371660,0.341751,0.665654
855,7.125000,0.371656,0.341729,0.666425
856,7.133333,0.371667,0.341708,0.667206
857,7.141667,0.371661,0.341717,0.667898
858,7.150000,0.371647,0.341745,0.668648
859,7.158333,0.371636,0.341759,0.669356
860,7.166667,0.371630,0.341766,0.670083
861,7.175000,0.371629,0.341762,0.670858
862,7.183333,0.371608,0.341748,0.671583
863,7.191667,0.371629,0.341729,0.672339
864,7.200000,0.371613,0.341735,0.673090
865,7.208333,0.371596,0.341741,0.673788
866,7.216667,0.371609,0.341742,0.674516
867,7.225000,0.371620,0.341756,0.675176
868,7.233333,0.371623,0.341744,0.675890
869,7.241667,0.371625,0.341744,0.676574
870,7.250000,0.371615,0.341761,0.677238
871,7.258333,0.371604,0.341757,0.677938
872,7.266667,0.371603,0.341765,0.678586
873,7.275000,0.371619,0.341761,0.679291
874,7.283333,0.371622,0.341751,0.679930
875,7.291667,0.371616,0.341734,0.680625
876,7.300000,0.371590,0.341747,0.681308
877,7.308333,0.371577,0.341757,0.681955
878,7.316667,0.371562,0.341763,0.682635
879,7.325000,0.371555,0.341775,0.683275
880,7.333333,0.371566,0.341775,0.683966
881,7.341667,0.371563,0.341781,0.684604
882,7.350000,0.371568,0.341747,0.685313
883,7.358333,0.371564,0.341734,0.685953
884,7.366667,0.371557,0.341759,0.686617
885,7.375000,0.371557,0.341759,0.687268
886,7.383333,0.371560,0.341772,0.687891
887,7.391667,0.371562,0.341772,0.688554
888,7.400000,0.371548,0.341791,0.689187
889,7.408333,0.371542,0.341782,0.689871
890,7.416667,0.371541,0.341761,0.690495
891,7.425000,0.371528,0.341764,0.691198
892,7.433333,0.371517,0.341765,0.691847
893,7.441667,0.371525,0.341773,0.692540
894,7.450000,0.371538,0.341755,0.693203
895,7.458333,0.371537,0.341760,0.693846
896,7.466667,0.371513,0.341775,0.694502
897,7.475000,0.371497,0.341760,0.695076
898,7.483333,0.371490,0.341756,0.695694
899,7.491667,0.371486,0.341777,0.696241
900,7.500000,0.371471,0.341788,0.696854
901,7.508333,0.371473,0.341804,0.697453
902,7.516667,0.371485,0.341792,0.698095
903,7.525000,0.371483,0.341773,0.698699
904,7.533333,0.371470,0.341763,0.699374
905,7.541667,0.371441,0.341777,0.699932
906,7.550000,0.371430,0.341775,0.700533
907,7.558333,0.371422,0.341785,0.701057
908,7.566667,0.371420,0.341802,0.701626
909,7.575000,0.371418,0.341818,0.702156
910,7.583333,0.371427,0.341829,0.702760
911,7.591667,0.371419,0.341803,0.703332
912,7.600000,0.371421,0.341777,0.703964
913,7.608333,0.371412,0.341783,0.704550
914,7.616667,0.371399,0.341779,0.705179
915,7.625000,0.371401,0.341791,0.705718
916,7.633333,0.371405,0.341796,0.706278
917,7.641667,0.371431,0.341802,0.706770
918,7.650000,0.371425,0.341834,0.707275
919,7.658333,0.371427,0.341841,0.707810
920,7.666667,0.371418,0.341850,0.708323
921,7.675000,0.371420,0.341814,0.708944
922,7.683333,0.371415,0.341799,0.709530
923,7.691667,0.371407,0.341826,0.710176
924,7.700000,0.371407,0.341803,0.710814
925,7.708333,0.371424,0.341803,0.711424
926,7.716667,0.371434,0.341803,0.711990
927,7.725000,0.371411,0.341829,0.712586
928,7.733333,0.371408,0.341856,0.713133
929,7.741667,0.371419,0.341837,0.713717
930,7.750000,0.371421,0.341838,0.714291
931,7.758333,0.371422,0.341847,0.714920
932,7.766667,0.371420,0.341844,0.715610
933,7.775000,0.371422,0.341843,0.716315
934,7.783333,0.371423,0.341805,0.717063
935,7.791667,0.371413,0.341794,0.717755
936,7.800000,0.371384,0.341795,0.718467
937,7.808333,0.371375,0.341784,0.719101
938,7.816667,0.371388,0.341792,0.719667
939,7.825000,0.371394,0.341799,0.720191
940,7.833333,0.371394,0.341830,0.720703
941,7.841667,0.371407,0.341859,0.721219
942,7.850000,0.371421,0.341841,0.721785
943,7.858333,0.371433,0.341826,0.722313
944,7.866667,0.371439,0.341784,0.722952
945,7.875000,0.371423,0.341783,0.723487
946,7.883333,0.371426,0.341774,0.724044
947,7.891667,0.371423,0.341782,0.724493
948,7.900000,0.371435,0.341788,0.724895
949,7.908333,0.371452,0.341794,0.725233
950,7.916667,0.371455,0.341812,0.725534
951,7.925000,0.371444,0.341835,0.725858
952,7.933333,0.371448,0.341863,0.726238
953,7.941667,0.371431,0.341863,0.726645
954,7.950000,0.371436,0.341847,0.727062
955,7.958333,0.371429,0.341794,0.727580
956,7.966667,0.371429,0.341779,0.727988
957,7.975000,0.371433,0.341750,0.728403
958,7.983333,0.371442,0.341769,0.728736
959,7.991667,0.371430,0.341797,0.729005
960,8.000000,0.371420,0.341818,0.729249
961,8.008333,0.371420,0.341831,0.729505
962,8.016667,0.371430,0.341863,0.729804
963,8.025000,0.371439,0.341865,0.730120
964,8.033333,0.371439,0.341849,0.730492
965,8.041667,0.371446,0.341814,0.730931
966,8.050000,0.371427,0.341797,0.731356
967,8.058333,0.371430,0.341814,0.731750
968,8.066667,0.371411,0.341792,0.732162
969,8.075000,0.371403,0.341799,0.732454
970,8.083333,0.371403,0.341813,0.732688
971,8.091667,0.371399,0.341825,0.732932
972,8.100000,0.371403,0.341836,0.733216
973,8.108333,0.371415,0.341857,0.733479
974,8.116667,0.371406,0.341853,0.733789
975,8.125000,0.371411,0.341842,0.734167
976,8.133333,0.371416,0.341847,0.734575
977,8.141667,0.371425,0.341833,0.734989
978,8.150000,0.371435,0.341834,0.735358
979,8.158333,0.371426,0.341811,0.735721
980,8.166667,0.371418,0.341808,0.735994
981,8.175000,0.371426,0.341832,0.736238
982,8.183333,0.371434,0.341840,0.736498
983,8.191667,0.371421,0.341846,0.736818
984,8.200000,0.371402,0.341877,0.737140
985,8.208333,0.371398,0.341883,0.737482
986,8.216667,0.371390,0.341852,0.737943
987,8.225000,0.371404,0.341834,0.738370
988,8.233333,0.371411,0.341807,0.738779
989,8.241667,0.371424,0.341794,0.739168
990,8.250000,0.371436,0.341790,0.739469
991,8.258333,0.371428,0.341797,0.739729
992,8.266667,0.371413,0.341837,0.739938
993,8.275000,0.371413,0.341867,0.740126
994,8.283333,0.371417,0.341882,0.740324
995,8.291667,0.371405,0.341893,0.740532
996,8.300000,0.371401,0.341892,0.740766
997,8.308333,0.371400,0.341880,0.741062
998,8.316667,0.371402,0.341844,0.741448
999,8.325000,0.371401,0.341816,0.741783
1000,8.333333,0.371392,0.341801,0.742116
1001,8.341667,0.371382,0.341787,0.742475
1002,8.350000,0.371383,0.341801,0.742740
1003,8.358333,0.371379,0.341826,0.742935
1004,8.366667,0.371373,0.341856,0.743104
1005,8.375000,0.371372,0.341870,0.743257
1006,8.383333,0.371372,0.341888,0.743442
1007,8.391667,0.371384,0.341889,0.743684
1008,8.400000,0.371385,0.341882,0.743960
1009,8.408333,0.371391,0.341866,0.744281
1010,8.416667,0.371398,0.341847,0.744635
1011,8.425000,0.371390,0.341815,0.745020
1012,8.433333,0.371385,0.341795,0.745344
1013,8.441667,0.371375,0.341807,0.745612
1014,8.450000,0.371361,0.341827,0.745866
1015,8.458333,0.371356,0.341832,0.746094
1016,8.466667,0.371349,0.341843,0.746276
1017,8.475000,0.371357,0.341857,0.746443
1018,8.483333,0.371360,0.341869,0.746642
1019,8.491667,0.371341,0.341852,0.746910
1020,8.500000,0.371339,0.341845,0.747236
1021,8.508333,0.371360,0.341839,0.747543
1022,8.516667,0.371357,0.341829,0.747865
1023,8.525000,0.371347,0.341824,0.748193
1024,8.533333,0.371353,0.341830,0.748505
1025,8.541667,0.371355,0.341828,0.748768
1026,8.550000,0.371349,0.341843,0.749004
1027,8.558333,0.371349,0.341861,0.749225
1028,8.566667,0.371357,0.341878,0.749454
1029,8.575000,0.371352,0.341866,0.749696
1030,8.583333,0.371345,0.341858,0.749953
1031,8.591667,0.371334,0.341852,0.750220
1032,8.600000,0.371346,0.341832,0.750587
1033,8.608333,0.371333,0.341837,0.750961
1034,8.616667,0.371316,0.341849,0.751297
1035,8.625000,0.371297,0.341832,0.751660
1036,8.633333,0.371302,0.341827,0.751988
1037,8.641667,0.371286,0.341839,0.752263
1038,8.650000,0.371292,0.341842,0.752508
1039,8.658333,0.371298,0.341845,0.752770
1040,8.666667,0.371303,0.341859,0.753037
1041,8.675000,0.371306,0.341871,0.753305
1042,8.683333,0.371303,0.341874,0.753615
1043,8.691667,0.371303,0.341898,0.753959
1044,8.700000,0.371304,0.341865,0.754365
1045,8.708333,0.371295,0.341861,0.754744
1046,8.716667,0.371281,0.341834,0.755153
1047,8.725000,0.371281,0.341811,0.755572
1048,8.733333,0.371280,0.341799,0.755917
1049,8.741667,0.371254,0.341803,0.756279
1050,8.750000,0.371228,0.341832,0.756616
1051,8.758333,0.371191,0.341861,0.756935
1052,8.766667,0.371170,0.341876,0.757263
1053,8.775000,0.371162,0.341872,0.757641
1054,8.783333,0.371158,0.341861,0.758064
1055,8.791667,0.371144,0.341858,0.758503
1056,8.800000,0.371132,0.341821,0.759046
1057,8.808333,0.371124,0.341804,0.759499
1058,8.816667,0.371113,0.341792,0.760006
1059,8.825000,0.371111,0.341817,0.760388
1060,8.833333,0.371105,0.341809,0.760721
1061,8.841667,0.371102,0.341806,0.761041
1062,8.850000,0.371106,0.341814,0.761332
1063,8.858333,0.371095,0.341848,0.761613
1064,8.866667,0.371088,0.341873,0.761948
1065,8.875000,0.371089,0.341880,0.762333
1066,8.883333,0.371062,0.341856,0.762756
1067,8.891667,0.371059,0.341851,0.763162
1068,8.900000,0.371064,0.341814,0.763642
1069,8.908333,0.371062,0.341805,0.764018
1070,8.916667,0.371055,0.341783,0.764395
1071,8.925000,0.371058,0.341797,0.764774
1072,8.933333,0.371056,0.341831,0.765091
1073,8.941667,0.371055,0.341842,0.765426
1074,8.950000,0.371045,0.341866,0.765800
1075,8.958333,0.371052,0.341863,0.766164
1076,8.966667,0.371036,0.341858,0.766558
1077,8.975000,0.371042,0.341852,0.766998
1078,8.983333,0.371012,0.341837,0.767461
1079,8.991667,0.370993,0.341850,0.767954
1080,9.000000,0.370967,0.341827,0.768448
1081,9.008333,0.370961,0.341833,0.768887
1082,9.016667,0.370974,0.341825,0.769356
1083,9.025000,0.370981,0.341830,0.769749
1084,9.033333,0.370977,0.341834,0.770162
1085,9.041667,0.370983,0.341848,0.770598
1086,9.050000,0.370966,0.341875,0.771050
1087,9.058333,0.370971,0.341891,0.771541
1088,9.066667,0.370956,0.341858,0.772069
1089,9.075000,0.370956,0.341831,0.772631
1090,9.083333,0.370935,0.341842,0.773192
1091,9.091667,0.370908,0.341845,0.773770
1092,9.100000,0.370933,0.341853,0.774323
1093,9.108333,0.370942,0.341850,0.774881
1094,9.116667,0.370947,0.341837,0.775427
1095,9.125000,0.370961,0.341855,0.775964
1096,9.133333,0.370930,0.341865,0.776567
1097,9.141667,0.370914,0.341869,0.777124
1098,9.150000,0.370908,0.341865,0.777730
1099,9.158333,0.370899,0.341849,0.778342
1100,9.166667,0.370899,0.341885,0.778968
1101,9.175000,0.370905,0.341888,0.779652
1102,9.183333,0.370911,0.341874,0.780333
1103,9.191667,0.370913,0.341844,0.781062
1104,9.200000,0.370894,0.341827,0.781754
1105,9.208333,0.370887,0.341840,0.782461
1106,9.216667,0.370864,0.341838,0.783151
1107,9.225000,0.370886,0.341836,0.783785
1108,9.233333,0.370906,0.341836,0.784419
1109,9.241667,0.370911,0.341849,0.785036
1110,9.250000,0.370894,0.341871,0.785695
1111,9.258333,0.370890,0.341867,0.786300
1112,9.266667,0.370899,0.341858,0.786980
1113,9.275000,0.370889,0.341855,0.787700
1114,9.283333,0.370881,0.341872,0.788399
1115,9.291667,0.370900,0.341864,0.789134
1116,9.300000,0.370937,0.341850,0.789843
1117,9.308333,0.370924,0.341820,0.790552
1118,9.316667,0.370904,0.341830,0.791293
1119,9.325000,0.370882,0.341837,0.791942
1120,9.333333,0.370879,0.341842,0.792600
1121,9.341667,0.370862,0.341866,0.793276
1122,9.350000,0.370840,0.341887,0.793960
1123,9.358333,0.370854,0.341882,0.794707
1124,9.366667,0.370863,0.341853,0.795409
1125,9.375000,0.370861,0.341847,0.796173
1126,9.383333,0.370834,0.341863,0.796939
1127,9.391667,0.370808,0.341861,0.797684
1128,9.400000,0.370806,0.341835,0.798410
1129,9.408333,0.370802,0.341847,0.799138
1130,9.416667,0.370795,0.341863,0.799797
1131,9.425000,0.370804,0.341860,0.800508
1132,9.433333,0.370799,0.341847,0.801170
1133,9.441667,0.370797,0.341854,0.801836
1134,9.450000,0.370791,0.341876,0.802524
1135,9.458333,0.370763,0.341884,0.803217
1136,9.466667,0.370755,0.341865,0.803949
1137,9.475000,0.370763,0.341835,0.804637
1138,9.483333,0.370775,0.341853,0.805337
1139,9.491667,0.370763,0.341865,0.806044
1140,9.500000,0.370774,0.341854,0.806704
1141,9.508333,0.370769,0.341855,0.807367
1142,9.516667,0.370758,0.341878,0.807986
1143,9.525000,0.370746,0.341885,0.808660
1144,9.533333,0.370736,0.341874,0.809340
1145,9.541667,0.370751,0.341883,0.809988
1146,9.550000,0.370773,0.341865,0.810708
1147,9.558333,0.370767,0.341885,0.811410
1148,9.566667,0.370725,0.341879,0.812129
1149,9.575000,0.370719,0.341867,0.812830
1150,9.583333,0.370685,0.341862,0.813455
1151,9.591667,0.370668,0.341885,0.814118
1152,9.600000,0.370649,0.341900,0.814715
1153,9.608333,0.370670,0.341910,0.815326
1154,9.616667,0.370681,0.341898,0.815933
1155,9.625000,0.370685,0.341893,0.816580
1156,9.633333,0.370693,0.341892,0.817221
1157,9.641667,0.370666,0.341895,0.817877
1158,9.650000,0.370652,0.341889,0.818554
1159,9.658333,0.370635,0.341887,0.819164
1160,9.666667,0.370622,0.341893,0.819791
1161,9.675000,0.370630,0.341895,0.820388
1162,9.683333,0.370639,0.341907,0.820974
1163,9.691667,0.370652,0.341902,0.821480
1164,9.700000,0.370650,0.341891,0.822042
1165,9.708333,0.370641,0.341909,0.822555
1166,9.716667,0.370627,0.341910,0.823129
1167,9.725000,0.370616,0.341938,0.823685
1168,9.733333,0.370610,0.341924,0.824293
1169,9.741667,0.370609,0.341897,0.824888
1170,9.750000,0.370606,0.341890,0.825511
1171,9.758333,0.370606,0.341904,0.826055
1172,9.766667,0.370604,0.341916,0.826652
1173,9.775000,0.370606,0.341913,0.827169
1174,9.783333,0.370605,0.341915,0.827721
1175,9.791667,0.370598,0.341915,0.828266
1176,9.800000,0.370590,0.341936,0.828833
1177,9.808333,0.370582,0.341941,0.829426
1178,9.816667,0.370576,0.341925,0.830066
1179,9.825000,0.370582,0.341921,0.830670
1180,9.833333,0.370606,0.341897,0.831329
1181,9.841667,0.370594,0.341907,0.831994
1182,9.850000,0.370587,0.341912,0.832625
1183,9.858333,0.370567,0.341911,0.833268
1184,9.866667,0.370560,0.341895,0.833882
1185,9.875000,0.370527,0.341908,0.834510
1186,9.883333,0.370504,0.341926,0.835082
1187,9.891667,0.370496,0.341912,0.835720
1188,9.900000,0.370481,0.341927,0.836314
1189,9.908333,0.370499,0.341912,0.836910
1190,9.916667,0.370505,0.341928,0.837530
1191,9.925000,0.370502,0.341933,0.838171
1192,9.933333,0.370488,0.341951,0.838803
1193,9.941667,0.370469,0.341938,0.839430
1194,9.950000,0.370472,0.341917,0.840094
1195,9.958333,0.370464,0.341934,0.840704
1196,9.966667,0.370474,0.341934,0.841353
1197,9.975000,0.370487,0.341937,0.841976
1198,9.983333,0.370486,0.341932,0.842591
1199,9.991667,0.370514,0.341942,0.843181
1200,10.000000,0.370507,0.341939,0.843798
1201,10.008333,0.370496,0.341927,0.844444
1202,10.016667,0.370471,0.341965,0.845053
1203,10.025000,0.370465,0.341954,0.845709
1204,10.033333,0.370469,0.341948,0.846369
1205,10.041667,0.370468,0.341956,0.847064
1206,10.050000,0.370474,0.341981,0.847759
1207,10.058333,0.370469,0.341959,0.848441
1208,10.066667,0.370474,0.341947,0.849162
1209,10.075000,0.370457,0.341949,0.849866
1210,10.083333,0.370438,0.341954,0.850575
1211,10.091667,0.370421,0.341961,0.851299
1212,10.100000,0.370412,0.341945,0.851996
1213,10.108333,0.370411,0.341941,0.852702
1214,10.116667,0.370397,0.341944,0.853385
1215,10.125000,0.370393,0.341957,0.854032
1216,10.133333,0.370387,0.341962,0.854694
1217,10.141667,0.370381,0.341980,0.855345
1218,10.150000,0.370355,0.341972,0.856024
1219,10.158333,0.370351,0.341970,0.856687
1220,10.166667,0.370338,0.341985,0.857379
1221,10.175000,0.370357,0.341949,0.858083
1222,10.183333,0.370365,0.341936,0.858751
1223,10.191667,0.370373,0.341956,0.859417
1224,10.200000,0.370369,0.341968,0.860058
1225,10.208333,0.370339,0.341959,0.860686
1226,10.216667,0.370333,0.341971,0.861311
1227,10.225000,0.370306,0.341980,0.861892
1228,10.233333,0.370296,0.341980,0.862520
1229,10.241667,0.370300,0.341985,0.863121
1230,10.250000,0.370300,0.341991,0.863744
1231,10.258333,0.370312,0.341963,0.864350
1232,10.266667,0.370321,0.341962,0.864971
1233,10.275000,0.370312,0.341979,0.865555
1234,10.283333,0.370299,0.341968,0.866138
1235,10.291667,0.370266,0.341978,0.866722
1236,10.300000,0.370261,0.341994,0.867278
1237,10.308333,0.370248,0.341997,0.867865
1238,10.316667,0.370238,0.341992,0.868464
1239,10.325000,0.370241,0.342017,0.869084
1240,10.333333,0.370222,0.341982,0.869699
1241,10.341667,0.370234,0.341947,0.870324
1242,10.350000,0.370237,0.341952,0.870866
1243,10.358333,0.370234,0.341942,0.871408
1244,10.366667,0.370224,0.341964,0.871880
1245,10.375000,0.370210,0.341967,0.872350
1246,10.383333,0.370185,0.341993,0.872803
1247,10.391667,0.370174,0.342004,0.873271
1248,10.400000,0.370168,0.342001,0.873784
1249,10.408333,0.370157,0.342002,0.874299
1250,10.416667,0.370162,0.341996,0.874894
1251,10.425000,0.370167,0.341982,0.875456
1252,10.433333,0.370173,0.341964,0.876017
1253,10.441667,0.370170,0.341951,0.876548
1254,10.450000,0.370171,0.341955,0.877026
1255,10.458333,0.370154,0.341966,0.877449
1256,10.466667,0.370168,0.341990,0.877823
1257,10.475000,0.370162,0.341998,0.878206
1258,10.483333,0.370149,0.342016,0.878572
1259,10.491667,0.370144,0.342032,0.879019
1260,10.500000,0.370148,0.342032,0.879516
1261,10.508333,0.370151,0.342010,0.880061
1262,10.516667,0.370172,0.341989,0.880605
1263,10.525000,0.370195,0.341980,0.881156
1264,10.533333,0.370202,0.341962,0.881653
1265,10.541667,0.370194,0.341977,0.882088
1266,10.550000,0.370191,0.342003,0.882489
1267,10.558333,0.370182,0.342010,0.882863
1268,10.566667,0.370172,0.342035,0.883230
1269,10.575000,0.370168,0.342056,0.883693
1270,10.583333,0.370148,0.342066,0.884158
1271,10.591667,0.370145,0.342038,0.884724
1272,10.600000,0.370163,0.342034,0.885327
1273,10.608333,0.370164,0.342012,0.885936
1274,10.616667,0.370135,0.342011,0.886527
1275,10.625000,0.370137,0.342005,0.887132
1276,10.633333,0.370141,0.342006,0.887656
1277,10.641667,0.370124,0.342018,0.888214
1278,10.650000,0.370109,0.342029,0.888718
1279,10.658333,0.370109,0.342047,0.889263
1280,10.666667,0.370088,0.342069,0.889826
1281,10.675000,0.370076,0.342061,0.890442
1282,10.683333,0.370090,0.342066,0.891103
1283,10.691667,0.370084,0.342041,0.891779
1284,10.700000,0.370079,0.342019,0.892458
1285,10.708333,0.370090,0.342022,0.893092
1286,10.716667,0.370082,0.342026,0.893722
1287,10.725000,0.370067,0.342037,0.894295
1288,10.733333,0.370060,0.342041,0.894870
1289,10.741667,0.370049,0.342065,0.895441
1290,10.750000,0.370036,0.342072,0.896070
1291,10.758333,0.370043,0.342056,0.896695
1292,10.766667,0.370047,0.342056,0.897384
1293,10.775000,0.370033,0.342041,0.898088
1294,10.783333,0.370046,0.342025,0.898802
1295,10.791667,0.370038,0.342011,0.899491
1296,10.800000,0.370022,0.342021,0.900139
1297,10.808333,0.370018,0.342018,0.900717
1298,10.816667,0.370001,0.342027,0.901295
1299,10.825000,0.370004,0.342057,0.901813
1300,10.833333,0.369990,0.342073,0.902370
1301,10.841667,0.369993,0.342064,0.902939
1302,10.850000,0.370011,0.342075,0.903546
1303,10.858333,0.370011,0.342050,0.904166
1304,10.866667,0.370005,0.342038,0.904821
1305,10.875000,0.369993,0.342027,0.905433
1306,10.883333,0.370000,0.342026,0.906021
1307,10.891667,0.369998,0.342027,0.906542
1308,10.900000,0.370001,0.342039,0.907014
1309,10.908333,0.370016,0.342070,0.907467
1310,10.916667,0.370022,0.342095,0.907907
1311,10.925000,0.370019,0.342089,0.908395
1312,10.933333,0.370024,0.342106,0.908924
1313,10.941667,0.370031,0.342087,0.909512
1314,10.950000,0.370024,0.342070,0.910142
1315,10.958333,0.370026,0.342045,0.910746
1316,10.966667,0.370024,0.342040,0.911341
1317,10.975000,0.370018,0.342053,0.911874
1318,10.983333,0.370006,0.342063,0.912348
1319,10.991667,0.369994,0.342063,0.912761
1320,11.000000,0.369995,0.342095,0.913149
1321,11.008333,0.369997,0.342114,0.913597
1322,11.016667,0.370002,0.342124,0.914044
1323,11.025000,0.369999,0.342108,0.914588
1324,11.033333,0.369984,0.342108,0.915143
1325,11.041667,0.369986,0.342104,0.915756
1326,11.050000,0.370000,0.342066,0.916338
1327,11.058333,0.369996,0.342045,0.916877
1328,11.066667,0.369997,0.342050,0.917345
1329,11.075000,0.369988,0.342067,0.917794
1330,11.083333,0.369981,0.342092,0.918175
1331,11.091667,0.369975,0.342112,0.918539
1332,11.100000,0.369974,0.342122,0.918963
1333,11.108333,0.369977,0.342133,0.919393
1334,11.116667,0.369992,0.342124,0.919906
1335,11.125000,0.369984,0.342111,0.920446
1336,11.133333,0.369980,0.342096,0.921009
1337,11.141667,0.369964,0.342071,0.921571
1338,11.150000,0.369967,0.342067,0.922080
1339,11.158333,0.369970,0.342063,0.922525
1340,11.166667,0.369968,0.342080,0.922889
1341,11.175000,0.369966,0.342094,0.923241
1342,11.183333,0.369964,0.342117,0.923556
1343,11.191667,0.369975,0.342136,0.923906
1344,11.200000,0.369972,0.342160,0.924297
1345,11.208333,0.369972,0.342150,0.924732
1346,11.216667,0.369964,0.342135,0.925226
1347,11.225000,0.369961,0.342104,0.925738
1348,11.233333,0.369962,0.342084,0.926220
1349,11.241667,0.369970,0.342065,0.926679
1350,11.250000,0.369969,0.342069,0.927036
1351,11.258333,0.369952,0.342084,0.927349
1352,11.266667,0.369959,0.342107,0.927640
1353,11.275000,0.369958,0.342158,0.927911
1354,11.283333,0.369955,0.342173,0.928221
1355,11.291667,0.369952,0.342178,0.928621
1356,11.300000,0.369933,0.342170,0.929077
1357,11.308333,0.369926,0.342151,0.929608
1358,11.316667,0.369931,0.342112,0.930162
1359,11.325000,0.369940,0.342091,0.930685
1360,11.333333,0.369941,0.342077,0.931192
1361,11.341667,0.369942,0.342090,0.931578
1362,11.350000,0.369934,0.342099,0.931920
1363,11.358333,0.369933,0.342144,0.932221
1364,11.366667,0.369928,0.342176,0.932526
1365,11.375000,0.369937,0.342180,0.932901
1366,11.383333,0.369934,0.342178,0.933334
1367,11.391667,0.369925,0.342172,0.933859
1368,11.400000,0.369904,0.342158,0.934446
1369,11.408333,0.369892,0.342132,0.935027
1370,11.416667,0.369893,0.342092,0.935601
1371,11.425000,0.369884,0.342088,0.936079
1372,11.433333,0.369886,0.342092,0.936496
1373,11.441667,0.369871,0.342131,0.936821
1374,11.450000,0.369859,0.342156,0.937130
1375,11.458333,0.369859,0.342185,0.937445
1376,11.466667,0.369859,0.342205,0.937793
1377,11.475000,0.369849,0.342214,0.938235
1378,11.483333,0.369848,0.342194,0.938748
1379,11.491667,0.369837,0.342164,0.939258
1380,11.500000,0.369848,0.342119,0.939798
1381,11.508333,0.369841,0.342110,0.940228
1382,11.516667,0.369843,0.342098,0.940627
1383,11.525000,0.369829,0.342128,0.940936
1384,11.533333,0.369823,0.342166,0.941197
1385,11.541667,0.369823,0.342180,0.941449
1386,11.550000,0.369819,0.342204,0.941729
1387,11.558333,0.369828,0.342205,0.942065
1388,11.566667,0.369827,0.342207,0.942457
1389,11.575000,0.369839,0.342201,0.942896
1390,11.583333,0.369833,0.342156,0.943369
1391,11.591667,0.369824,0.342156,0.943802
1392,11.600000,0.369813,0.342145,0.944211
1393,11.608333,0.369809,0.342158,0.944532
1394,11.616667,0.369805,0.342171,0.944816
1395,11.625000,0.369799,0.342193,0.945063
1396,11.633333,0.369806,0.342212,0.945280
1397,11.641667,0.369802,0.342226,0.945504
1398,11.650000,0.369809,0.342232,0.945776
1399,11.658333,0.369811,0.342229,0.946091
1400,11.666667,0.369812,0.342218,0.946443
1401,11.675000,0.369822,0.342195,0.946798
1402,11.683333,0.369834,0.342207,0.947137
1403,11.691667,0.369817,0.342196,0.947468
1404,11.700000,0.369821,0.342197,0.947741
1405,11.708333,0.369814,0.342208,0.947957
1406,11.716667,0.369823,0.342221,0.948183
1407,11.725000,0.369830,0.342226,0.948407
1408,11.733333,0.369835,0.342243,0.948645
1409,11.741667,0.369838,0.342252,0.948887
1410,11.750000,0.369846,0.342224,0.949205
1411,11.758333,0.369846,0.342222,0.949543
1412,11.766667,0.369845,0.342222,0.949893
1413,11.775000,0.369843,0.342213,0.950241
1414,11.783333,0.369839,0.342211,0.950581
1415,11.791667,0.369820,0.342227,0.950909
1416,11.800000,0.369815,0.342242,0.951207
1417,11.808333,0.369814,0.342262,0.951520
1418,11.816667,0.369812,0.342263,0.951851
1419,11.825000,0.369801,0.342272,0.952174
1420,11.833333,0.369799,0.342270,0.952537
1421,11.841667,0.369804,0.342261,0.952953
1422,11.850000,0.369811,0.342244,0.953357
1423,11.858333,0.369820,0.342234,0.953803
1424,11.866667,0.369813,0.342248,0.954203
1425,11.875000,0.369809,0.342243,0.954604
1426,11.883333,0.369803,0.342260,0.954975
1427,11.891667,0.369801,0.342267,0.955327
1428,11.900000,0.369814,0.342265,0.955683
1429,11.908333,0.369810,0.342265,0.956061
1430,11.916667,0.369803,0.342273,0.956449
1431,11.925000,0.369807,0.342273,0.956863
1432,11.933333,0.369813,0.342266,0.957318
1433,11.941667,0.369814,0.342270,0.957778
1434,11.950000,0.369805,0.342264,0.958253
1435,11.958333,0.369816,0.342254,0.958693
1436,11.966667,0.369810,0.342255,0.959119
1437,11.975000,0.369817,0.342251,0.959511
1438,11.983333,0.369819,0.342258,0.959906
1439,11.991667,0.369822,0.342280,0.960294
1440,12.000000,0.369805,0.342275,0.960693
1441,12.008333,0.369794,0.342300,0.961079
1442,12.016667,0.369802,0.342304,0.961526
1443,12.025000,0.369807,0.342300,0.961948
1444,12.033333,0.369805,0.342273,0.962405
1445,12.041667,0.369813,0.342270,0.962841
1446,12.050000,0.369814,0.342256,0.963274
1447,12.058333,0.369813,0.342269,0.963682
1448,12.066667,0.369805,0.342273,0.964084
1449,12.075000,0.369809,0.342296,0.964475
1450,12.083333,0.369797,0.342298,0.964871
1451,12.091667,0.369802,0.342294,0.965259
1452,12.100000,0.369806,0.342287,0.965709
1453,12.108333,0.369806,0.342271,0.966125
1454,12.116667,0.369795,0.342253,0.966576
1455,12.125000,0.369783,0.342247,0.966995
1456,12.133333,0.369761,0.342252,0.967389
1457,12.141667,0.369731,0.342259,0.967760
1458,12.150000,0.369723,0.342269,0.968086
1459,12.158333,0.369699,0.342290,0.968375
1460,12.166667,0.369702,0.342304,0.968640
1461,12.175000,0.369703,0.342312,0.968924
1462,12.183333,0.369703,0.342286,0.969217
1463,12.191667,0.369704,0.342288,0.969495
1464,12.200000,0.369719,0.342274,0.969806
1465,12.208333,0.369737,0.342263,0.970138
1466,12.216667,0.369758,0.342269,0.970431
1467,12.225000,0.369772,0.342284,0.970732
1468,12.233333,0.369782,0.342296,0.971048
1469,12.241667,0.369802,0.342311,0.971384
1470,12.250000,0.369824,0.342314,0.971767
1471,12.258333,0.369849,0.342308,0.972211
1472,12.266667,0.369853,0.342299,0.972669
1473,12.275000,0.369867,0.342287,0.973170
1474,12.283333,0.369871,0.342257,0.973703
1475,12.291667,0.369868,0.342254,0.974226
1476,12.300000,0.369861,0.342265,0.974724
1477,12.308333,0.369860,0.342273,0.975198
1478,12.316667,0.369859,0.342290,0.975660
1479,12.325000,0.369847,0.342297,0.976123
1480,12.333333,0.369837,0.342299,0.976624
1481,12.341667,0.369827,0.342310,0.977144
1482,12.350000,0.369806,0.342303,0.977734
1483,12.358333,0.369782,0.342302,0.978325
1484,12.366667,0.369769,0.342279,0.978954
1485,12.375000,0.369746,0.342255,0.979543
1486,12.383333,0.369743,0.342241,0.980078
1487,12.391667,0.369730,0.342240,0.980583
1488,12.400000,0.369714,0.342247,0.981045
1489,12.408333,0.369682,0.342275,0.981459
1490,12.416667,0.369672,0.342298,0.981882
1491,12.425000,0.369643,0.342294,0.982294
1492,12.433333,0.369637,0.342273,0.982734
1493,12.441667,0.369625,0.342272,0.983195
1494,12.450000,0.369634,0.342264,0.983632
1495,12.458333,0.369626,0.342258,0.984059
1496,12.466667,0.369634,0.342265,0.984466
1497,12.475000,0.369630,0.342281,0.984854
1498,12.483333,0.369623,0.342278,0.985203
1499,12.491667,0.369627,0.342281,0.985521
1500,12.500000,0.369619,0.342298,0.985804
1501,12.508333,0.369616,0.342298,0.986117
1502,12.516667,0.369611,0.342291,0.986430
1503,12.525000,0.369606,0.342283,0.986736
1504,12.533333,0.369594,0.342271,0.987087
1505,12.541667,0.369599,0.342265,0.987426
1506,12.550000,0.369592,0.342258,0.987740
1507,12.558333,0.369583,0.342263,0.988042
1508,12.566667,0.369575,0.342279,0.988306
1509,12.575000,0.369565,0.342305,0.988550
1510,12.583333,0.369561,0.342305,0.988800
1511,12.591667,0.369558,0.342312,0.989056
1512,12.600000,0.369557,0.342313,0.989336
1513,12.608333,0.369552,0.342308,0.989642
1514,12.616667,0.369556,0.342292,0.989961
1515,12.625000,0.369548,0.342279,0.990314
1516,12.633333,0.369543,0.342265,0.990683
1517,12.641667,0.369538,0.342263,0.990990
1518,12.650000,0.369515,0.342264,0.991309
1519,12.658333,0.369503,0.342284,0.991610
1520,12.666667,0.369499,0.342309,0.991882
1521,12.675000,0.369498,0.342318,0.992155
1522,12.683333,0.369492,0.342328,0.992446
1523,12.691667,0.369495,0.342328,0.992751
1524,12.700000,0.369475,0.342320,0.993087
1525,12.708333,0.369481,0.342301,0.993442
1526,12.716667,0.369478,0.342291,0.993808
1527,12.725000,0.369464,0.342279,0.994145
1528,12.733333,0.369463,0.342284,0.994457
1529,12.741667,0.369460,0.342284,0.994793
1530,12.750000,0.369468,0.342308,0.995099
1531,12.758333,0.369466,0.342326,0.995425
1532,12.766667,0.369458,0.342321,0.995794
1533,12.775000,0.369455,0.342322,0.996155
1534,12.783333,0.369463,0.342305,0.996554
1535,12.791667,0.369461,0.342296,0.996962
1536,12.800000,0.369457,0.342279,0.997366
1537,12.808333,0.369439,0.342289,0.997747
1538,12.816667,0.369428,0.342285,0.998137
1539,12.825000,0.369396,0.342307,0.998483
1540,12.833333,0.369370,0.342331,0.998845
1541,12.841667,0.369371,0.342331,0.999227
1542,12.850000,0.369355,0.342351,0.999591
1543,12.858333,0.369366,0.342328,0.999997
1544,12.866667,0.369354,0.342319,1.000404
1545,12.875000,0.369347,0.342308,1.000822
1546,12.883333,0.369351,0.342310,1.001217
1547,12.891667,0.369347,0.342297,1.001604
1548,12.900000,0.369361,0.342308,1.001963
1549,12.908333,0.369361,0.342316,1.002343
1550,12.916667,0.369352,0.342321,1.002699
1551,12.925000,0.369349,0.342326,1.003067
1552,12.933333,0.369348,0.342326,1.003489
1553,12.941667,0.369346,0.342308,1.003895
1554,12.950000,0.369340,0.342299,1.004334
1555,12.958333,0.369339,0.342277,1.004759
1556,12.966667,0.369327,0.342276,1.005172
1557,12.975000,0.369301,0.342295,1.005547
1558,12.983333,0.369283,0.342298,1.005884
1559,12.991667,0.369262,0.342319,1.006163
1560,13.000000,0.369253,0.342334,1.006442
1561,13.008333,0.369242,0.342334,1.006715
1562,13.016667,0.369231,0.342343,1.006975
1563,13.025000,0.369237,0.342317,1.007247
1564,13.033333,0.369235,0.342313,1.007563
1565,13.041667,0.369250,0.342307,1.007846
1566,13.050000,0.369259,0.342302,1.008109
1567,13.058333,0.369275,0.342285,1.008369
1568,13.066667,0.369272,0.342309,1.008610
1569,13.075000,0.369289,0.342313,1.008836
1570,13.083333,0.369281,0.342316,1.009047
1571,13.091667,0.369276,0.342329,1.009271
1572,13.100000,0.369271,0.342343,1.009495
1573,13.108333,0.369280,0.342342,1.009725
1574,13.116667,0.369274,0.342321,1.009960
1575,13.125000,0.369268,0.342312,1.010198
1576,13.133333,0.369264,0.342324,1.010414
1577,13.141667,0.369260,0.342319,1.010626
1578,13.150000,0.369257,0.342311,1.010826
1579,13.158333,0.369254,0.342323,1.010995
1580,13.166667,0.369251,0.342331,1.011165
1581,13.175000,0.369259,0.342323,1.011346
1582,13.183333,0.369244,0.342314,1.011563
1583,13.191667,0.369240,0.342312,1.011812
1584,13.200000,0.369241,0.342319,1.012066
1585,13.208333,0.369228,0.342310,1.012294
1586,13.216667,0.369225,0.342308,1.012519
1587,13.225000,0.369218,0.342310,1.012713
1588,13.233333,0.369216,0.342319,1.012873
1589,13.241667,0.369213,0.342325,1.013000
1590,13.250000,0.369220,0.342346,1.013116
1591,13.258333,0.369214,0.342363,1.013240
1592,13.266667,0.369217,0.342366,1.013397
1593,13.275000,0.369223,0.342359,1.013578
1594,13.283333,0.369229,0.342347,1.013773
1595,13.291667,0.369236,0.342341,1.013974
1596,13.300000,0.369242,0.342319,1.014160
1597,13.308333,0.369247,0.342306,1.014313
1598,13.316667,0.369248,0.342313,1.014423
1599,13.325000,0.369247,0.342332,1.014518
1600,13.333333,0.369244,0.342337,1.014595
1601,13.341667,0.369251,0.342340,1.014687
1602,13.350000,0.369253,0.342345,1.014794
1603,13.358333,0.369268,0.342327,1.014915
1604,13.366667,0.369255,0.342311,1.015042
1605,13.375000,0.369262,0.342301,1.015146
1606,13.383333,0.369274,0.342289,1.015200
1607,13.391667,0.369271,0.342293,1.015212
1608,13.400000,0.369276,0.342299,1.015160
1609,13.408333,0.369276,0.342326,1.015073
1610,13.416667,0.369279,0.342348,1.014966
1611,13.425000,0.369278,0.342373,1.014886
1612,13.433333,0.369285,0.342373,1.014856
1613,13.441667,0.369292,0.342379,1.014874
1614,13.450000,0.369297,0.342366,1.014933
1615,13.458333,0.369299,0.342348,1.015023
1616,13.466667,0.369323,0.342322,1.015105
1617,13.475000,0.369315,0.342322,1.015145
1618,13.483333,0.369320,0.342334,1.015137
1619,13.491667,0.369327,0.342351,1.015086
1620,13.500000,0.369331,0.342380,1.014994
1621,13.508333,0.369333,0.342404,1.014916
1622,13.516667,0.369336,0.342411,1.014848
1623,13.525000,0.369354,0.342413,1.014834
1624,13.533333,0.369366,0.342414,1.014851
1625,13.541667,0.369376,0.342417,1.014903
1626,13.550000,0.369402,0.342393,1.014979
1627,13.558333,0.369407,0.342388,1.015041
1628,13.566667,0.369419,0.342380,1.015064
1629,13.575000,0.369436,0.342390,1.015052
1630,13.583333,0.369448,0.342413,1.014997
1631,13.591667,0.369463,0.342421,1.014937
1632,13.600000,0.369471,0.342433,1.014880
1633,13.608333,0.369472,0.342458,1.014831
1634,13.616667,0.369493,0.342457,1.014822
1635,13.625000,0.369508,0.342448,1.014846
1636,13.633333,0.369520,0.342432,1.014897
1637,13.641667,0.369510,0.342434,1.014951
1638,13.650000,0.369524,0.342427,1.014993
1639,13.658333,0.369524,0.342419,1.015006
1640,13.666667,0.369530,0.342427,1.014997
1641,13.675000,0.369539,0.342436,1.014968
1642,13.683333,0.369543,0.342443,1.014929
1643,13.691667,0.369545,0.342453,1.014889
1644,13.700000,0.369549,0.342467,1.014879
1645,13.708333,0.369554,0.342452,1.014874
1646,13.716667,0.369553,0.342453,1.014899
1647,13.725000,0.369566,0.342434,1.014934
1648,13.733333,0.369566,0.342428,1.014978
1649,13.741667,0.369563,0.342422,1.015007
1650,13.750000,0.369560,0.342423,1.015019
1651,13.758333,0.369566,0.342430,1.015002
1652,13.766667,0.369570,0.342429,1.014969
1653,13.775000,0.369571,0.342439,1.014932
1654,13.783333,0.369563,0.342438,1.014933
1655,13.791667,0.369561,0.342427,1.014916
1656,13.800000,0.369565,0.342437,1.014914
1657,13.808333,0.369568,0.342449,1.014922
1658,13.816667,0.369573,0.342420,1.014988
1659,13.825000,0.369562,0.342398,1.015052
1660,13.833333,0.369552,0.342389,1.015085
1661,13.841667,0.369572,0.342410,1.015073
1662,13.850000,0.369579,0.342427,1.015035
1663,13.858333,0.369577,0.342420,1.015014
1664,13.866667,0.369559,0.342392,1.015011
1665,13.875000,0.369562,0.342404,1.015001
1666,13.883333,0.369575,0.342426,1.014979
1667,13.891667,0.369582,0.342436,1.014960
1668,13.900000,0.369582,0.342416,1.014982
1669,13.908333,0.369567,0.342398,1.015035
1670,13.916667,0.369559,0.342399,1.015064
1671,13.925000,0.369576,0.342394,1.015076
1672,13.933333,0.369570,0.342395,1.015059
1673,13.941667,0.369571,0.342397,1.015049
1674,13.950000,0.369572,0.342404,1.015031
1675,13.958333,0.369585,0.342409,1.014998
1676,13.966667,0.369581,0.342411,1.014985
1677,13.975000,0.369577,0.342405,1.014973
1678,13.983333,0.369569,0.342405,1.014989
1679,13.991667,0.369572,0.342403,1.015006
1680,14.000000,0.369586,0.342400,1.015020
1681,14.008333,0.369586,0.342394,1.015045
1682,14.016667,0.369582,0.342397,1.015049
1683,14.025000,0.369567,0.342393,1.015057
1684,14.033333,0.369581,0.342390,1.015044
1685,14.041667,0.369580,0.342400,1.015019
1686,14.050000,0.369584,0.342408,1.014998
1687,14.058333,0.369580,0.342394,1.014981
1688,14.066667,0.369581,0.342400,1.014996
1689,14.075000,0.369569,0.342411,1.015016
1690,14.083333,0.369586,0.342394,1.015028
1691,14.091667,0.369583,0.342388,1.015039
1692,14.100000,0.369579,0.342385,1.015048
1693,14.108333,0.369577,0.342385,1.015054
1694,14.116667,0.369581,0.342395,1.015045
1695,14.125000,0.369582,0.342397,1.015035
1696,14.133333,0.369574,0.342401,1.015014
1697,14.141667,0.369572,0.342398,1.014985
1698,14.150000,0.369580,0.342397,1.014963
1699,14.158333,0.369587,0.342399,1.014970
1700,14.166667,0.369585,0.342401,1.014993
1701,14.175000,0.369575,0.342400,1.015016
1702,14.183333,0.369576,0.342398,1.015013
1703,14.191667,0.369585,0.342397,1.015021
1704,14.200000,0.369581,0.342399,1.015027
1705,14.208333,0.369580,0.342396,1.015027
1706,14.216667,0.369583,0.342383,1.015013
1707,14.225000,0.369582,0.342398,1.014994
1708,14.233333,0.369586,0.342411,1.014980
1709,14.241667,0.369585,0.342404,1.014979
1710,14.250000,0.369580,0.342389,1.014992
1711,14.258333,0.369581,0.342388,1.015006
1712,14.266667,0.369581,0.342394,1.015005
1713,14.275000,0.369583,0.342398,1.015012
1714,14.283333,0.369578,0.342402,1.015020
1715,14.291667,0.369581,0.342394,1.015030
1716,14.300000,0.369584,0.342394,1.015016
1717,14.308333,0.369586,0.342393,1.014995
1718,14.316667,0.369591,0.342394,1.014989
1719,14.325000,0.369587,0.342388,1.014993
1720,14.333333,0.369581,0.342396,1.014996
1721,14.341667,0.369583,0.342403,1.014995
1722,14.350000,0.369584,0.342410,1.015002
1723,14.358333,0.369593,0.342384,1.015012
1724,14.366667,0.369581,0.342386,1.015020
1725,14.375000,0.369589,0.342387,1.015030
1726,14.383333,0.369588,0.342389,1.015018
1727,14.391667,0.369588,0.342399,1.015007
1728,14.400000,0.369582,0.342407,1.015008
1729,14.408333,0.369582,0.342402,1.015001
1730,14.416667,0.369584,0.342390,1.015004
1731,14.425000,0.369591,0.342390,1.014997
1732,14.433333,0.369585,0.342400,1.014997
1733,14.441667,0.369585,0.342395,1.015002
1734,14.450000,0.369591,0.342389,1.015018
1735,14.458333,0.369593,0.342392,1.015028
1736,14.466667,0.369585,0.342388,1.015020
1737,14.475000,0.369592,0.342384,1.015020
1738,14.483333,0.369588,0.342387,1.015010
1739,14.491667,0.369580,0.342397,1.015002
1740,14.500000,0.369588,0.342395,1.014987
1741,14.508333,0.369588,0.342393,1.014977
1742,14.516667,0.369594,0.342389,1.014976
1743,14.525000,0.369585,0.342390,1.014978
1744,14.533333,0.369583,0.342392,1.014987
1745,14.541667,0.369586,0.342391,1.014991
1746,14.550000,0.369596,0.342388,1.014989
1747,14.558333,0.369584,0.342391,1.015000
1748,14.566667,0.369576,0.342394,1.014992
1749,14.575000,0.369584,0.342384,1.014988
1750,14.583333,0.369594,0.342379,1.014971
1751,14.591667,0.369582,0.342397,1.014951
1752,14.600000,0.369582,0.342405,1.014944
1753,14.608333,0.369584,0.342402,1.014939
1754,14.616667,0.369591,0.342398,1.014940
1755,14.625000,0.369584,0.342395,1.014944
1756,14.633333,0.369591,0.342389,1.014950
1757,14.641667,0.369583,0.342393,1.014959
1758,14.650000,0.369583,0.342396,1.014956
1759,14.658333,0.369589,0.342396,1.014957
1760,14.666667,0.369578,0.342399,1.014950
1761,14.675000,0.369589,0.342395,1.014932
1762,14.683333,0.369583,0.342396,1.014925
1763,14.691667,0.369582,0.342402,1.014920
1764,14.700000,0.369582,0.342399,1.014921
1765,14.708333,0.369587,0.342401,1.014925
1766,14.716667,0.369584,0.342406,1.014931
1767,14.725000,0.369582,0.342408,1.014943
1768,14.733333,0.369582,0.342397,1.014948
1769,14.741667,0.369583,0.342394,1.014937
1770,14.750000,0.369588,0.342398,1.014931
1771,14.758333,0.369582,0.342413,1.014915
1772,14.766667,0.369592,0.342395,1.014901
1773,14.775000,0.369582,0.342409,1.014883
1774,14.783333,0.369584,0.342409,1.014875
1775,14.791667,0.369585,0.342410,1.014877
1776,14.800000,0.369595,0.342399,1.014879
1777,14.808333,0.369585,0.342406,1.014882
1778,14.816667,0.369582,0.342407,1.014880
1779,14.825000,0.369591,0.342405,1.014884
1780,14.833333,0.369582,0.342410,1.014885
1781,14.841667,0.369592,0.342397,1.014884
1782,14.850000,0.369583,0.342405,1.014877
1783,14.858333,0.369578,0.342410,1.014871
1784,14.866667,0.369581,0.342416,1.014848
1785,14.875000,0.369587,0.342414,1.014845
1786,14.883333,0.369580,0.342424,1.014825
1787,14.891667,0.369582,0.342418,1.014815
1788,14.900000,0.369588,0.342408,1.014806
1789,14.908333,0.369597,0.342408,1.014802
1790,14.916667,0.369579,0.342422,1.014794
1791,14.925000,0.369589,0.342415,1.014799
1792,14.933333,0.369583,0.342415,1.014797
1793,14.941667,0.369579,0.342421,1.014785
1794,14.950000,0.369579,0.342421,1.014770
1795,14.958333,0.369583,0.342416,1.014753
1796,14.966667,0.369584,0.342427,1.014741
1797,14.975000,0.369581,0.342439,1.014735
1798,14.983333,0.369587,0.342436,1.014747
1799,14.991667,0.369582,0.342427,1.014761
1800,15.000000,0.369589,0.342419,1.014787
1801,15.008333,0.369587,0.342413,1.014805
1802,15.016667,0.369585,0.342411,1.014809
1803,15.025000,0.369587,0.342415,1.014799
1804,15.033333,0.369581,0.342421,1.014775
1805,15.041667,0.369584,0.342432,1.014740
1806,15.050000,0.369588,0.342430,1.014701
1807,15.058333,0.369583,0.342444,1.014670
1808,15.066667,0.369581,0.342445,1.014654
1809,15.075000,0.369572,0.342450,1.014667
1810,15.083333,0.369575,0.342440,1.014710
1811,15.091667,0.369584,0.342434,1.014754
1812,15.100000,0.369586,0.342415,1.014785
1813,15.108333,0.369585,0.342410,1.014801
1814,15.116667,0.369582,0.342411,1.014786
1815,15.125000,0.369582,0.342424,1.014750
1816,15.133333,0.369576,0.342442,1.014692
1817,15.141667,0.369579,0.342457,1.014642
1818,15.150000,0.369577,0.342458,1.014622
1819,15.158333,0.369579,0.342457,1.014630
1820,15.166667,0.369586,0.342446,1.014669
1821,15.175000,0.369582,0.342428,1.014721
1822,15.183333,0.369583,0.342421,1.014760
1823,15.191667,0.369576,0.342426,1.014780
1824,15.200000,0.369582,0.342419,1.014773
1825,15.208333,0.369585,0.342426,1.014739
1826,15.216667,0.369578,0.342443,1.014690
1827,15.225000,0.369578,0.342449,1.014653
1828,15.233333,0.369575,0.342459,1.014627
1829,15.241667,0.369580,0.342452,1.014631
1830,15.250000,0.369581,0.342445,1.014664
1831,15.258333,0.369569,0.342447,1.014690
1832,15.266667,0.369583,0.342434,1.014733
1833,15.275000,0.369586,0.342417,1.014750
1834,15.283333,0.369580,0.342426,1.014744
1835,15.291667,0.369572,0.342436,1.014704
1836,15.300000,0.369566,0.342453,1.014666
1837,15.308333,0.369573,0.342457,1.014624
1838,15.316667,0.369576,0.342455,1.014600
1839,15.325000,0.369574,0.342457,1.014600
1840,15.333333,0.369578,0.342449,1.014623
1841,15.341667,0.369572,0.342452,1.014656
1842,15.350000,0.369575,0.342438,1.014693
1843,15.358333,0.369576,0.342434,1.014706
1844,15.366667,0.369580,0.342434,1.014708
1845,15.375000,0.369582,0.342430,1.014669
1846,15.383333,0.369582,0.342449,1.014624
1847,15.391667,0.369570,0.342466,1.014567
1848,15.400000,0.369573,0.342475,1.014537
1849,15.408333,0.369570,0.342468,1.014524
1850,15.416667,0.369574,0.342463,1.014541
1851,15.425000,0.369577,0.342458,1.014561
1852,15.433333,0.369576,0.342447,1.014596
1853,15.441667,0.369569,0.342450,1.014617
1854,15.450000,0.369578,0.342446,1.014622
1855,15.458333,0.369567,0.342454,1.014610
1856,15.466667,0.369575,0.342449,1.014580
1857,15.475000,0.369566,0.342468,1.014541
1858,15.483333,0.369579,0.342458,1.014505
1859,15.491667,0.369571,0.342469,1.014476
1860,15.500000,0.369571,0.342469,1.014454
1861,15.508333,0.369569,0.342477,1.014451
1862,15.516667,0.369568,0.342478,1.014455
1863,15.525000,0.369579,0.342466,1.014482
1864,15.533333,0.369569,0.342464,1.014530
1865,15.541667,0.369577,0.342457,1.014584
1866,15.550000,0.369568,0.342451,1.014611
1867,15.558333,0.369575,0.342440,1.014627
1868,15.566667,0.369562,0.342458,1.014608
1869,15.575000,0.369570,0.342453,1.014558
1870,15.583333,0.369574,0.342458,1.014485
1871,15.591667,0.369569,0.342473,1.014405
1872,15.600000,0.369559,0.342503,1.014360
1873,15.608333,0.369565,0.342504,1.014356
1874,15.616667,0.369566,0.342487,1.014414
1875,15.625000,0.369569,0.342464,1.014508
1876,15.633333,0.369573,0.342452,1.014622
1877,15.641667,0.369570,0.342426,1.014713
1878,15.650000,0.369576,0.342408,1.014750
1879,15.658333,0.369574,0.342420,1.014719
1880,15.666667,0.369574,0.342449,1.014616
1881,15.675000,0.369569,0.342470,1.014490
1882,15.683333,0.369565,0.342491,1.014372
1883,15.691667,0.369559,0.342521,1.014302
1884,15.700000,0.369567,0.342514,1.014309
1885,15.708333,0.369570,0.342487,1.014394
1886,15.716667,0.369567,0.342464,1.014524
1887,15.725000,0.369571,0.342442,1.014648
1888,15.733333,0.369579,0.342418,1.014712
1889,15.741667,0.369573,0.342415,1.014685
1890,15.750000,0.369577,0.342438,1.014567
1891,15.758333,0.369557,0.342490,1.014388
1892,15.766667,0.369559,0.342524,1.014229
1893,15.775000,0.369567,0.342543,1.014139
1894,15.783333,0.369561,0.342544,1.014149
1895,15.791667,0.369568,0.342514,1.014261
1896,15.800000,0.369575,0.342474,1.014425
1897,15.808333,0.369573,0.342442,1.014603
1898,15.816667,0.369572,0.342423,1.014723
1899,15.825000,0.369587,0.342402,1.014748
1900,15.833333,0.369578,0.342423,1.014665
1901,15.841667,0.369574,0.342463,1.014524
1902,15.850000,0.369572,0.342492,1.014385
1903,15.858333,0.369580,0.342516,1.014311
1904,15.866667,0.369581,0.342511,1.014344
1905,15.875000,0.369576,0.342490,1.014460
1906,15.883333,0.369583,0.342455,1.014632
1907,15.891667,0.369587,0.342416,1.014813
1908,15.900000,0.369595,0.342381,1.014941
1909,15.908333,0.369589,0.342376,1.014961
1910,15.916667,0.369603,0.342389,1.014865
1911,15.925000,0.369581,0.342440,1.014689
1912,15.933333,0.369582,0.342475,1.014458
1913,15.941667,0.369569,0.342524,1.014264
1914,15.950000,0.369582,0.342546,1.014163
1915,15.958333,0.369576,0.342550,1.014179
1916,15.966667,0.369582,0.342504,1.014310
1917,15.975000,0.369581,0.342470,1.014487
1918,15.983333,0.369588,0.342429,1.014650
1919,15.991667,0.369583,0.342413,1.014733
1920,16.000000,0.369583,0.342416,1.014690
1921,16.008333,0.369574,0.342457,1.014541
1922,16.016667,0.369592,0.342486,1.014357
1923,16.025000,0.369579,0.342534,1.014193
1924,16.033333,0.369581,0.342545,1.014113
1925,16.041667,0.369562,0.342551,1.014142
1926,16.050000,0.369580,0.342514,1.014266
1927,16.058333,0.369572,0.342483,1.014417
1928,16.066667,0.369582,0.342452,1.014547
1929,16.075000,0.369576,0.342432,1.014588
1930,16.083333,0.369579,0.342450,1.014518
1931,16.091667,0.369576,0.342485,1.014360
1932,16.100000,0.369566,0.342516,1.014206
1933,16.108333,0.369570,0.342527,1.014149
1934,16.116667,0.369578,0.342494,1.014295
1935,16.125000,0.369598,0.342410,1.014640
1936,16.133333,0.369597,0.342315,1.015084
1937,16.141667,0.369602,0.342224,1.015464
1938,16.150000,0.369598,0.342179,1.015676
1939,16.158333,0.369593,0.342188,1.015640
1940,16.166667,0.369595,0.342243,1.015384
1941,16.175000,0.369598,0.342353,1.014946
1942,16.183333,0.369596,0.342464,1.014465
1943,16.191667,0.369580,0.342557,1.014058
1944,16.200000,0.369581,0.342607,1.013809
1945,16.208333,0.369579,0.342616,1.013817
1946,16.216667,0.369585,0.342580,1.014093
1947,16.225000,0.369607,0.342481,1.014542
1948,16.233333,0.369604,0.342365,1.015081
1949,16.241667,0.369600,0.342263,1.015527
1950,16.250000,0.369600,0.342207,1.015776
1951,16.258333,0.369598,0.342208,1.015785
1952,16.266667,0.369605,0.342256,1.015555
1953,16.275000,0.369603,0.342344,1.015171
1954,16.283333,0.369606,0.342438,1.014751
1955,16.291667,0.369594,0.342521,1.014419
1956,16.300000,0.369597,0.342554,1.014280
1957,16.308333,0.369599,0.342530,1.014363
1958,16.316667,0.369599,0.342480,1.014633
1959,16.325000,0.369600,0.342397,1.014988
1960,16.333333,0.369602,0.342311,1.015337
1961,16.341667,0.369596,0.342264,1.015547
1962,16.350000,0.369595,0.342260,1.015590
1963,16.358333,0.369602,0.342275,1.015467
1964,16.366667,0.369597,0.342339,1.015206
1965,16.375000,0.369594,0.342425,1.014894
1966,16.383333,0.369592,0.342486,1.014616
1967,16.391667,0.369596,0.342507,1.014477
1968,16.400000,0.369591,0.342497,1.014500
1969,16.408333,0.369595,0.342475,1.014680
1970,16.416667,0.369597,0.342413,1.014940
1971,16.425000,0.369599,0.342345,1.015205
1972,16.433333,0.369597,0.342300,1.015398
1973,16.441667,0.369591,0.342286,1.015463
1974,16.450000,0.369603,0.342298,1.015384
1975,16.458333,0.369596,0.342355,1.015185
1976,16.466667,0.369606,0.342405,1.014950
1977,16.475000,0.369595,0.342452,1.014740
1978,16.483333,0.369602,0.342476,1.014611
1979,16.491667,0.369596,0.342478,1.014607
1980,16.500000,0.369595,0.342460,1.014734
1981,16.508333,0.369598,0.342405,1.014931
1982,16.516667,0.369598,0.342355,1.015140
1983,16.525000,0.369598,0.342317,1.015297
1984,16.533333,0.369599,0.342312,1.015347
1985,16.541667,0.369594,0.342331,1.015296
1986,16.550000,0.369601,0.342351,1.015154
1987,16.558333,0.369603,0.342398,1.014970
1988,16.566667,0.369605,0.342432,1.014799
1989,16.575000,0.369601,0.342463,1.014696
1990,16.583333,0.369587,0.342467,1.014691
1991,16.591667,0.369605,0.342432,1.014786
1992,16.600000,0.369595,0.342408,1.014941
1993,16.608333,0.369607,0.342371,1.015100
1994,16.616667,0.369603,0.342338,1.015216
1995,16.625000,0.369607,0.342322,1.015266
1996,16.633333,0.369603,0.342337,1.015229
1997,16.641667,0.369608,0.342370,1.015114
1998,16.650000,0.369614,0.342395,1.014972
1999,16.658333,0.369606,0.342431,1.014836
2000,16.666667,0.369609,0.342448,1.014766
2001,16.675000,0.369615,0.342443,1.014770
2002,16.683333,0.369620,0.342427,1.014832
2003,16.691667,0.369615,0.342410,1.014950
2004,16.700000,0.369609,0.342389,1.015086
2005,16.708333,0.369613,0.342357,1.015174
2006,16.716667,0.369627,0.342339,1.015208
2007,16.725000,0.369634,0.342353,1.015168
2008,16.733333,0.369640,0.342385,1.015083
2009,16.741667,0.369637,0.342408,1.014968
2010,16.750000,0.369642,0.342427,1.014868
2011,16.758333,0.369654,0.342438,1.014812
2012,16.766667,0.369650,0.342450,1.014817
2013,16.775000,0.369665,0.342421,1.014871
2014,16.783333,0.369660,0.342402,1.014965
2015,16.791667,0.369659,0.342384,1.015064
2016,16.800000,0.369661,0.342377,1.015133
2017,16.808333,0.369676,0.342355,1.015155
2018,16.816667,0.369672,0.342366,1.015119
2019,16.825000,0.369675,0.342395,1.015050
2020,16.833333,0.369674,0.342412,1.014954
2021,16.841667,0.369686,0.342435,1.014871
2022,16.850000,0.369694,0.342449,1.014820
2023,16.858333,0.369704,0.342463,1.014812
2024,16.866667,0.369717,0.342459,1.014838
2025,16.875000,0.369741,0.342442,1.014891
2026,16.883333,0.369745,0.342432,1.014949
2027,16.891667,0.369753,0.342418,1.014996
2028,16.900000,0.369755,0.342408,1.015029
2029,16.908333,0.369745,0.342420,1.015012
2030,16.916667,0.369749,0.342434,1.014964
2031,16.925000,0.369758,0.342451,1.014892
2032,16.933333,0.369761,0.342451,1.014839
2033,16.941667,0.369752,0.342459,1.014810
2034,16.950000,0.369754,0.342458,1.014813
2035,16.958333,0.369747,0.342458,1.014845
2036,16.966667,0.369752,0.342452,1.014888
2037,16.975000,0.369751,0.342431,1.014940
2038,16.983333,0.369758,0.342419,1.014985
2039,16.991667,0.369766,0.342414,1.014996
2040,17.000000,0.369760,0.342425,1.014976
2041,17.008333,0.369767,0.342436,1.014919
2042,17.016667,0.369766,0.342460,1.014876
2043,17.025000,0.369770,0.342455,1.014834
2044,17.033333,0.369775,0.342460,1.014812
2045,17.041667,0.369771,0.342460,1.014811
2046,17.050000,0.369771,0.342456,1.014843
2047,17.058333,0.369772,0.342441,1.014893
2048,17.066667,0.369777,0.342432,1.014932
2049,17.075000,0.369773,0.342434,1.014972
2050,17.083333,0.369768,0.342440,1.014968
2051,17.091667,0.369775,0.342433,1.014950
2052,17.100000,0.369771,0.342437,1.014915
2053,17.108333,0.369771,0.342451,1.014875
2054,17.116667,0.369764,0.342464,1.014838
2055,17.125000,0.369778,0.342457,1.014831
2056,17.133333,0.369778,0.342453,1.014826
2057,17.141667,0.369778,0.342448,1.014862
2058,17.150000,0.369781,0.342437,1.014905
2059,17.158333,0.369772,0.342431,1.014935
2060,17.166667,0.369768,0.342434,1.014958
2061,17.175000,0.369777,0.342439,1.014954
2062,17.183333,0.369772,0.342436,1.014931
2063,17.191667,0.369781,0.342438,1.014905
2064,17.200000,0.369772,0.342445,1.014876
2065,17.208333,0.369775,0.342460,1.014851
2066,17.216667,0.369765,0.342454,1.014843
2067,17.225000,0.369775,0.342449,1.014849
2068,17.233333,0.369783,0.342446,1.014881
2069,17.241667,0.369772,0.342439,1.014912
2070,17.250000,0.369777,0.342430,1.014936
2071,17.258333,0.369774,0.342429,1.014944
2072,17.266667,0.369771,0.342428,1.014939
2073,17.275000,0.369769,0.342444,1.014922
2074,17.283333,0.369770,0.342448,1.014897
2075,17.291667,0.369776,0.342449,1.014867
2076,17.300000,0.369775,0.342449,1.014856
2077,17.308333,0.369774,0.342447,1.014851
2078,17.316667,0.369778,0.342439,1.014870
2079,17.325000,0.369772,0.342443,1.014890
2080,17.333333,0.369765,0.342442,1.014916
2081,17.341667,0.369771,0.342441,1.014931
2082,17.350000,0.369778,0.342430,1.014937
2083,17.358333,0.369777,0.342431,1.014932
2084,17.366667,0.369773,0.342433,1.014916
2085,17.375000,0.369782,0.342439,1.014892
2086,17.383333,0.369772,0.342448,1.014867
2087,17.391667,0.369777,0.342444,1.014854
2088,17.400000,0.369781,0.342448,1.014868
2089,17.408333,0.369778,0.342443,1.014877
2090,17.416667,0.369779,0.342447,1.014892
2091,17.425000,0.369787,0.342429,1.014919
2092,17.433333,0.369775,0.342430,1.014938
2093,17.441667,0.369772,0.342436,1.014933
2094,17.450000,0.369776,0.342441,1.014922
2095,17.458333,0.369787,0.342437,1.014906
2096,17.466667,0.369781,0.342435,1.014888
2097,17.475000,0.369778,0.342439,1.014876
2098,17.483333,0.369777,0.342436,1.014868
2099,17.491667,0.369772,0.342458,1.014868
2100,17.500000,0.369778,0.342447,1.014886
2101,17.508333,0.369779,0.342434,1.014911
2102,17.516667,0.369786,0.342430,1.014915
2103,17.525000,0.369785,0.342421,1.014924
2104,17.533333,0.369778,0.342439,1.014921
2105,17.541667,0.369782,0.342436,1.014917
2106,17.550000,0.369775,0.342446,1.014905
2107,17.558333,0.369781,0.342438,1.014885
2108,17.566667,0.369773,0.342462,1.014879
2109,17.575000,0.374350,0.340948,1.015587
2110,17.583333,0.374355,0.340944,1.015597
2111,17.591667,0.374359,0.340935,1.015612
2112,17.600000,0.374353,0.340940,1.015625
2113,17.608333,0.374361,0.340945,1.015635
2114,17.616667,0.374356,0.340943,1.015647
2115,17.625000,0.374354,0.340933,1.015638
2116,17.633333,0.374357,0.340938,1.015630
2117,17.641667,0.374355,0.340945,1.015615
2118,17.650000,0.374356,0.340945,1.015608
2119,17.658333,0.374353,0.340933,1.015598
2120,17.666667,0.374352,0.340943,1.015593
2121,17.675000,0.374357,0.340948,1.015599
2122,17.683333,0.374355,0.340946,1.015615
2123,17.691667,0.374352,0.340937,1.015629
2124,17.700000,0.369660,0.342368,1.014840
2125,17.708333,0.369782,0.342394,1.014902
2126,17.716667,0.369786,0.342389,1.014892
2127,17.725000,0.370324,0.342082,1.014971
2128,17.733333,0.374350,0.340941,1.015613
2129,17.741667,0.374349,0.340943,1.015599
2130,17.750000,0.374355,0.340947,1.015600
2131,17.758333,0.374358,0.340941,1.015603
2132,17.766667,0.374352,0.340946,1.015608
2133,17.775000,0.374352,0.340941,1.015618
2134,17.783333,0.374358,0.340934,1.015629
2135,17.791667,0.374355,0.340940,1.015634
2136,17.800000,0.374356,0.340943,1.015637
2137,17.808333,0.374350,0.340941,1.015631
2138,17.816667,0.374359,0.340939,1.015621
2139,17.825000,0.374372,0.340930,1.015622
2140,17.833333,0.374351,0.340949,1.015601
2141,17.841667,0.374320,0.340963,1.015588
2142,17.850000,0.374358,0.340938,1.015614
2143,17.858333,0.374364,0.340918,1.015628
2144,17.866667,0.374358,0.340936,1.015626
2145,17.875000,0.374344,0.340950,1.015614
2146,17.883333,0.374338,0.340951,1.015625
2147,17.891667,0.374367,0.340934,1.015652
2148,17.900000,0.374369,0.340912,1.015641
2149,17.908333,0.374353,0.340938,1.015615
2150,17.916667,0.374343,0.340948,1.015599
2151,17.925000,0.374363,0.340945,1.015615
2152,17.933333,0.374359,0.340939,1.015617
2153,17.941667,0.374340,0.340944,1.015605
2154,17.950000,0.374354,0.340945,1.015605
2155,17.958333,0.374377,0.340922,1.015634
2156,17.966667,0.374355,0.340941,1.015639
2157,17.975000,0.374329,0.340958,1.015626
2158,17.983333,0.374352,0.340930,1.015633
2159,17.991667,0.374365,0.340929,1.015622
2160,18.000000,0.374356,0.340948,1.015613
2161,18.008333,0.374342,0.340959,1.015610
2162,18.016667,0.374346,0.340940,1.015621
2163,18.025000,0.374361,0.340927,1.015622
2164,18.033333,0.374355,0.340946,1.015604
2165,18.041667,0.374344,0.340962,1.015611
2166,18.050000,0.374349,0.340941,1.015634
2167,18.058333,0.369587,0.342510,1.014876
2168,18.066667,0.369662,0.342463,1.014874
2169,18.075000,0.369807,0.342434,1.014904
2170,18.083333,0.369794,0.342422,1.014897
2171,18.091667,0.369760,0.342435,1.014894
2172,18.100000,0.369775,0.342441,1.014895
2173,18.108333,0.369801,0.342429,1.014891
2174,18.116667,0.369814,0.342413,1.014892
2175,18.125000,0.369790,0.342421,1.014894
2176,18.133333,0.369766,0.342442,1.014907
2177,18.141667,0.369777,0.342430,1.014908
2178,18.150000,0.369804,0.342416,1.014912
2179,18.158333,0.369813,0.342414,1.014903
2180,18.166667,0.369790,0.342430,1.014910
2181,18.175000,0.369776,0.342426,1.014904
2182,18.183333,0.369788,0.342427,1.014897
2183,18.191667,0.369798,0.342434,1.014893
2184,18.200000,0.369807,0.342434,1.014897
2185,18.208333,0.369789,0.342428,1.014900
2186,18.216667,0.369780,0.342430,1.014895
2187,18.225000,0.369786,0.342433,1.014900
2188,18.233333,0.369801,0.342424,1.014908
2189,18.241667,0.369803,0.342424,1.014909
2190,18.250000,0.369786,0.342433,1.014910
2191,18.258333,0.369778,0.342439,1.014903
2192,18.266667,0.369787,0.342441,1.014897
2193,18.275000,0.369799,0.342437,1.014896
2194,18.283333,0.369806,0.342422,1.014896
2195,18.291667,0.369787,0.342434,1.014903
2196,18.300000,0.369776,0.342450,1.014900
2197,18.308333,0.369786,0.342447,1.014900
2198,18.316667,0.369798,0.342431,1.014907
2199,18.325000,0.369806,0.342421,1.014919
2200,18.333333,0.369791,0.342430,1.014912
2201,18.341667,0.369776,0.342439,1.014906
2202,18.350000,0.369791,0.342434,1.014904
2203,18.358333,0.369802,0.342425,1.014905
2204,18.366667,0.369797,0.342428,1.014900
2205,18.375000,0.369790,0.342439,1.014898
2206,18.383333,0.369776,0.342443,1.014897
2207,18.391667,0.369785,0.342434,1.014900
2208,18.400000,0.369793,0.342431,1.014908
2209,18.408333,0.369792,0.342431,1.014902
2210,18.416667,0.369782,0.342432,1.014910
2211,18.425000,0.369782,0.342438,1.014904
2212,18.433333,0.369782,0.342437,1.014904
2213,18.441667,0.369796,0.342426,1.014903
2214,18.450000,0.369798,0.342426,1.014904
2215,18.458333,0.369777,0.342432,1.014900
2216,18.466667,0.369770,0.342442,1.014899
2217,18.475000,0.369784,0.342437,1.014896
2218,18.483333,0.369806,0.342421,1.014906
2219,18.491667,0.369804,0.342423,1.014907
2220,18.500000,0.369781,0.342441,1.014905
2221,18.508333,0.369779,0.342430,1.014908
2222,18.516667,0.369781,0.342436,1.014903
2223,18.525000,0.369790,0.342440,1.014907
2224,18.533333,0.369795,0.342430,1.014903
2225,18.541667,0.369780,0.342438,1.014897
2226,18.550000,0.369782,0.342433,1.014900
2227,18.558333,0.369787,0.342433,1.014896
2228,18.566667,0.369796,0.342428,1.014901
2229,18.575000,0.369803,0.342432,1.014903
