Format Version,1.21,Take Name,keyboard_hatra,Capture Frame Rate,120.000000,Export Frame Rate,120.000000,Capture Start Time,2018-11-22 12.38.47 AM,Total Frames in Take,1900,Total Exported Frames,1900,Rotation Type,Quaternion,Length Units,Meters,Coordinate Space,Global

,,Marker,Marker,Marker
,,Unlabeled:5002,Unlabeled:5002,Unlabeled:5002
,,"8392B20CF49E3570138A","8392B20CF49E3570138A","8392B20CF49E3570138A"
,,Position,Position,Position
Frame,Time,X,Y,Z
0,0.000000,0.367254,0.341542,1.021757
1,0.008333,0.367246,0.341560,1.021686
2,0.016667,0.367243,0.341555,1.021700
3,0.025000,0.367259,0.341528,1.021801
4,0.033333,0.367257,0.341506,1.021950
5,0.041667,0.367270,0.341471,1.022095
6,0.050000,0.367275,0.341450,1.022190
7,0.058333,0.367270,0.341446,1.022179
8,0.066667,0.367263,0.341476,1.022069
9,0.075000,0.367255,0.341509,1.021898
10,0.083333,0.367251,0.341549,1.021712
11,0.091667,0.367250,0.341571,1.021596
12,0.100000,0.367244,0.341583,1.021567
13,0.108333,0.367248,0.341564,1.021657
14,0.116667,0.367254,0.341526,1.021825
15,0.125000,0.367263,0.341487,1.022008
16,0.133333,0.367272,0.341449,1.022169
17,0.141667,0.367271,0.341445,1.022255
18,0.150000,0.367276,0.341426,1.022272
19,0.158333,0.367271,0.341447,1.022223
20,0.166667,0.367263,0.341453,1.022164
21,0.175000,0.367261,0.341474,1.022106
22,0.183333,0.367251,0.341484,1.022063
23,0.191667,0.367259,0.341492,1.022051
24,0.200000,0.367260,0.341479,1.022076
25,0.208333,0.367263,0.341464,1.022118
26,0.216667,0.367265,0.341450,1.022182
27,0.225000,0.367266,0.341441,1.022205
28,0.233333,0.367266,0.341451,1.022179
29,0.241667,0.367268,0.341465,1.022121
30,0.250000,0.367265,0.341479,1.022059
31,0.258333,0.367257,0.341485,1.022005
32,0.266667,0.367261,0.341499,1.021971
33,0.275000,0.367256,0.341504,1.021973
34,0.283333,0.367258,0.341499,1.022011
35,0.291667,0.367275,0.341481,1.022073
36,0.300000,0.367268,0.341460,1.022146
37,0.308333,0.367272,0.341450,1.022214
38,0.316667,0.367280,0.341445,1.022271
39,0.325000,0.367275,0.341437,1.022303
40,0.333333,0.367268,0.341442,1.022309
41,0.341667,0.367284,0.341430,1.022300
42,0.350000,0.367280,0.341444,1.022274
43,0.358333,0.367285,0.341451,1.022248
44,0.366667,0.367282,0.341447,1.022244
45,0.375000,0.367277,0.341450,1.022256
46,0.383333,0.367274,0.341444,1.022287
47,0.391667,0.367282,0.341439,1.022317
48,0.400000,0.367273,0.341431,1.022342
49,0.408333,0.367282,0.341427,1.022350
50,0.416667,0.367279,0.341434,1.022345
51,0.425000,0.367277,0.341429,1.022321
52,0.433333,0.367279,0.341448,1.022272
53,0.441667,0.367272,0.341460,1.022236
54,0.450000,0.367277,0.341449,1.022221
55,0.458333,0.367269,0.341452,1.022224
56,0.466667,0.367282,0.341438,1.022248
57,0.475000,0.367278,0.341444,1.022272
58,0.483333,0.367280,0.341443,1.022305
59,0.491667,0.367279,0.341430,1.022316
60,0.500000,0.367284,0.341423,1.022318
61,0.508333,0.367284,0.341424,1.022303
62,0.516667,0.367287,0.341442,1.022264
63,0.525000,0.367280,0.341452,1.022235
64,0.533333,0.367272,0.341454,1.022219
65,0.541667,0.367276,0.341453,1.022231
66,0.550000,0.367281,0.341442,1.022254
67,0.558333,0.367280,0.341432,1.022289
68,0.566667,0.367291,0.341421,1.022325
69,0.575000,0.367283,0.341424,1.022357
70,0.583333,0.367282,0.341420,1.022371
71,0.591667,0.367271,0.341427,1.022358
72,0.600000,0.367280,0.341430,1.022344
73,0.608333,0.367270,0.341438,1.022307
74,0.616667,0.367283,0.341434,1.022288
75,0.625000,0.367281,0.341435,1.022269
76,0.633333,0.367281,0.341433,1.022285
77,0.641667,0.367272,0.341432,1.022296
78,0.650000,0.367280,0.341432,1.022311
79,0.658333,0.367278,0.341425,1.022331
80,0.666667,0.367285,0.341424,1.022346
81,0.675000,0.367274,0.341420,1.022349
82,0.683333,0.367281,0.341424,1.022349
83,0.691667,0.367282,0.341424,1.022342
84,0.700000,0.367282,0.341431,1.022343
85,0.708333,0.367274,0.341424,1.022349
86,0.716667,0.367289,0.341411,1.022363
87,0.725000,0.367287,0.341413,1.022378
88,0.733333,0.367287,0.341421,1.022400
89,0.741667,0.367285,0.341405,1.022413
90,0.750000,0.367289,0.341400,1.022422
91,0.758333,0.367278,0.341414,1.022411
92,0.766667,0.367280,0.341409,1.022397
93,0.775000,0.367291,0.341413,1.022376
94,0.783333,0.367289,0.341407,1.022360
95,0.791667,0.367281,0.341423,1.022363
96,0.800000,0.367288,0.341415,1.022369
97,0.808333,0.367294,0.341408,1.022383
98,0.816667,0.367282,0.341407,1.022396
99,0.825000,0.367287,0.341406,1.022412
100,0.833333,0.367289,0.341408,1.022415
101,0.841667,0.367293,0.341414,1.022406
102,0.850000,0.367286,0.341412,1.022396
103,0.858333,0.367286,0.341421,1.022381
104,0.866667,0.367279,0.341419,1.022369
105,0.875000,0.367284,0.341412,1.022365
106,0.883333,0.367286,0.341411,1.022369
107,0.891667,0.367286,0.341413,1.022387
108,0.900000,0.367283,0.341410,1.022397
109,0.908333,0.367294,0.341403,1.022405
110,0.916667,0.367288,0.341414,1.022406
111,0.925000,0.367288,0.341411,1.022401
112,0.933333,0.367285,0.341404,1.022394
113,0.941667,0.367281,0.341411,1.022379
114,0.950000,0.367281,0.341419,1.022370
115,0.958333,0.367282,0.341421,1.022375
116,0.966667,0.367295,0.341409,1.022375
117,0.975000,0.367277,0.341417,1.022378
118,0.983333,0.367285,0.341411,1.022395
119,0.991667,0.367289,0.341415,1.022403
120,1.000000,0.367286,0.341408,1.022408
121,1.008333,0.367287,0.341410,1.022402
122,1.016667,0.367281,0.341412,1.022390
123,1.025000,0.367290,0.341409,1.022380
124,1.033333,0.367286,0.341411,1.022380
125,1.041667,0.367286,0.341411,1.022374
126,1.050000,0.367294,0.341407,1.022376
127,1.058333,0.367294,0.341413,1.022386
128,1.066667,0.367285,0.341416,1.022392
129,1.075000,0.367294,0.341402,1.022398
130,1.083333,0.367284,0.341409,1.022405
131,1.091667,0.367295,0.341408,1.022398
132,1.100000,0.367292,0.341406,1.022391
133,1.108333,0.367289,0.341408,1.022380
134,1.116667,0.367291,0.341414,1.022372
135,1.125000,0.367281,0.341415,1.022372
136,1.133333,0.367293,0.341401,1.022375
137,1.141667,0.367293,0.341410,1.022385
138,1.150000,0.367289,0.341415,1.022390
139,1.158333,0.367291,0.341394,1.022399
140,1.166667,0.367291,0.341405,1.022398
141,1.175000,0.367293,0.341409,1.022398
142,1.183333,0.367293,0.341416,1.022390
143,1.191667,0.367287,0.341418,1.022377
144,1.200000,0.367284,0.341409,1.022375
145,1.208333,0.367287,0.341415,1.022372
146,1.216667,0.367284,0.341419,1.022378
147,1.225000,0.367291,0.341408,1.022379
148,1.233333,0.367290,0.341399,1.022387
149,1.241667,0.367290,0.341409,1.022390
150,1.250000,0.367297,0.341408,1.022388
151,1.258333,0.367293,0.341408,1.022386
152,1.266667,0.367300,0.341405,1.022384
153,1.275000,0.367285,0.341416,1.022379
154,1.283333,0.367285,0.341415,1.022374
155,1.291667,0.367293,0.341413,1.022370
156,1.300000,0.367291,0.341411,1.022373
157,1.308333,0.367303,0.341407,1.022382
158,1.316667,0.367300,0.341407,1.022383
159,1.325000,0.367301,0.341407,1.022388
160,1.333333,0.367295,0.341411,1.022388
161,1.341667,0.367293,0.341406,1.022386
162,1.350000,0.367298,0.341405,1.022384
163,1.358333,0.367306,0.341406,1.022378
164,1.366667,0.367300,0.341420,1.022374
165,1.375000,0.367311,0.341418,1.022361
166,1.383333,0.367293,0.341423,1.022361
167,1.391667,0.367314,0.341411,1.022365
168,1.400000,0.367305,0.341421,1.022363
169,1.408333,0.367303,0.341418,1.022372
170,1.416667,0.367310,0.341418,1.022376
171,1.425000,0.367313,0.341412,1.022379
172,1.433333,0.367314,0.341420,1.022378
173,1.441667,0.367308,0.341425,1.022364
174,1.450000,0.367314,0.341423,1.022362
175,1.458333,0.367316,0.341419,1.022352
176,1.466667,0.367318,0.341419,1.022355
177,1.475000,0.367320,0.341428,1.022354
178,1.483333,0.367322,0.341419,1.022355
179,1.491667,0.367324,0.341418,1.022359
180,1.500000,0.367337,0.341418,1.022358
181,1.508333,0.367336,0.341423,1.022363
182,1.516667,0.367344,0.341421,1.022352
183,1.525000,0.367339,0.341425,1.022350
184,1.533333,0.367346,0.341426,1.022343
185,1.541667,0.367343,0.341436,1.022336
186,1.550000,0.367348,0.341430,1.022330
187,1.558333,0.367355,0.341441,1.022324
188,1.566667,0.367363,0.341433,1.022325
189,1.575000,0.367365,0.341438,1.022325
190,1.583333,0.367368,0.341442,1.022325
191,1.591667,0.367387,0.341439,1.022320
192,1.600000,0.367383,0.341449,1.022308
193,1.608333,0.367387,0.341450,1.022303
194,1.616667,0.367395,0.341444,1.022301
195,1.625000,0.367399,0.341449,1.022298
196,1.633333,0.367390,0.341459,1.022287
197,1.641667,0.367397,0.341455,1.022286
198,1.650000,0.367407,0.341456,1.022294
199,1.658333,0.367405,0.341452,1.022293
200,1.666667,0.367413,0.341448,1.022294
201,1.675000,0.367410,0.341456,1.022297
202,1.683333,0.367408,0.341463,1.022292
203,1.691667,0.367405,0.341460,1.022284
204,1.700000,0.367407,0.341462,1.022284
205,1.708333,0.367418,0.341456,1.022285
206,1.716667,0.367413,0.341454,1.022282
207,1.725000,0.367415,0.341459,1.022287
208,1.733333,0.367404,0.341459,1.022288
209,1.741667,0.367408,0.341460,1.022288
210,1.750000,0.367413,0.341450,1.022292
211,1.758333,0.367421,0.341450,1.022291
212,1.766667,0.367406,0.341459,1.022288
213,1.775000,0.367416,0.341455,1.022291
214,1.783333,0.367415,0.341460,1.022283
215,1.791667,0.367410,0.341461,1.022282
216,1.800000,0.367412,0.341461,1.022288
217,1.808333,0.367415,0.341453,1.022293
218,1.816667,0.367417,0.341453,1.022291
219,1.825000,0.367412,0.341465,1.022292
220,1.833333,0.367415,0.341460,1.022289
221,1.841667,0.367416,0.341456,1.022291
222,1.850000,0.367415,0.341452,1.022287
223,1.858333,0.367415,0.341457,1.022286
224,1.866667,0.367416,0.341468,1.022285
225,1.875000,0.367407,0.341460,1.022284
226,1.883333,0.367413,0.341453,1.022282
227,1.891667,0.367412,0.341464,1.022283
228,1.900000,0.367414,0.341457,1.022289
229,1.908333,0.367418,0.341453,1.022287
230,1.916667,0.367419,0.341455,1.022291
231,1.925000,0.367413,0.341456,1.022287
232,1.933333,0.367422,0.341453,1.022294
233,1.941667,0.367414,0.341460,1.022285
234,1.950000,0.367420,0.341455,1.022285
235,1.958333,0.367415,0.341461,1.022284
236,1.966667,0.367422,0.341450,1.022289
237,1.975000,0.367416,0.341461,1.022288
238,1.983333,0.367412,0.341456,1.022291
239,1.991667,0.367418,0.341455,1.022286
240,2.000000,0.367416,0.341459,1.022287
241,2.008333,0.367420,0.341456,1.022293
242,2.016667,0.367421,0.341448,1.022294
243,2.025000,0.367412,0.341461,1.022292
244,2.033333,0.367415,0.341455,1.022288
245,2.041667,0.367418,0.341456,1.022287
246,2.050000,0.367411,0.341468,1.022281
247,2.058333,0.367417,0.341466,1.022288
248,2.066667,0.367412,0.341455,1.022294
249,2.075000,0.367421,0.341442,1.022286
250,2.083333,0.367413,0.341459,1.022287
251,2.091667,0.367415,0.341476,1.022291
252,2.100000,0.367425,0.341453,1.022286
253,2.108333,0.367420,0.341443,1.022286
254,2.116667,0.367416,0.341457,1.022284
255,2.125000,0.367421,0.341458,1.022287
256,2.133333,0.367425,0.341457,1.022284
257,2.141667,0.367413,0.341458,1.022284
258,2.150000,0.367416,0.341467,1.022292
259,2.158333,0.367416,0.341458,1.022292
260,2.166667,0.367420,0.341449,1.022292
261,2.175000,0.367417,0.341454,1.022288
262,2.183333,0.367413,0.341469,1.022290
263,2.191667,0.367415,0.341462,1.022285
264,2.200000,0.367412,0.341466,1.022287
265,2.208333,0.367414,0.341463,1.022283
266,2.216667,0.367411,0.341463,1.022286
267,2.225000,0.367412,0.341461,1.022284
268,2.233333,0.367429,0.341449,1.022288
269,2.241667,0.367410,0.341467,1.022287
270,2.250000,0.367408,0.341470,1.022288
271,2.258333,0.367413,0.341459,1.022289
272,2.266667,0.367416,0.341455,1.022286
273,2.275000,0.367420,0.341454,1.022287
274,2.283333,0.367410,0.341466,1.022280
275,2.291667,0.367423,0.341455,1.022281
276,2.300000,0.367419,0.341459,1.022286
277,2.308333,0.367417,0.341467,1.022289
278,2.316667,0.367408,0.341467,1.022286
279,2.325000,0.367419,0.341450,1.022285
280,2.333333,0.367425,0.341448,1.022288
281,2.341667,0.367424,0.341467,1.022281
282,2.350000,0.367412,0.341467,1.022289
283,2.358333,0.367417,0.341456,1.022292
284,2.366667,0.367413,0.341462,1.022286
285,2.375000,0.367415,0.341464,1.022291
286,2.383333,0.367431,0.341446,1.022285
287,2.391667,0.367419,0.341445,1.022286
288,2.400000,0.367417,0.341462,1.022275
289,2.408333,0.367410,0.341469,1.022286
290,2.416667,0.367424,0.341460,1.022285
291,2.425000,0.367424,0.341456,1.022290
292,2.433333,0.367427,0.341453,1.022292
293,2.441667,0.367420,0.341457,1.022280
294,2.450000,0.367429,0.341452,1.022285
295,2.458333,0.367423,0.341469,1.022282
296,2.466667,0.367420,0.341462,1.022285
297,2.475000,0.367416,0.341462,1.022291
298,2.483333,0.367420,0.341447,1.022283
299,2.491667,0.367423,0.341454,1.022282
300,2.500000,0.367424,0.341452,1.022284
301,2.508333,0.367422,0.341455,1.022284
302,2.516667,0.367421,0.341450,1.022289
303,2.525000,0.367420,0.341453,1.022285
304,2.533333,0.367424,0.341460,1.022287
305,2.541667,0.367428,0.341448,1.022287
306,2.550000,0.367425,0.341444,1.022279
307,2.558333,0.367428,0.341460,1.022287
308,2.566667,0.367414,0.341464,1.022291
309,2.575000,0.367413,0.341456,1.022284
310,2.583333,0.367418,0.341452,1.022283
311,2.591667,0.367421,0.341458,1.022285
312,2.600000,0.367421,0.341463,1.022284
313,2.608333,0.367416,0.341454,1.022280
314,2.616667,0.367416,0.341457,1.022282
315,2.625000,0.367417,0.341461,1.022287
316,2.633333,0.367417,0.341456,1.022291
317,2.641667,0.367424,0.341453,1.022282
318,2.650000,0.367420,0.341450,1.022286
319,2.658333,0.367417,0.341465,1.022285
320,2.666667,0.367421,0.341462,1.022288
321,2.675000,0.367431,0.341445,1.022290
322,2.683333,0.367420,0.341457,1.022291
323,2.691667,0.367426,0.341456,1.022285
324,2.700000,0.367420,0.341452,1.022283
325,2.708333,0.367417,0.341448,1.022287
326,2.716667,0.367419,0.341453,1.022288
327,2.725000,0.367403,0.341471,1.022287
328,2.733333,0.367446,0.341461,1.022289
329,2.741667,0.367414,0.341447,1.022282
330,2.750000,0.367443,0.341454,1.022295
331,2.758333,0.367403,0.341452,1.022285
332,2.766667,0.367440,0.341464,1.022285
333,2.775000,0.367406,0.341454,1.022277
334,2.783333,0.367424,0.341469,1.022293
335,2.791667,0.367422,0.341454,1.022295
336,2.800000,0.367436,0.341448,1.022291
337,2.808333,0.367428,0.341444,1.022285
338,2.816667,0.367430,0.341466,1.022291
339,2.825000,0.367410,0.341459,1.022290
340,2.833333,0.367424,0.341456,1.022292
341,2.841667,0.367420,0.341458,1.022286
342,2.850000,0.367423,0.341471,1.022287
343,2.858333,0.367430,0.341452,1.022292
344,2.866667,0.367420,0.341452,1.022293
345,2.875000,0.367423,0.341460,1.022292
346,2.883333,0.367406,0.341482,1.022286
347,2.891667,0.367424,0.341457,1.022287
348,2.900000,0.367422,0.341459,1.022287
349,2.908333,0.367423,0.341457,1.022294
350,2.916667,0.367427,0.341461,1.022286
351,2.925000,0.367422,0.341461,1.022286
352,2.933333,0.367421,0.341461,1.022287
353,2.941667,0.367408,0.341461,1.022288
354,2.950000,0.367418,0.341465,1.022288
355,2.958333,0.367426,0.341453,1.022283
356,2.966667,0.367436,0.341448,1.022281
357,2.975000,0.367427,0.341456,1.022289
358,2.983333,0.367414,0.341467,1.022289
359,2.991667,0.367415,0.341464,1.022288
360,3.000000,0.367420,0.341453,1.022285
361,3.008333,0.367422,0.341460,1.022290
362,3.016667,0.367433,0.341456,1.022295
363,3.025000,0.367427,0.341454,1.022291
364,3.033333,0.367429,0.341448,1.022291
365,3.041667,0.367409,0.341472,1.022285
366,3.050000,0.367416,0.341472,1.022290
367,3.058333,0.367422,0.341453,1.022292
368,3.066667,0.367429,0.341449,1.022286
369,3.075000,0.367420,0.341466,1.022288
370,3.083333,0.367415,0.341462,1.022289
371,3.091667,0.367420,0.341456,1.022288
372,3.100000,0.367418,0.341465,1.022287
373,3.108333,0.367424,0.341459,1.022288
374,3.116667,0.367422,0.341453,1.022291
375,3.125000,0.367420,0.341453,1.022287
376,3.133333,0.367421,0.341459,1.022284
377,3.141667,0.367426,0.341459,1.022295
378,3.150000,0.367426,0.341464,1.022290
379,3.158333,0.367424,0.341457,1.022286
380,3.166667,0.367423,0.341454,1.022284
381,3.175000,0.367433,0.341461,1.022290
382,3.183333,0.367430,0.341457,1.022292
383,3.191667,0.367425,0.341456,1.022289
384,3.200000,0.367420,0.341463,1.022288
385,3.208333,0.367418,0.341468,1.022284
386,3.216667,0.367418,0.341465,1.022288
387,3.225000,0.367427,0.341448,1.022293
388,3.233333,0.367427,0.341457,1.022297
389,3.241667,0.367425,0.341463,1.022287
390,3.250000,0.367429,0.341461,1.022288
391,3.258333,0.367422,0.341459,1.022282
392,3.266667,0.367419,0.341453,1.022289
393,3.275000,0.367431,0.341462,1.022285
394,3.283333,0.367420,0.341457,1.022285
395,3.291667,0.367426,0.341464,1.022291
396,3.300000,0.367417,0.341461,1.022294
397,3.308333,0.367423,0.341461,1.022290
398,3.316667,0.367420,0.341459,1.022285
399,3.325000,0.367426,0.341457,1.022287
400,3.333333,0.367428,0.341453,1.022282
401,3.341667,0.367430,0.341451,1.022292
402,3.350000,0.367422,0.341460,1.022289
403,3.358333,0.367424,0.341466,1.022289
404,3.366667,0.367428,0.341460,1.022291
405,3.375000,0.367421,0.341456,1.022290
406,3.383333,0.367427,0.341453,1.022289
407,3.391667,0.367422,0.341461,1.022286
408,3.400000,0.367428,0.341460,1.022290
409,3.408333,0.367421,0.341463,1.022288
410,3.416667,0.367421,0.341462,1.022288
411,3.425000,0.367421,0.341454,1.022290
412,3.433333,0.367424,0.341459,1.022288
413,3.441667,0.367424,0.341456,1.022286
414,3.450000,0.367409,0.341460,1.022284
415,3.458333,0.367420,0.341462,1.022279
416,3.466667,0.367417,0.341465,1.022286
417,3.475000,0.367420,0.341459,1.022282
418,3.483333,0.367418,0.341460,1.022284
419,3.491667,0.367421,0.341455,1.022286
420,3.500000,0.367420,0.341455,1.022285
421,3.508333,0.367425,0.341455,1.022285
422,3.516667,0.367415,0.341457,1.022285
423,3.525000,0.367418,0.341462,1.022287
424,3.533333,0.367427,0.341456,1.022285
425,3.541667,0.367420,0.341454,1.022279
426,3.550000,0.367424,0.341455,1.022281
427,3.558333,0.367419,0.341461,1.022276
428,3.566667,0.367418,0.341470,1.022277
429,3.575000,0.367422,0.341457,1.022281
430,3.583333,0.367411,0.341462,1.022278
431,3.591667,0.367416,0.341453,1.022282
432,3.600000,0.367423,0.341459,1.022281
433,3.608333,0.367417,0.341457,1.022286
434,3.616667,0.367418,0.341449,1.022283
435,3.625000,0.367415,0.341460,1.022279
436,3.633333,0.367408,0.341467,1.022276
437,3.641667,0.367414,0.341456,1.022276
438,3.650000,0.367411,0.341460,1.022271
439,3.658333,0.367415,0.341457,1.022276
440,3.666667,0.367416,0.341458,1.022277
441,3.675000,0.367417,0.341466,1.022273
442,3.683333,0.367412,0.341465,1.022269
443,3.691667,0.367414,0.341466,1.022271
444,3.700000,0.367405,0.341467,1.022276
445,3.708333,0.367406,0.341463,1.022270
446,3.716667,0.367399,0.341474,1.022265
447,3.725000,0.367398,0.341470,1.022264
448,3.733333,0.367400,0.341474,1.022265
449,3.741667,0.367389,0.341479,1.022262
450,3.750000,0.367383,0.341478,1.022264
451,3.758333,0.367387,0.341484,1.022259
452,3.766667,0.367391,0.341467,1.022266
453,3.775000,0.367385,0.341475,1.022264
454,3.783333,0.367380,0.341486,1.022249
455,3.791667,0.367376,0.341487,1.022240
456,3.800000,0.367383,0.341489,1.022234
457,3.808333,0.367372,0.341489,1.022233
458,3.816667,0.367366,0.341496,1.022230
459,3.825000,0.367357,0.341500,1.022230
460,3.833333,0.367363,0.341495,1.022232
461,3.841667,0.367365,0.341503,1.022233
462,3.850000,0.367362,0.341495,1.022231
463,3.858333,0.367355,0.341509,1.022228
464,3.866667,0.367349,0.341506,1.022219
465,3.875000,0.367350,0.341507,1.022207
466,3.883333,0.367339,0.341517,1.022187
467,3.891667,0.367346,0.341529,1.022168
468,3.900000,0.367349,0.341532,1.022164
469,3.908333,0.367345,0.341527,1.022174
470,3.916667,0.367340,0.341520,1.022199
471,3.925000,0.367342,0.341526,1.022216
472,3.933333,0.367348,0.341529,1.022217
473,3.941667,0.367343,0.341538,1.022207
474,3.950000,0.367345,0.341542,1.022196
475,3.958333,0.367348,0.341546,1.022181
476,3.966667,0.367337,0.341560,1.022154
477,3.975000,0.367355,0.341572,1.022130
478,3.983333,0.367371,0.341577,1.022111
479,3.991667,0.367397,0.341585,1.022113
480,4.000000,0.367445,0.341571,1.022109
481,4.008333,0.367500,0.341570,1.022080
482,4.016667,0.367575,0.341574,1.022033
483,4.025000,0.367661,0.341570,1.021954
484,4.033333,0.367742,0.341588,1.021831
485,4.041667,0.367820,0.341607,1.021679
486,4.050000,0.367910,0.341642,1.021528
487,4.058333,0.368006,0.341650,1.021378
488,4.066667,0.368118,0.341652,1.021248
489,4.075000,0.368233,0.341633,1.021134
490,4.083333,0.368331,0.341644,1.021006
491,4.091667,0.368420,0.341637,1.020873
492,4.100000,0.368489,0.341631,1.020720
493,4.108333,0.368540,0.341623,1.020558
494,4.116667,0.368573,0.341630,1.020364
495,4.125000,0.368604,0.341619,1.020170
496,4.133333,0.368614,0.341603,1.019971
497,4.141667,0.368618,0.341605,1.019743
498,4.150000,0.368637,0.341615,1.019446
499,4.158333,0.368670,0.341629,1.019115
500,4.166667,0.368719,0.341655,1.018757
501,4.175000,0.368767,0.341680,1.018386
502,4.183333,0.368803,0.341699,1.018044
503,4.191667,0.368843,0.341697,1.017763
504,4.200000,0.368878,0.341691,1.017549
505,4.208333,0.368889,0.341679,1.017350
506,4.216667,0.368906,0.341670,1.017128
507,4.225000,0.368898,0.341653,1.016896
508,4.233333,0.368866,0.341649,1.016641
509,4.241667,0.368822,0.341640,1.016348
510,4.250000,0.368762,0.341678,1.015969
511,4.258333,0.368710,0.341704,1.015626
512,4.266667,0.368684,0.341719,1.015302
513,4.275000,0.368644,0.341722,1.015030
514,4.283333,0.368609,0.341703,1.014807
515,4.291667,0.368570,0.341689,1.014609
516,4.300000,0.368551,0.341676,1.014407
517,4.308333,0.368545,0.341683,1.014174
518,4.316667,0.368550,0.341668,1.013892
519,4.325000,0.368546,0.341660,1.013582
520,4.333333,0.368536,0.341674,1.013253
521,4.341667,0.368533,0.341684,1.012917
522,4.350000,0.368511,0.341694,1.012605
523,4.358333,0.368470,0.341705,1.012363
524,4.366667,0.368439,0.341710,1.012182
525,4.375000,0.368419,0.341703,1.012038
526,4.383333,0.368408,0.341674,1.011929
527,4.391667,0.368400,0.341667,1.011795
528,4.400000,0.368394,0.341662,1.011651
529,4.408333,0.368381,0.341655,1.011459
530,4.416667,0.368360,0.341668,1.011223
531,4.425000,0.368331,0.341690,1.010924
532,4.433333,0.368283,0.341707,1.010625
533,4.441667,0.368261,0.341712,1.010375
534,4.450000,0.368247,0.341710,1.010153
535,4.458333,0.368225,0.341711,1.009996
536,4.466667,0.368212,0.341691,1.009880
537,4.475000,0.368204,0.341672,1.009779
538,4.483333,0.368194,0.341642,1.009660
539,4.491667,0.368195,0.341615,1.009496
540,4.500000,0.368194,0.341616,1.009274
541,4.508333,0.368188,0.341636,1.008989
542,4.516667,0.368172,0.341656,1.008686
543,4.525000,0.368157,0.341683,1.008393
544,4.533333,0.368139,0.341689,1.008139
545,4.541667,0.368117,0.341694,1.007925
546,4.550000,0.368119,0.341669,1.007763
547,4.558333,0.368112,0.341658,1.007595
548,4.566667,0.368106,0.341641,1.007407
549,4.575000,0.368087,0.341650,1.007162
550,4.583333,0.368053,0.341652,1.006870
551,4.591667,0.368024,0.341662,1.006520
552,4.600000,0.367983,0.341664,1.006188
553,4.608333,0.367947,0.341665,1.005852
554,4.616667,0.367918,0.341676,1.005501
555,4.625000,0.367872,0.341661,1.005184
556,4.633333,0.367832,0.341660,1.004888
557,4.641667,0.367807,0.341662,1.004555
558,4.650000,0.367775,0.341646,1.004200
559,4.658333,0.367772,0.341635,1.003778
560,4.666667,0.367761,0.341650,1.003300
561,4.675000,0.367785,0.341648,1.002782
562,4.683333,0.367787,0.341659,1.002222
563,4.691667,0.367777,0.341691,1.001683
564,4.700000,0.367768,0.341707,1.001140
565,4.708333,0.367774,0.341703,1.000674
566,4.716667,0.367787,0.341702,1.000209
567,4.725000,0.367797,0.341691,0.999776
568,4.733333,0.367831,0.341667,0.999333
569,4.741667,0.367873,0.341632,0.998858
570,4.750000,0.367902,0.341612,0.998353
571,4.758333,0.367927,0.341643,0.997772
572,4.766667,0.367945,0.341673,0.997193
573,4.775000,0.367963,0.341694,0.996594
574,4.783333,0.367979,0.341704,0.996047
575,4.791667,0.367985,0.341689,0.995539
576,4.800000,0.367985,0.341669,0.995068
577,4.808333,0.367983,0.341653,0.994606
578,4.816667,0.367995,0.341640,0.994153
579,4.825000,0.367993,0.341642,0.993625
580,4.833333,0.368015,0.341659,0.993085
581,4.841667,0.368042,0.341650,0.992457
582,4.850000,0.368084,0.341657,0.991808
583,4.858333,0.368115,0.341666,0.991162
584,4.866667,0.368146,0.341681,0.990553
585,4.875000,0.368161,0.341687,0.989975
586,4.883333,0.368169,0.341685,0.989431
587,4.891667,0.368174,0.341664,0.988950
588,4.900000,0.368178,0.341636,0.988431
589,4.908333,0.368170,0.341620,0.987889
590,4.916667,0.368186,0.341617,0.987288
591,4.925000,0.368194,0.341638,0.986614
592,4.933333,0.368204,0.341662,0.985875
593,4.941667,0.368230,0.341648,0.985119
594,4.950000,0.368233,0.341675,0.984412
595,4.958333,0.368234,0.341684,0.983764
596,4.966667,0.368234,0.341664,0.983188
597,4.975000,0.368211,0.341651,0.982644
598,4.983333,0.368205,0.341618,0.982099
599,4.991667,0.368203,0.341593,0.981513
600,5.000000,0.368205,0.341599,0.980858
601,5.008333,0.368208,0.341629,0.980150
602,5.016667,0.368222,0.341635,0.979377
603,5.025000,0.368234,0.341653,0.978577
604,5.033333,0.368248,0.341658,0.977790
605,5.041667,0.368253,0.341673,0.977051
606,5.050000,0.368240,0.341669,0.976367
607,5.058333,0.368247,0.341668,0.975732
608,5.066667,0.368256,0.341623,0.975118
609,5.075000,0.368272,0.341591,0.974478
610,5.083333,0.368273,0.341580,0.973800
611,5.091667,0.368276,0.341613,0.973025
612,5.100000,0.368275,0.341627,0.972200
613,5.108333,0.368275,0.341641,0.971365
614,5.116667,0.368238,0.341665,0.970526
615,5.125000,0.368238,0.341682,0.969719
616,5.133333,0.368228,0.341696,0.968974
617,5.141667,0.368262,0.341652,0.968294
618,5.150000,0.368280,0.341611,0.967627
619,5.158333,0.368295,0.341597,0.966953
620,5.166667,0.368286,0.341604,0.966216
621,5.175000,0.368291,0.341626,0.965408
622,5.183333,0.368310,0.341626,0.964552
623,5.191667,0.368320,0.341649,0.963716
624,5.200000,0.368318,0.341663,0.962896
625,5.208333,0.368311,0.341674,0.962095
626,5.216667,0.368326,0.341651,0.961344
627,5.225000,0.368350,0.341622,0.960638
628,5.233333,0.368356,0.341622,0.959941
629,5.241667,0.368343,0.341616,0.959232
630,5.250000,0.368330,0.341626,0.958515
631,5.258333,0.368332,0.341597,0.957755
632,5.266667,0.368351,0.341599,0.956981
633,5.275000,0.368339,0.341623,0.956191
634,5.283333,0.368361,0.341627,0.955391
635,5.291667,0.368382,0.341619,0.954569
636,5.300000,0.368402,0.341611,0.953773
637,5.308333,0.368393,0.341602,0.952996
638,5.316667,0.368400,0.341605,0.952239
639,5.325000,0.368416,0.341583,0.951447
640,5.333333,0.368438,0.341579,0.950661
641,5.341667,0.368446,0.341574,0.949849
642,5.350000,0.368448,0.341576,0.949010
643,5.358333,0.368458,0.341591,0.948153
644,5.366667,0.368461,0.341588,0.947293
645,5.375000,0.368459,0.341607,0.946469
646,5.383333,0.368476,0.341602,0.945662
647,5.391667,0.368493,0.341577,0.944874
648,5.400000,0.368509,0.341543,0.944100
649,5.408333,0.368525,0.341540,0.943326
650,5.416667,0.368521,0.341547,0.942506
651,5.425000,0.368541,0.341551,0.941651
652,5.433333,0.368553,0.341538,0.940788
653,5.441667,0.368565,0.341546,0.939930
654,5.450000,0.368588,0.341567,0.939059
655,5.458333,0.368598,0.341540,0.938184
656,5.466667,0.368610,0.341543,0.937343
657,5.475000,0.368604,0.341541,0.936532
658,5.483333,0.368574,0.341544,0.935725
659,5.491667,0.368568,0.341546,0.934903
660,5.500000,0.368585,0.341509,0.934036
661,5.508333,0.368588,0.341532,0.933174
662,5.516667,0.368596,0.341524,0.932265
663,5.525000,0.368603,0.341524,0.931363
664,5.533333,0.368625,0.341536,0.930446
665,5.541667,0.368609,0.341533,0.929557
666,5.550000,0.368610,0.341538,0.928693
667,5.558333,0.368608,0.341510,0.927855
668,5.566667,0.368614,0.341509,0.927013
669,5.575000,0.368627,0.341503,0.926151
670,5.583333,0.368644,0.341483,0.925272
671,5.591667,0.368667,0.341482,0.924400
672,5.600000,0.368661,0.341480,0.923478
673,5.608333,0.368656,0.341495,0.922550
674,5.616667,0.368680,0.341489,0.921610
675,5.625000,0.368683,0.341492,0.920675
676,5.633333,0.368679,0.341513,0.919766
677,5.641667,0.368663,0.341507,0.918904
678,5.650000,0.368671,0.341484,0.918081
679,5.658333,0.368666,0.341476,0.917263
680,5.666667,0.368678,0.341467,0.916444
681,5.675000,0.368705,0.341457,0.915605
682,5.683333,0.368707,0.341437,0.914732
683,5.691667,0.368704,0.341448,0.913838
684,5.700000,0.368675,0.341467,0.912916
685,5.708333,0.368665,0.341467,0.912002
686,5.716667,0.368686,0.341478,0.911112
687,5.725000,0.368679,0.341485,0.910293
688,5.733333,0.368696,0.341457,0.909505
689,5.741667,0.368710,0.341442,0.908707
690,5.750000,0.368729,0.341437,0.907903
691,5.758333,0.368754,0.341423,0.907058
692,5.766667,0.368784,0.341417,0.906194
693,5.775000,0.368823,0.341402,0.905253
694,5.783333,0.368859,0.341413,0.904264
695,5.791667,0.368876,0.341439,0.903227
696,5.800000,0.368875,0.341458,0.902206
697,5.808333,0.368864,0.341469,0.901214
698,5.816667,0.368853,0.341473,0.900273
699,5.825000,0.368863,0.341470,0.899411
700,5.833333,0.368884,0.341434,0.898566
701,5.841667,0.368879,0.341428,0.897759
702,5.850000,0.368873,0.341403,0.896927
703,5.858333,0.368896,0.341391,0.896080
704,5.866667,0.368881,0.341410,0.895156
705,5.875000,0.368894,0.341432,0.894193
706,5.883333,0.368911,0.341457,0.893246
707,5.891667,0.368941,0.341455,0.892319
708,5.900000,0.368985,0.341451,0.891454
709,5.908333,0.368987,0.341446,0.890604
710,5.916667,0.369006,0.341416,0.889781
711,5.925000,0.369003,0.341403,0.888951
712,5.933333,0.369015,0.341388,0.888085
713,5.941667,0.369034,0.341392,0.887192
714,5.950000,0.369035,0.341414,0.886254
715,5.958333,0.369020,0.341428,0.885328
716,5.966667,0.369018,0.341418,0.884435
717,5.975000,0.369020,0.341404,0.883574
718,5.983333,0.369044,0.341391,0.882754
719,5.991667,0.369065,0.341389,0.881916
720,6.000000,0.369078,0.341376,0.881039
721,6.008333,0.369077,0.341374,0.880142
722,6.016667,0.369082,0.341375,0.879225
723,6.025000,0.369082,0.341384,0.878270
724,6.033333,0.369090,0.341398,0.877291
725,6.041667,0.369096,0.341388,0.876318
726,6.050000,0.369103,0.341416,0.875374
727,6.058333,0.369098,0.341404,0.874434
728,6.066667,0.369095,0.341433,0.873562
729,6.075000,0.369091,0.341431,0.872737
730,6.083333,0.369106,0.341409,0.871962
731,6.091667,0.369133,0.341384,0.871201
732,6.100000,0.369159,0.341348,0.870448
733,6.108333,0.369189,0.341352,0.869650
734,6.116667,0.369200,0.341350,0.868779
735,6.125000,0.369199,0.341359,0.867893
736,6.133333,0.369186,0.341374,0.866987
737,6.141667,0.369184,0.341381,0.866065
738,6.150000,0.369196,0.341404,0.865162
739,6.158333,0.369197,0.341408,0.864282
740,6.166667,0.369210,0.341396,0.863465
741,6.175000,0.369197,0.341362,0.862676
742,6.183333,0.369203,0.341350,0.861893
743,6.191667,0.369197,0.341347,0.861061
744,6.200000,0.369223,0.341357,0.860225
745,6.208333,0.369236,0.341358,0.859358
746,6.216667,0.369242,0.341365,0.858472
747,6.225000,0.369246,0.341379,0.857575
748,6.233333,0.369257,0.341354,0.856667
749,6.241667,0.369283,0.341366,0.855797
750,6.250000,0.369280,0.341366,0.854946
751,6.258333,0.369311,0.341347,0.854081
752,6.266667,0.369332,0.341342,0.853214
753,6.275000,0.369343,0.341337,0.852353
754,6.283333,0.369322,0.341360,0.851506
755,6.291667,0.369303,0.341335,0.850624
756,6.300000,0.369330,0.341328,0.849712
757,6.308333,0.369338,0.341343,0.848789
758,6.316667,0.369357,0.341347,0.847863
759,6.325000,0.369363,0.341344,0.846959
760,6.333333,0.369313,0.341372,0.846100
761,6.341667,0.369289,0.341390,0.845266
762,6.350000,0.369299,0.341376,0.844489
763,6.358333,0.369323,0.341349,0.843806
764,6.366667,0.369321,0.341334,0.843114
765,6.375000,0.369362,0.341327,0.842448
766,6.383333,0.369382,0.341293,0.841751
767,6.391667,0.369394,0.341263,0.840999
768,6.400000,0.369378,0.341286,0.840187
769,6.408333,0.369375,0.341317,0.839331
770,6.416667,0.369398,0.341333,0.838423
771,6.425000,0.369422,0.341343,0.837547
772,6.433333,0.369412,0.341354,0.836751
773,6.441667,0.369408,0.341356,0.836001
774,6.450000,0.369404,0.341334,0.835255
775,6.458333,0.369424,0.341311,0.834569
776,6.466667,0.369422,0.341299,0.833880
777,6.475000,0.369444,0.341273,0.833138
778,6.483333,0.369452,0.341258,0.832332
779,6.491667,0.369463,0.341264,0.831458
780,6.500000,0.369455,0.341320,0.830524
781,6.508333,0.369437,0.341336,0.829584
782,6.516667,0.369457,0.341331,0.828703
783,6.525000,0.369471,0.341333,0.827891
784,6.533333,0.369499,0.341330,0.827105
785,6.541667,0.369520,0.341308,0.826332
786,6.550000,0.369526,0.341301,0.825615
787,6.558333,0.369495,0.341297,0.824878
788,6.566667,0.369475,0.341311,0.824098
789,6.575000,0.369462,0.341302,0.823308
790,6.583333,0.369477,0.341292,0.822490
791,6.591667,0.369461,0.341319,0.821655
792,6.600000,0.369488,0.341335,0.820826
793,6.608333,0.369496,0.341307,0.820023
794,6.616667,0.369477,0.341312,0.819242
795,6.625000,0.369462,0.341309,0.818476
796,6.633333,0.369485,0.341280,0.817747
797,6.641667,0.369515,0.341277,0.816936
798,6.650000,0.369541,0.341283,0.816123
799,6.658333,0.369548,0.341299,0.815316
800,6.666667,0.369548,0.341283,0.814484
801,6.675000,0.369543,0.341281,0.813649
802,6.683333,0.369528,0.341308,0.812847
803,6.691667,0.369561,0.341306,0.812121
804,6.700000,0.369586,0.341285,0.811376
805,6.708333,0.369609,0.341261,0.810684
806,6.716667,0.369616,0.341255,0.810004
807,6.725000,0.369604,0.341258,0.809264
808,6.733333,0.369608,0.341238,0.808519
809,6.741667,0.369619,0.341241,0.807759
810,6.750000,0.369616,0.341271,0.806988
811,6.758333,0.369635,0.341260,0.806251
812,6.766667,0.369648,0.341251,0.805526
813,6.775000,0.369660,0.341244,0.804813
814,6.783333,0.369655,0.341253,0.804194
815,6.791667,0.369640,0.341245,0.803482
816,6.800000,0.369663,0.341250,0.802804
817,6.808333,0.369674,0.341212,0.802087
818,6.816667,0.369685,0.341231,0.801347
819,6.825000,0.369699,0.341219,0.800602
820,6.833333,0.369726,0.341203,0.799803
821,6.841667,0.369716,0.341227,0.799001
822,6.850000,0.369697,0.341274,0.798228
823,6.858333,0.369707,0.341261,0.797466
824,6.866667,0.369723,0.341231,0.796690
825,6.875000,0.369744,0.341210,0.795948
826,6.883333,0.369774,0.341232,0.795174
827,6.891667,0.369805,0.341217,0.794344
828,6.900000,0.369813,0.341210,0.793536
829,6.908333,0.369773,0.341242,0.792740
830,6.916667,0.369766,0.341242,0.791936
831,6.925000,0.369761,0.341223,0.791128
832,6.933333,0.369777,0.341211,0.790364
833,6.941667,0.369765,0.341222,0.789569
834,6.950000,0.369758,0.341228,0.788733
835,6.958333,0.369762,0.341202,0.787894
836,6.966667,0.369760,0.341216,0.787054
837,6.975000,0.369778,0.341233,0.786182
838,6.983333,0.369811,0.341222,0.785294
839,6.991667,0.369823,0.341245,0.784451
840,7.000000,0.369799,0.341269,0.783627
841,7.008333,0.369783,0.341262,0.782815
842,7.016667,0.369793,0.341228,0.782049
843,7.025000,0.369825,0.341219,0.781325
844,7.033333,0.369859,0.341215,0.780529
845,7.041667,0.369907,0.341190,0.779732
846,7.050000,0.369924,0.341181,0.778919
847,7.058333,0.369915,0.341203,0.778049
848,7.066667,0.369924,0.341201,0.777119
849,7.075000,0.369956,0.341218,0.776183
850,7.083333,0.369964,0.341229,0.775301
851,7.091667,0.369983,0.341226,0.774412
852,7.100000,0.369985,0.341204,0.773533
853,7.108333,0.369956,0.341227,0.772699
854,7.116667,0.369967,0.341242,0.771936
855,7.125000,0.369978,0.341221,0.771170
856,7.133333,0.369979,0.341196,0.770442
857,7.141667,0.369980,0.341201,0.769736
858,7.150000,0.369985,0.341193,0.768978
859,7.158333,0.369995,0.341174,0.768181
860,7.166667,0.370000,0.341204,0.767429
861,7.175000,0.370000,0.341230,0.766627
862,7.183333,0.370004,0.341228,0.765869
863,7.191667,0.370005,0.341200,0.765150
864,7.200000,0.369984,0.341214,0.764451
865,7.208333,0.369975,0.341220,0.763821
866,7.216667,0.369976,0.341202,0.763162
867,7.225000,0.370006,0.341198,0.762514
868,7.233333,0.370001,0.341174,0.761875
869,7.241667,0.370021,0.341175,0.761182
870,7.250000,0.370042,0.341178,0.760478
871,7.258333,0.370065,0.341177,0.759678
872,7.266667,0.370057,0.341212,0.758896
873,7.275000,0.370028,0.341245,0.758192
874,7.283333,0.369999,0.341248,0.757483
875,7.291667,0.370001,0.341223,0.756877
876,7.300000,0.370001,0.341211,0.756306
877,7.308333,0.370009,0.341186,0.755805
878,7.316667,0.370041,0.341168,0.755232
879,7.325000,0.370068,0.341140,0.754650
880,7.333333,0.370084,0.341125,0.753922
881,7.341667,0.370077,0.341163,0.753128
882,7.350000,0.370043,0.341190,0.752316
883,7.358333,0.370054,0.341198,0.751450
884,7.366667,0.370049,0.341204,0.750619
885,7.375000,0.370044,0.341223,0.749896
886,7.383333,0.370022,0.341211,0.749205
887,7.391667,0.370005,0.341201,0.748521
888,7.400000,0.370004,0.341176,0.747901
889,7.408333,0.369989,0.341161,0.747244
890,7.416667,0.369992,0.341163,0.746591
891,7.425000,0.370021,0.341139,0.745849
892,7.433333,0.370048,0.341150,0.745102
893,7.441667,0.370047,0.341186,0.744376
894,7.450000,0.370037,0.341204,0.743604
895,7.458333,0.370046,0.341181,0.742872
896,7.466667,0.370046,0.341174,0.742158
897,7.475000,0.370044,0.341181,0.741454
898,7.483333,0.370065,0.341170,0.740817
899,7.491667,0.370074,0.341154,0.740068
900,7.500000,0.370085,0.341177,0.739372
901,7.508333,0.370058,0.341179,0.738678
902,7.516667,0.370070,0.341167,0.737955
903,7.525000,0.370098,0.341143,0.737239
904,7.533333,0.370101,0.341164,0.736469
905,7.541667,0.370111,0.341207,0.735697
906,7.550000,0.370123,0.341182,0.734973
907,7.558333,0.370116,0.341170,0.734224
908,7.566667,0.370094,0.341178,0.733509
909,7.575000,0.370088,0.341182,0.732805
910,7.583333,0.370106,0.341166,0.732076
911,7.591667,0.370130,0.341141,0.731417
912,7.600000,0.370143,0.341158,0.730695
913,7.608333,0.370159,0.341169,0.729972
914,7.616667,0.370154,0.341157,0.729227
915,7.625000,0.370162,0.341166,0.728455
916,7.633333,0.370152,0.341165,0.727710
917,7.641667,0.370174,0.341171,0.726959
918,7.650000,0.370188,0.341165,0.726169
919,7.658333,0.370185,0.341183,0.725488
920,7.666667,0.370173,0.341202,0.724798
921,7.675000,0.370157,0.341182,0.724139
922,7.683333,0.370171,0.341171,0.723492
923,7.691667,0.370165,0.341165,0.722852
924,7.700000,0.370178,0.341177,0.722263
925,7.708333,0.370192,0.341206,0.721594
926,7.716667,0.370206,0.341161,0.720966
927,7.725000,0.370205,0.341175,0.720326
928,7.733333,0.370195,0.341178,0.719707
929,7.741667,0.370195,0.341177,0.719049
930,7.750000,0.370214,0.341156,0.718433
931,7.758333,0.370225,0.341169,0.717758
932,7.766667,0.370247,0.341202,0.717131
933,7.775000,0.370264,0.341198,0.716530
934,7.783333,0.370274,0.341169,0.715926
935,7.791667,0.370297,0.341139,0.715341
936,7.800000,0.370294,0.341139,0.714751
937,7.808333,0.370311,0.341138,0.714116
938,7.816667,0.370329,0.341147,0.713424
939,7.825000,0.370347,0.341143,0.712737
940,7.833333,0.370331,0.341174,0.712005
941,7.841667,0.370328,0.341192,0.711336
942,7.850000,0.370319,0.341182,0.710670
943,7.858333,0.370306,0.341157,0.710069
944,7.866667,0.370310,0.341170,0.709483
945,7.875000,0.370332,0.341147,0.708927
946,7.883333,0.370343,0.341143,0.708340
947,7.891667,0.370379,0.341142,0.707732
948,7.900000,0.370371,0.341137,0.707098
949,7.908333,0.370374,0.341139,0.706457
950,7.916667,0.370368,0.341153,0.705819
951,7.925000,0.370358,0.341150,0.705156
952,7.933333,0.370374,0.341155,0.704581
953,7.941667,0.370396,0.341169,0.703957
954,7.950000,0.370408,0.341157,0.703432
955,7.958333,0.370439,0.341155,0.702859
956,7.966667,0.370474,0.341102,0.702302
957,7.975000,0.370470,0.341103,0.701713
958,7.983333,0.370474,0.341116,0.701110
959,7.991667,0.370445,0.341124,0.700458
960,8.000000,0.370450,0.341133,0.699846
961,8.008333,0.370460,0.341159,0.699183
962,8.016667,0.370456,0.341155,0.698659
963,8.025000,0.370458,0.341160,0.698126
964,8.033333,0.370497,0.341135,0.697634
965,8.041667,0.370518,0.341093,0.697121
966,8.050000,0.370532,0.341091,0.696559
967,8.058333,0.370535,0.341093,0.696015
968,8.066667,0.370555,0.341105,0.695342
969,8.075000,0.370593,0.341117,0.694690
970,8.083333,0.370604,0.341136,0.694037
971,8.091667,0.370591,0.341150,0.693429
972,8.100000,0.370580,0.341149,0.692878
973,8.108333,0.370561,0.341121,0.692343
974,8.116667,0.370563,0.341108,0.691791
975,8.125000,0.370580,0.341089,0.691271
976,8.133333,0.370600,0.341101,0.690667
977,8.141667,0.370626,0.341112,0.690112
978,8.150000,0.370643,0.341112,0.689468
979,8.158333,0.370661,0.341105,0.688848
980,8.166667,0.370645,0.341106,0.688192
981,8.175000,0.370636,0.341110,0.687583
982,8.183333,0.370633,0.341121,0.686935
983,8.191667,0.370635,0.341109,0.686311
984,8.200000,0.370659,0.341115,0.685709
985,8.208333,0.370675,0.341122,0.685088
986,8.216667,0.370686,0.341097,0.684491
987,8.225000,0.370701,0.341087,0.683820
988,8.233333,0.370703,0.341090,0.683161
989,8.241667,0.370692,0.341105,0.682458
990,8.250000,0.370677,0.341095,0.681793
991,8.258333,0.370685,0.341107,0.681073
992,8.266667,0.370707,0.341127,0.680379
993,8.275000,0.370690,0.341122,0.679721
994,8.283333,0.370676,0.341112,0.679025
995,8.291667,0.370674,0.341084,0.678373
996,8.300000,0.370649,0.341081,0.677667
997,8.308333,0.370642,0.341075,0.676973
998,8.316667,0.370674,0.341098,0.676209
999,8.325000,0.370685,0.341132,0.675426
1000,8.333333,0.370678,0.341140,0.674714
1001,8.341667,0.370666,0.341142,0.673960
1002,8.350000,0.370653,0.341138,0.673274
1003,8.358333,0.370649,0.341132,0.672643
1004,8.366667,0.370660,0.341114,0.672026
1005,8.375000,0.370688,0.341100,0.671438
1006,8.383333,0.370719,0.341088,0.670832
1007,8.391667,0.370730,0.341078,0.670219
1008,8.400000,0.370720,0.341087,0.669552
1009,8.408333,0.370714,0.341075,0.668857
1010,8.416667,0.370686,0.341083,0.668105
1011,8.425000,0.370695,0.341084,0.667382
1012,8.433333,0.370706,0.341103,0.666633
1013,8.441667,0.370699,0.341118,0.665883
1014,8.450000,0.370691,0.341093,0.665221
1015,8.458333,0.370664,0.341100,0.664534
1016,8.466667,0.370666,0.341073,0.663906
1017,8.475000,0.370684,0.341062,0.663231
1018,8.483333,0.370726,0.341041,0.662566
1019,8.491667,0.370786,0.341054,0.661828
1020,8.500000,0.370820,0.341066,0.661033
1021,8.508333,0.370818,0.341066,0.660305
1022,8.516667,0.370803,0.341079,0.659548
1023,8.525000,0.370782,0.341088,0.658870
1024,8.533333,0.370788,0.341061,0.658238
1025,8.541667,0.370788,0.341055,0.657625
1026,8.550000,0.370802,0.341058,0.657038
1027,8.558333,0.370815,0.341059,0.656414
1028,8.566667,0.370809,0.341041,0.655793
1029,8.575000,0.370818,0.341049,0.655091
1030,8.583333,0.370840,0.341035,0.654402
1031,8.591667,0.370866,0.341042,0.653659
1032,8.600000,0.370904,0.341054,0.652991
1033,8.608333,0.370928,0.341080,0.652317
1034,8.616667,0.370918,0.341080,0.651709
1035,8.625000,0.370884,0.341060,0.651112
1036,8.633333,0.370840,0.341058,0.650556
1037,8.641667,0.370816,0.341028,0.649962
1038,8.650000,0.370836,0.340989,0.649338
1039,8.658333,0.370860,0.340984,0.648653
1040,8.666667,0.370879,0.341016,0.647902
1041,8.675000,0.370898,0.341042,0.647168
1042,8.683333,0.370890,0.341051,0.646386
1043,8.691667,0.370892,0.341042,0.645659
1044,8.700000,0.370891,0.341049,0.644950
1045,8.708333,0.370909,0.341022,0.644255
1046,8.716667,0.370917,0.341003,0.643645
1047,8.725000,0.370897,0.341015,0.642982
1048,8.733333,0.370877,0.341024,0.642374
1049,8.741667,0.370858,0.341021,0.641661
1050,8.750000,0.370872,0.341004,0.640988
1051,8.758333,0.370871,0.341008,0.640258
1052,8.766667,0.370878,0.341007,0.639518
1053,8.775000,0.370893,0.341014,0.638815
1054,8.783333,0.370883,0.341059,0.638076
1055,8.791667,0.370875,0.341083,0.637466
1056,8.800000,0.370877,0.341079,0.636863
1057,8.808333,0.370904,0.341040,0.636392
1058,8.816667,0.370921,0.341019,0.635912
1059,8.825000,0.370930,0.340990,0.635479
1060,8.833333,0.370924,0.340969,0.635039
1061,8.841667,0.370918,0.340964,0.634481
1062,8.850000,0.370907,0.340966,0.633909
1063,8.858333,0.370895,0.341020,0.633249
1064,8.866667,0.370893,0.341045,0.632662
1065,8.875000,0.370910,0.341045,0.632028
1066,8.883333,0.370940,0.341040,0.631524
1067,8.891667,0.370955,0.341048,0.631032
1068,8.900000,0.370956,0.341016,0.630653
1069,8.908333,0.370954,0.340990,0.630333
1070,8.916667,0.370962,0.340958,0.629966
1071,8.925000,0.370949,0.340943,0.629553
1072,8.933333,0.370942,0.340939,0.629091
1073,8.941667,0.370940,0.340977,0.628511
1074,8.950000,0.370932,0.341029,0.627947
1075,8.958333,0.370941,0.341045,0.627340
1076,8.966667,0.370944,0.341044,0.626835
1077,8.975000,0.370943,0.341025,0.626362
1078,8.983333,0.370934,0.341006,0.625939
1079,8.991667,0.370921,0.340995,0.625617
1080,9.000000,0.370905,0.340973,0.625261
1081,9.008333,0.370898,0.340958,0.624835
1082,9.016667,0.370885,0.340943,0.624394
1083,9.025000,0.370886,0.340958,0.623830
1084,9.033333,0.370906,0.340995,0.623240
1085,9.041667,0.370906,0.341034,0.622611
1086,9.050000,0.370914,0.341046,0.622019
1087,9.058333,0.370893,0.341057,0.621435
1088,9.066667,0.370882,0.341043,0.620951
1089,9.075000,0.370872,0.341031,0.620584
1090,9.083333,0.370879,0.341013,0.620203
1091,9.091667,0.370884,0.340968,0.619839
1092,9.100000,0.370907,0.340953,0.619462
1093,9.108333,0.370928,0.340938,0.618943
1094,9.116667,0.370936,0.340963,0.618368
1095,9.125000,0.370934,0.340998,0.617681
1096,9.133333,0.370921,0.341014,0.616998
1097,9.141667,0.370885,0.341047,0.616285
1098,9.150000,0.370876,0.341064,0.615717
1099,9.158333,0.370889,0.341063,0.615158
1100,9.166667,0.370913,0.341040,0.614737
1101,9.175000,0.370940,0.341016,0.614371
1102,9.183333,0.370961,0.340992,0.613997
1103,9.191667,0.370969,0.340981,0.613628
1104,9.200000,0.370969,0.340992,0.613216
1105,9.208333,0.370983,0.341003,0.612682
1106,9.216667,0.370964,0.340998,0.612157
1107,9.225000,0.370947,0.341011,0.611560
1108,9.233333,0.370949,0.341019,0.611033
1109,9.241667,0.370948,0.341027,0.610511
1110,9.250000,0.370974,0.341015,0.610010
1111,9.258333,0.370994,0.341031,0.609578
1112,9.266667,0.371010,0.341027,0.609103
1113,9.275000,0.371004,0.341032,0.608705
1114,9.283333,0.370994,0.341038,0.608328
1115,9.291667,0.370987,0.341034,0.607872
1116,9.300000,0.370978,0.341014,0.607459
1117,9.308333,0.370981,0.340999,0.607024
1118,9.316667,0.370977,0.341015,0.606543
1119,9.325000,0.370970,0.341016,0.606128
1120,9.333333,0.370969,0.341035,0.605677
1121,9.341667,0.370980,0.341036,0.605262
1122,9.350000,0.370998,0.341031,0.604920
1123,9.358333,0.370999,0.341031,0.604596
1124,9.366667,0.371006,0.341002,0.604266
1125,9.375000,0.371006,0.341002,0.603937
1126,9.383333,0.370995,0.341004,0.603594
1127,9.391667,0.370986,0.341018,0.603153
1128,9.400000,0.370992,0.341011,0.602642
1129,9.408333,0.371000,0.341014,0.602134
1130,9.416667,0.370996,0.341024,0.601578
1131,9.425000,0.370991,0.341030,0.601139
1132,9.433333,0.370984,0.341049,0.600683
1133,9.441667,0.370983,0.341035,0.600301
1134,9.450000,0.370990,0.340996,0.599952
1135,9.458333,0.370985,0.340977,0.599571
1136,9.466667,0.370980,0.340991,0.599136
1137,9.475000,0.370986,0.341006,0.598683
1138,9.483333,0.370988,0.341008,0.598106
1139,9.491667,0.371002,0.341002,0.597534
1140,9.500000,0.370995,0.341003,0.596888
1141,9.508333,0.370969,0.341027,0.596313
1142,9.516667,0.370940,0.341050,0.595717
1143,9.525000,0.370935,0.341022,0.595175
1144,9.533333,0.370954,0.341020,0.594657
1145,9.541667,0.370971,0.341036,0.594151
1146,9.550000,0.370979,0.341020,0.593686
1147,9.558333,0.370984,0.341004,0.593122
1148,9.566667,0.371010,0.340964,0.592569
1149,9.575000,0.371004,0.340968,0.591900
1150,9.583333,0.370982,0.340989,0.591259
1151,9.591667,0.370974,0.340993,0.590474
1152,9.600000,0.371000,0.341016,0.589701
1153,9.608333,0.371001,0.341057,0.588930
1154,9.616667,0.371015,0.341049,0.588170
1155,9.625000,0.371005,0.341016,0.587504
1156,9.633333,0.370983,0.341023,0.586824
1157,9.641667,0.370980,0.340986,0.586173
1158,9.650000,0.371024,0.340969,0.585444
1159,9.658333,0.371061,0.340997,0.584671
1160,9.666667,0.371070,0.341020,0.583866
1161,9.675000,0.371041,0.341007,0.582973
1162,9.683333,0.371012,0.341038,0.582132
1163,9.691667,0.371023,0.341021,0.581333
1164,9.700000,0.371057,0.341027,0.580533
1165,9.708333,0.371064,0.341040,0.579805
1166,9.716667,0.371071,0.341046,0.579124
1167,9.725000,0.371086,0.341000,0.578395
1168,9.733333,0.371097,0.340971,0.577721
1169,9.741667,0.371094,0.340976,0.576964
1170,9.750000,0.371120,0.340957,0.576191
1171,9.758333,0.371122,0.340975,0.575392
1172,9.766667,0.371096,0.341043,0.574574
1173,9.775000,0.371100,0.341011,0.573810
1174,9.783333,0.371112,0.341005,0.573052
1175,9.791667,0.371096,0.341013,0.572390
1176,9.800000,0.371117,0.340983,0.571774
1177,9.808333,0.371144,0.340938,0.571155
1178,9.816667,0.371154,0.340951,0.570571
1179,9.825000,0.371157,0.340961,0.569964
1180,9.833333,0.371197,0.340948,0.569267
1181,9.841667,0.371212,0.340943,0.568595
1182,9.850000,0.371197,0.340963,0.567917
1183,9.858333,0.371203,0.340963,0.567214
1184,9.866667,0.371213,0.340938,0.566571
1185,9.875000,0.371211,0.340975,0.565968
1186,9.883333,0.371220,0.340984,0.565447
1187,9.891667,0.371235,0.340948,0.564957
1188,9.900000,0.371260,0.340945,0.564460
1189,9.908333,0.371277,0.340923,0.564020
1190,9.916667,0.371274,0.340932,0.563515
1191,9.925000,0.371257,0.340953,0.563043
1192,9.933333,0.371252,0.340922,0.562536
1193,9.941667,0.371235,0.340914,0.562014
1194,9.950000,0.371232,0.340923,0.561597
1195,9.958333,0.371227,0.340947,0.561168
1196,9.966667,0.371237,0.340968,0.560814
1197,9.975000,0.371249,0.340950,0.560501
1198,9.983333,0.371277,0.340940,0.560227
1199,9.991667,0.371297,0.340901,0.559908
1200,10.000000,0.371304,0.340917,0.559546
1201,10.008333,0.371308,0.340920,0.559211
1202,10.016667,0.371300,0.340954,0.558851
1203,10.025000,0.371283,0.340970,0.558470
1204,10.033333,0.371268,0.340973,0.558132
1205,10.041667,0.371265,0.340954,0.557868
1206,10.050000,0.371268,0.340931,0.557638
1207,10.058333,0.371268,0.340917,0.557428
1208,10.066667,0.371276,0.340900,0.557243
1209,10.075000,0.371272,0.340879,0.557035
1210,10.083333,0.371267,0.340880,0.556813
1211,10.091667,0.371282,0.340903,0.556505
1212,10.100000,0.371279,0.340911,0.556130
1213,10.108333,0.371307,0.340918,0.555747
1214,10.116667,0.371304,0.340964,0.555407
1215,10.125000,0.371335,0.340950,0.555093
1216,10.133333,0.371314,0.340953,0.554833
1217,10.141667,0.371315,0.340946,0.554593
1218,10.150000,0.371285,0.340949,0.554415
1219,10.158333,0.371284,0.340922,0.554210
1220,10.166667,0.371281,0.340925,0.553980
1221,10.175000,0.371294,0.340922,0.553635
1222,10.183333,0.371271,0.340928,0.553294
1223,10.191667,0.371289,0.340921,0.552934
1224,10.200000,0.371279,0.340928,0.552579
1225,10.208333,0.371287,0.340942,0.552225
1226,10.216667,0.371268,0.340942,0.551951
1227,10.225000,0.371269,0.340932,0.551715
1228,10.233333,0.371284,0.340929,0.551454
1229,10.241667,0.371300,0.340925,0.551172
1230,10.250000,0.371314,0.340904,0.550891
1231,10.258333,0.371318,0.340896,0.550551
1232,10.266667,0.371325,0.340901,0.550204
1233,10.275000,0.371325,0.340936,0.549798
1234,10.283333,0.371328,0.340967,0.549394
1235,10.291667,0.371303,0.340960,0.549051
1236,10.300000,0.371289,0.340961,0.548673
1237,10.308333,0.371277,0.340941,0.548336
1238,10.316667,0.371277,0.340931,0.548081
1239,10.325000,0.371275,0.340913,0.547849
1240,10.333333,0.371279,0.340904,0.547588
1241,10.341667,0.371273,0.340910,0.547304
1242,10.350000,0.371244,0.340913,0.547006
1243,10.358333,0.371258,0.340900,0.546669
1244,10.366667,0.371284,0.340893,0.546260
1245,10.375000,0.371288,0.340911,0.545889
1246,10.383333,0.371296,0.340937,0.545542
1247,10.391667,0.371299,0.340963,0.545247
1248,10.400000,0.371280,0.340950,0.544984
1249,10.408333,0.371270,0.340959,0.544746
1250,10.416667,0.371281,0.340945,0.544528
1251,10.425000,0.371293,0.340917,0.544355
1252,10.433333,0.371295,0.340890,0.544146
1253,10.441667,0.371293,0.340877,0.543869
1254,10.450000,0.371275,0.340905,0.543531
1255,10.458333,0.371253,0.340924,0.543198
1256,10.466667,0.371247,0.340939,0.542895
1257,10.475000,0.371234,0.340962,0.542600
1258,10.483333,0.371223,0.340975,0.542378
1259,10.491667,0.371231,0.340963,0.542236
1260,10.500000,0.371234,0.340948,0.542157
1261,10.508333,0.371243,0.340924,0.542107
1262,10.516667,0.371251,0.340899,0.542042
1263,10.525000,0.371258,0.340877,0.541934
1264,10.533333,0.371262,0.340878,0.541794
1265,10.541667,0.371268,0.340878,0.541600
1266,10.550000,0.371274,0.340916,0.541391
1267,10.558333,0.371279,0.340926,0.541210
1268,10.566667,0.371272,0.340937,0.541091
1269,10.575000,0.371265,0.340937,0.541041
1270,10.583333,0.371268,0.340920,0.541033
1271,10.591667,0.371265,0.340887,0.541070
1272,10.600000,0.371277,0.340871,0.541080
1273,10.608333,0.371275,0.340869,0.541049
1274,10.616667,0.371284,0.340878,0.540957
1275,10.625000,0.371286,0.340905,0.540807
1276,10.633333,0.371288,0.340945,0.540647
1277,10.641667,0.371291,0.340968,0.540523
1278,10.650000,0.371292,0.340980,0.540481
1279,10.658333,0.371295,0.340970,0.540517
1280,10.666667,0.371282,0.340934,0.540643
1281,10.675000,0.371283,0.340898,0.540794
1282,10.683333,0.371283,0.340861,0.540916
1283,10.691667,0.371284,0.340838,0.540967
1284,10.700000,0.371283,0.340852,0.540926
1285,10.708333,0.371289,0.340874,0.540820
1286,10.716667,0.371297,0.340914,0.540681
1287,10.725000,0.371299,0.340938,0.540579
1288,10.733333,0.371298,0.340954,0.540550
1289,10.741667,0.371301,0.340938,0.540576
1290,10.750000,0.371299,0.340910,0.540671
1291,10.758333,0.371295,0.340878,0.540784
1292,10.766667,0.371293,0.340854,0.540890
1293,10.775000,0.371294,0.340843,0.540934
1294,10.783333,0.371294,0.340852,0.540909
1295,10.791667,0.371290,0.340880,0.540837
1296,10.800000,0.371287,0.340907,0.540732
1297,10.808333,0.371298,0.340922,0.540643
1298,10.816667,0.371289,0.340939,0.540603
1299,10.825000,0.371296,0.340926,0.540629
1300,10.833333,0.371292,0.340905,0.540707
1301,10.841667,0.371282,0.340877,0.540807
1302,10.850000,0.371287,0.340853,0.540889
1303,10.858333,0.371289,0.340837,0.540939
1304,10.866667,0.371284,0.340841,0.540937
1305,10.875000,0.371301,0.340843,0.540880
1306,10.883333,0.371310,0.340860,0.540811
1307,10.891667,0.371319,0.340868,0.540773
1308,10.900000,0.371322,0.340869,0.540765
1309,10.908333,0.371320,0.340862,0.540791
1310,10.916667,0.371320,0.340850,0.540844
1311,10.925000,0.371328,0.340835,0.540901
1312,10.933333,0.371329,0.340824,0.540932
1313,10.941667,0.371333,0.340820,0.540943
1314,10.950000,0.371326,0.340827,0.540929
1315,10.958333,0.371324,0.340840,0.540885
1316,10.966667,0.371323,0.340851,0.540828
1317,10.975000,0.371327,0.340861,0.540791
1318,10.983333,0.371329,0.340868,0.540780
1319,10.991667,0.371324,0.340856,0.540812
1320,11.000000,0.371327,0.340846,0.540845
1321,11.008333,0.371324,0.340830,0.540898
1322,11.016667,0.371318,0.340830,0.540934
1323,11.025000,0.371327,0.340818,0.540934
1324,11.033333,0.371325,0.340827,0.540911
1325,11.041667,0.371329,0.340842,0.540877
1326,11.050000,0.371321,0.340856,0.540847
1327,11.058333,0.371318,0.340860,0.540814
1328,11.066667,0.371329,0.340861,0.540797
1329,11.075000,0.371324,0.340854,0.540823
1330,11.083333,0.371329,0.340846,0.540865
1331,11.091667,0.371329,0.340835,0.540891
1332,11.100000,0.371327,0.340827,0.540919
1333,11.108333,0.371321,0.340828,0.540927
1334,11.116667,0.371332,0.340829,0.540913
1335,11.125000,0.371319,0.340853,0.540878
1336,11.133333,0.371312,0.340842,0.540841
1337,11.141667,0.371292,0.340858,0.540815
1338,11.150000,0.371301,0.340850,0.540827
1339,11.158333,0.371299,0.340845,0.540854
1340,11.166667,0.371306,0.340835,0.540892
1341,11.175000,0.371308,0.340820,0.540936
1342,11.183333,0.371309,0.340814,0.540951
1343,11.191667,0.371313,0.340815,0.540940
1344,11.200000,0.371306,0.340833,0.540914
1345,11.208333,0.371308,0.340836,0.540879
1346,11.216667,0.371304,0.340845,0.540851
1347,11.225000,0.371303,0.340842,0.540832
1348,11.233333,0.371311,0.340841,0.540842
1349,11.241667,0.371308,0.340836,0.540864
1350,11.250000,0.371309,0.340831,0.540896
1351,11.258333,0.371308,0.340826,0.540926
1352,11.266667,0.371309,0.340819,0.540941
1353,11.275000,0.371307,0.340822,0.540928
1354,11.283333,0.371306,0.340830,0.540908
1355,11.291667,0.371308,0.340834,0.540884
1356,11.300000,0.371309,0.340836,0.540860
1357,11.308333,0.371308,0.340842,0.540846
1358,11.316667,0.371300,0.340850,0.540843
1359,11.325000,0.371310,0.340839,0.540876
1360,11.333333,0.371305,0.340825,0.540901
1361,11.341667,0.371305,0.340825,0.540915
1362,11.350000,0.371307,0.340822,0.540930
1363,11.358333,0.371313,0.340829,0.540918
1364,11.366667,0.371306,0.340829,0.540902
1365,11.375000,0.371304,0.340837,0.540878
1366,11.383333,0.371306,0.340836,0.540860
1367,11.391667,0.371311,0.340838,0.540850
1368,11.400000,0.371304,0.340842,0.540857
1369,11.408333,0.371308,0.340832,0.540880
1370,11.416667,0.371306,0.340833,0.540901
1371,11.425000,0.371305,0.340826,0.540914
1372,11.433333,0.371311,0.340823,0.540922
1373,11.441667,0.371308,0.340820,0.540915
1374,11.450000,0.371307,0.340829,0.540900
1375,11.458333,0.371304,0.340832,0.540879
1376,11.466667,0.371307,0.340833,0.540862
1377,11.475000,0.371312,0.340844,0.540858
1378,11.483333,0.371310,0.340840,0.540866
1379,11.491667,0.371303,0.340837,0.540888
1380,11.500000,0.371306,0.340828,0.540898
1381,11.508333,0.371309,0.340825,0.540914
1382,11.516667,0.371314,0.340828,0.540913
1383,11.525000,0.371307,0.340824,0.540912
1384,11.533333,0.371308,0.340835,0.540895
1385,11.541667,0.371303,0.340829,0.540883
1386,11.550000,0.371308,0.340833,0.540868
1387,11.558333,0.371308,0.340838,0.540873
1388,11.566667,0.371310,0.340832,0.540874
1389,11.575000,0.371306,0.340829,0.540886
1390,11.583333,0.371308,0.340832,0.540894
1391,11.591667,0.371302,0.340827,0.540902
1392,11.600000,0.371303,0.340831,0.540893
1393,11.608333,0.371303,0.340832,0.540868
1394,11.616667,0.371307,0.340843,0.540839
1395,11.625000,0.371314,0.340850,0.540819
1396,11.633333,0.371307,0.340850,0.540834
1397,11.641667,0.371308,0.340836,0.540854
1398,11.650000,0.371307,0.340829,0.540887
1399,11.658333,0.371311,0.340828,0.540909
1400,11.666667,0.371311,0.340822,0.540923
1401,11.675000,0.371310,0.340818,0.540914
1402,11.683333,0.371303,0.340830,0.540875
1403,11.691667,0.371298,0.340843,0.540817
1404,11.700000,0.371305,0.340858,0.540750
1405,11.708333,0.371304,0.340870,0.540710
1406,11.716667,0.371311,0.340875,0.540689
1407,11.725000,0.371308,0.340877,0.540704
1408,11.733333,0.371307,0.340863,0.540745
1409,11.741667,0.371302,0.340844,0.540783
1410,11.750000,0.371295,0.340823,0.540806
1411,11.758333,0.371292,0.340818,0.540806
1412,11.766667,0.371302,0.340835,0.540766
1413,11.775000,0.371304,0.340845,0.540740
1414,11.783333,0.371300,0.340847,0.540719
1415,11.791667,0.371300,0.340844,0.540725
1416,11.800000,0.371295,0.340843,0.540747
1417,11.808333,0.371298,0.340833,0.540779
1418,11.816667,0.371297,0.340831,0.540803
1419,11.825000,0.371299,0.340822,0.540803
1420,11.833333,0.371298,0.340834,0.540776
1421,11.841667,0.371300,0.340841,0.540731
1422,11.850000,0.371308,0.340859,0.540685
1423,11.858333,0.371303,0.340865,0.540655
1424,11.866667,0.371306,0.340863,0.540669
1425,11.875000,0.371303,0.340863,0.540706
1426,11.883333,0.371306,0.340849,0.540779
1427,11.891667,0.371306,0.340817,0.540836
1428,11.900000,0.371300,0.340799,0.540864
1429,11.908333,0.371292,0.340809,0.540845
1430,11.916667,0.371292,0.340843,0.540789
1431,11.925000,0.371313,0.340854,0.540710
1432,11.933333,0.371309,0.340856,0.540632
1433,11.941667,0.371306,0.340866,0.540597
1434,11.950000,0.371302,0.340890,0.540602
1435,11.958333,0.371311,0.340871,0.540640
1436,11.966667,0.371297,0.340847,0.540735
1437,11.975000,0.371290,0.340826,0.540820
1438,11.983333,0.371295,0.340812,0.540876
1439,11.991667,0.371302,0.340808,0.540870
1440,12.000000,0.371303,0.340823,0.540809
1441,12.008333,0.371297,0.340853,0.540726
1442,12.016667,0.371301,0.340872,0.540631
1443,12.025000,0.371307,0.340893,0.540560
1444,12.033333,0.371307,0.340905,0.540549
1445,12.041667,0.371310,0.340882,0.540604
1446,12.050000,0.371303,0.340858,0.540697
1447,12.058333,0.371301,0.340831,0.540785
1448,12.066667,0.371295,0.340827,0.540846
1449,12.075000,0.371293,0.340827,0.540856
1450,12.083333,0.371294,0.340823,0.540816
1451,12.091667,0.371294,0.340844,0.540731
1452,12.100000,0.371303,0.340873,0.540627
1453,12.108333,0.371307,0.340901,0.540551
1454,12.116667,0.371303,0.340902,0.540528
1455,12.125000,0.371305,0.340897,0.540558
1456,12.133333,0.371294,0.340879,0.540622
1457,12.141667,0.371301,0.340853,0.540691
1458,12.150000,0.371301,0.340835,0.540748
1459,12.158333,0.371304,0.340832,0.540760
1460,12.166667,0.371299,0.340846,0.540737
1461,12.175000,0.371304,0.340855,0.540680
1462,12.183333,0.371304,0.340875,0.540598
1463,12.191667,0.371304,0.340895,0.540546
1464,12.200000,0.371308,0.340896,0.540523
1465,12.208333,0.371307,0.340894,0.540555
1466,12.216667,0.371308,0.340872,0.540618
1467,12.225000,0.371295,0.340858,0.540690
1468,12.233333,0.371292,0.340838,0.540745
1469,12.241667,0.371297,0.340829,0.540767
1470,12.250000,0.371300,0.340837,0.540730
1471,12.258333,0.371303,0.340856,0.540658
1472,12.266667,0.371309,0.340882,0.540564
1473,12.275000,0.371310,0.340899,0.540502
1474,12.283333,0.371307,0.340906,0.540486
1475,12.291667,0.371298,0.340902,0.540518
1476,12.300000,0.371306,0.340874,0.540596
1477,12.308333,0.371305,0.340855,0.540682
1478,12.316667,0.371302,0.340832,0.540754
1479,12.325000,0.371293,0.340827,0.540792
1480,12.333333,0.371302,0.340835,0.540763
1481,12.341667,0.371299,0.340856,0.540681
1482,12.350000,0.371309,0.340879,0.540567
1483,12.358333,0.371313,0.340903,0.540484
1484,12.366667,0.371319,0.340912,0.540445
1485,12.375000,0.371320,0.340900,0.540473
1486,12.383333,0.371310,0.340884,0.540554
1487,12.391667,0.371308,0.340854,0.540670
1488,12.400000,0.371303,0.340832,0.540765
1489,12.408333,0.371297,0.340815,0.540803
1490,12.416667,0.371304,0.340819,0.540775
1491,12.425000,0.371313,0.340847,0.540686
1492,12.433333,0.371312,0.340888,0.540567
1493,12.441667,0.371309,0.340912,0.540473
1494,12.450000,0.371308,0.340917,0.540426
1495,12.458333,0.371314,0.340912,0.540455
1496,12.466667,0.371314,0.340890,0.540532
1497,12.475000,0.371310,0.340856,0.540653
1498,12.483333,0.371301,0.340827,0.540757
1499,12.491667,0.371302,0.340813,0.540814
1500,12.500000,0.371298,0.340816,0.540800
1501,12.508333,0.371306,0.340838,0.540715
1502,12.516667,0.371308,0.340869,0.540615
1503,12.525000,0.371316,0.340892,0.540511
1504,12.533333,0.371319,0.340910,0.540470
1505,12.541667,0.371316,0.340911,0.540490
1506,12.550000,0.371312,0.340887,0.540559
1507,12.558333,0.371311,0.340853,0.540661
1508,12.566667,0.371299,0.340833,0.540748
1509,12.575000,0.371303,0.340819,0.540781
1510,12.583333,0.371308,0.340827,0.540742
1511,12.591667,0.371315,0.340848,0.540641
1512,12.600000,0.371315,0.340892,0.540518
1513,12.608333,0.371312,0.340923,0.540413
1514,12.616667,0.371314,0.340925,0.540376
1515,12.625000,0.371323,0.340910,0.540407
1516,12.633333,0.371316,0.340889,0.540513
1517,12.641667,0.371306,0.340860,0.540630
1518,12.650000,0.371310,0.340835,0.540718
1519,12.658333,0.371301,0.340821,0.540739
1520,12.666667,0.371310,0.340846,0.540673
1521,12.675000,0.371308,0.340878,0.540545
1522,12.683333,0.371319,0.340906,0.540416
1523,12.691667,0.371321,0.340931,0.540325
1524,12.700000,0.371324,0.340936,0.540323
1525,12.708333,0.371322,0.340918,0.540391
1526,12.716667,0.371317,0.340894,0.540506
1527,12.725000,0.371308,0.340860,0.540622
1528,12.733333,0.371300,0.340839,0.540697
1529,12.741667,0.371305,0.340839,0.540681
1530,12.750000,0.371309,0.340863,0.540586
1531,12.758333,0.371322,0.340898,0.540452
1532,12.766667,0.371322,0.340926,0.540332
1533,12.775000,0.371325,0.340942,0.540272
1534,12.783333,0.371318,0.340932,0.540303
1535,12.791667,0.371321,0.340917,0.540406
1536,12.800000,0.371314,0.340881,0.540551
1537,12.808333,0.371311,0.340849,0.540667
1538,12.816667,0.371312,0.340829,0.540723
1539,12.825000,0.371301,0.340850,0.540681
1540,12.833333,0.371311,0.340872,0.540556
1541,12.841667,0.371326,0.340908,0.540391
1542,12.850000,0.371319,0.340940,0.540258
1543,12.858333,0.371319,0.340955,0.540174
1544,12.866667,0.371322,0.340949,0.540180
1545,12.875000,0.371327,0.340938,0.540267
1546,12.883333,0.371319,0.340909,0.540395
1547,12.891667,0.371312,0.340878,0.540514
1548,12.900000,0.371312,0.340856,0.540582
1549,12.908333,0.371318,0.340864,0.540563
1550,12.916667,0.371319,0.340883,0.540484
1551,12.925000,0.371317,0.340915,0.540347
1552,12.933333,0.371318,0.340934,0.540216
1553,12.941667,0.371316,0.340962,0.540139
1554,12.950000,0.371322,0.340953,0.540140
1555,12.958333,0.371323,0.340943,0.540221
1556,12.966667,0.371322,0.340915,0.540332
1557,12.975000,0.371321,0.340896,0.540446
1558,12.983333,0.371320,0.340877,0.540523
1559,12.991667,0.371308,0.340878,0.540539
1560,13.000000,0.371317,0.340889,0.540494
1561,13.008333,0.371322,0.340906,0.540412
1562,13.016667,0.371327,0.340920,0.540331
1563,13.025000,0.371323,0.340936,0.540275
1564,13.033333,0.371319,0.340940,0.540259
1565,13.041667,0.371319,0.340929,0.540279
1566,13.050000,0.371316,0.340926,0.540316
1567,13.058333,0.371320,0.340916,0.540341
1568,13.066667,0.371318,0.340915,0.540353
1569,13.075000,0.371322,0.340916,0.540350
1570,13.083333,0.371316,0.340928,0.540347
1571,13.091667,0.371321,0.340931,0.540356
1572,13.100000,0.371311,0.340922,0.540388
1573,13.108333,0.371316,0.340909,0.540426
1574,13.116667,0.371316,0.340909,0.540448
1575,13.125000,0.371318,0.340912,0.540438
1576,13.133333,0.371313,0.340918,0.540398
1577,13.141667,0.371308,0.340931,0.540338
1578,13.150000,0.371303,0.340953,0.540282
1579,13.158333,0.371310,0.340952,0.540265
1580,13.166667,0.371311,0.340933,0.540332
1581,13.175000,0.371315,0.340892,0.540516
1582,13.183333,0.371310,0.340800,0.540846
1583,13.191667,0.371319,0.340684,0.541277
1584,13.200000,0.371328,0.340591,0.541660
1585,13.208333,0.371330,0.340565,0.541807
1586,13.216667,0.371327,0.340595,0.541701
1587,13.225000,0.371322,0.340673,0.541331
1588,13.233333,0.371315,0.340804,0.540810
1589,13.241667,0.371328,0.340937,0.540314
1590,13.250000,0.371317,0.341005,0.539996
1591,13.258333,0.371327,0.341016,0.539939
1592,13.266667,0.371325,0.340963,0.540163
1593,13.275000,0.371322,0.340872,0.540599
1594,13.283333,0.371323,0.340751,0.541090
1595,13.291667,0.371334,0.340642,0.541504
1596,13.300000,0.371333,0.340601,0.541686
1597,13.308333,0.371324,0.340610,0.541637
1598,13.316667,0.371321,0.340675,0.541336
1599,13.325000,0.371318,0.340785,0.540921
1600,13.333333,0.371333,0.340904,0.540524
1601,13.341667,0.371332,0.340948,0.540304
1602,13.350000,0.371327,0.340947,0.540298
1603,13.358333,0.371319,0.340903,0.540505
1604,13.366667,0.371317,0.340815,0.540840
1605,13.375000,0.371328,0.340734,0.541184
1606,13.383333,0.371319,0.340664,0.541446
1607,13.391667,0.371325,0.340641,0.541505
1608,13.400000,0.371323,0.340686,0.541354
1609,13.408333,0.371323,0.340756,0.541077
1610,13.416667,0.371312,0.340835,0.540768
1611,13.425000,0.371322,0.340897,0.540533
1612,13.433333,0.371322,0.340915,0.540443
1613,13.441667,0.371329,0.340901,0.540524
1614,13.450000,0.371319,0.340838,0.540750
1615,13.458333,0.371315,0.340768,0.541018
1616,13.466667,0.371322,0.340710,0.541238
1617,13.475000,0.371315,0.340688,0.541349
1618,13.483333,0.371320,0.340702,0.541306
1619,13.491667,0.371320,0.340740,0.541129
1620,13.500000,0.371311,0.340796,0.540898
1621,13.508333,0.371304,0.340859,0.540686
1622,13.516667,0.371320,0.340895,0.540567
1623,13.525000,0.371321,0.340892,0.540584
1624,13.533333,0.371314,0.340844,0.540723
1625,13.541667,0.371307,0.340792,0.540937
1626,13.550000,0.371313,0.340754,0.541118
1627,13.558333,0.371316,0.340730,0.541232
1628,13.566667,0.371317,0.340724,0.541234
1629,13.575000,0.371317,0.340738,0.541125
1630,13.583333,0.371307,0.340787,0.540957
1631,13.591667,0.371311,0.340836,0.540779
1632,13.600000,0.371315,0.340866,0.540662
1633,13.608333,0.371313,0.340868,0.540655
1634,13.616667,0.371304,0.340842,0.540749
1635,13.625000,0.371308,0.340805,0.540893
1636,13.633333,0.371318,0.340767,0.541049
1637,13.641667,0.371319,0.340740,0.541149
1638,13.650000,0.371314,0.340734,0.541174
1639,13.658333,0.371317,0.340752,0.541107
1640,13.666667,0.371312,0.340785,0.540980
1641,13.675000,0.371309,0.340821,0.540840
1642,13.683333,0.371313,0.340836,0.540735
1643,13.691667,0.371312,0.340848,0.540713
1644,13.700000,0.371304,0.340840,0.540767
1645,13.708333,0.371312,0.340810,0.540886
1646,13.716667,0.371315,0.340776,0.541009
1647,13.725000,0.371313,0.340753,0.541098
1648,13.733333,0.371317,0.340742,0.541123
1649,13.741667,0.371318,0.340754,0.541081
1650,13.750000,0.371310,0.340780,0.540984
1651,13.758333,0.371312,0.340807,0.540882
1652,13.766667,0.371309,0.340831,0.540786
1653,13.775000,0.371310,0.340845,0.540762
1654,13.783333,0.371314,0.340832,0.540797
1655,13.791667,0.371307,0.340805,0.540890
1656,13.800000,0.371314,0.340773,0.540978
1657,13.808333,0.371299,0.340761,0.541055
1658,13.816667,0.371319,0.340771,0.541095
1659,13.825000,0.371311,0.340769,0.541061
1660,13.833333,0.371335,0.340762,0.540983
1661,13.841667,0.371304,0.340794,0.540903
1662,13.850000,0.371310,0.340840,0.540826
1663,13.858333,0.371306,0.340837,0.540799
1664,13.866667,0.371318,0.340822,0.540820
1665,13.875000,0.371306,0.340808,0.540896
1666,13.883333,0.371310,0.340790,0.540978
1667,13.891667,0.371327,0.340763,0.541030
1668,13.900000,0.371330,0.340763,0.541053
1669,13.908333,0.371314,0.340762,0.541043
1670,13.916667,0.371314,0.340792,0.540989
1671,13.925000,0.371303,0.340800,0.540910
1672,13.933333,0.371316,0.340813,0.540848
1673,13.941667,0.371319,0.340816,0.540830
1674,13.950000,0.371316,0.340822,0.540856
1675,13.958333,0.371318,0.340803,0.540897
1676,13.966667,0.371309,0.340787,0.540960
1677,13.975000,0.371318,0.340776,0.541015
1678,13.983333,0.371324,0.340772,0.541045
1679,13.991667,0.371334,0.340766,0.541025
1680,14.000000,0.371317,0.340786,0.540979
1681,14.008333,0.371312,0.340800,0.540921
1682,14.016667,0.371310,0.340811,0.540873
1683,14.025000,0.371315,0.340822,0.540847
1684,14.033333,0.371319,0.340818,0.540871
1685,14.041667,0.371319,0.340800,0.540913
1686,14.050000,0.371315,0.340782,0.540964
1687,14.058333,0.371320,0.340785,0.541002
1688,14.066667,0.371329,0.340778,0.541011
1689,14.075000,0.371333,0.340773,0.541003
1690,14.083333,0.371311,0.340787,0.540974
1691,14.091667,0.371307,0.340798,0.540929
1692,14.100000,0.371317,0.340810,0.540879
1693,14.108333,0.371321,0.340817,0.540866
1694,14.116667,0.371321,0.340813,0.540878
1695,14.125000,0.371313,0.340800,0.540913
1696,14.133333,0.371313,0.340793,0.540955
1697,14.141667,0.371325,0.340790,0.540984
1698,14.150000,0.371329,0.340774,0.540999
1699,14.158333,0.371328,0.340774,0.540990
1700,14.166667,0.371318,0.340788,0.540962
1701,14.175000,0.371315,0.340806,0.540923
1702,14.183333,0.371314,0.340805,0.540897
1703,14.191667,0.371314,0.340805,0.540888
1704,14.200000,0.371317,0.340807,0.540897
1705,14.208333,0.371314,0.340809,0.540924
1706,14.216667,0.371319,0.340797,0.540952
1707,14.225000,0.371320,0.340789,0.540975
1708,14.233333,0.371322,0.340775,0.540999
1709,14.241667,0.371318,0.340781,0.540988
1710,14.250000,0.371322,0.340787,0.540956
1711,14.258333,0.371318,0.340791,0.540924
1712,14.266667,0.371321,0.340796,0.540905
1713,14.275000,0.371320,0.340808,0.540900
1714,14.283333,0.371322,0.340807,0.540903
1715,14.291667,0.371316,0.340797,0.540921
1716,14.300000,0.371313,0.340789,0.540953
1717,14.308333,0.371318,0.340782,0.540976
1718,14.316667,0.371327,0.340776,0.540985
1719,14.325000,0.371328,0.340781,0.540970
1720,14.333333,0.371321,0.340789,0.540950
1721,14.341667,0.371313,0.340802,0.540932
1722,14.350000,0.371312,0.340802,0.540909
1723,14.358333,0.371317,0.340801,0.540907
1724,14.366667,0.371318,0.340803,0.540910
1725,14.375000,0.371318,0.340798,0.540928
1726,14.383333,0.371316,0.340787,0.540951
1727,14.391667,0.371322,0.340784,0.540967
1728,14.400000,0.371316,0.340789,0.540977
1729,14.408333,0.371323,0.340784,0.540969
1730,14.416667,0.371323,0.340785,0.540953
1731,14.425000,0.371315,0.340799,0.540934
1732,14.433333,0.371317,0.340807,0.540918
1733,14.441667,0.371349,0.340787,0.540907
1734,14.450000,0.371316,0.340779,0.540904
1735,14.458333,0.375342,0.339565,0.540705
1736,14.466667,0.375343,0.339561,0.540721
1737,14.475000,0.375349,0.339556,0.540742
1738,14.483333,0.375337,0.339557,0.540751
1739,14.491667,0.375338,0.339557,0.540739
1740,14.500000,0.375337,0.339566,0.540725
1741,14.508333,0.375346,0.339558,0.540711
1742,14.516667,0.375345,0.339564,0.540696
1743,14.525000,0.375349,0.339575,0.540687
1744,14.533333,0.375428,0.338583,0.539975
1745,14.541667,,,
1746,14.550000,,,
1747,14.558333,0.375331,0.339573,0.540731
1748,14.566667,0.375339,0.339561,0.540737
1749,14.575000,0.371244,0.340703,0.540885
1750,14.583333,0.371178,0.340789,0.540904
1751,14.591667,0.371181,0.340795,0.540899
1752,14.600000,0.375343,0.339564,0.540707
1753,14.608333,0.375347,0.339539,0.540698
1754,14.616667,0.375349,0.339555,0.540701
1755,14.625000,0.375351,0.339562,0.540703
1756,14.633333,0.375355,0.339553,0.540733
1757,14.641667,0.375352,0.339537,0.540736
1758,14.650000,0.375332,0.339548,0.540731
1759,14.658333,0.375342,0.339557,0.540740
1760,14.666667,0.375354,0.339550,0.540725
1761,14.675000,0.375350,0.339551,0.540713
1762,14.683333,0.375342,0.339549,0.540704
1763,14.691667,0.375344,0.339563,0.540698
1764,14.700000,0.375350,0.339547,0.540705
1765,14.708333,0.375356,0.339544,0.540709
1766,14.716667,0.375348,0.339552,0.540730
1767,14.725000,0.375345,0.339549,0.540736
1768,14.733333,0.375348,0.339541,0.540733
1769,14.741667,0.375356,0.339546,0.540725
1770,14.750000,0.375344,0.339551,0.540718
1771,14.758333,0.375339,0.339559,0.540716
1772,14.766667,0.375341,0.339547,0.540707
1773,14.775000,0.375348,0.339553,0.540706
1774,14.783333,0.375347,0.339550,0.540706
1775,14.791667,0.375347,0.339557,0.540715
1776,14.800000,0.375354,0.339550,0.540727
1777,14.808333,0.375343,0.339545,0.540731
1778,14.816667,0.375344,0.339551,0.540731
1779,14.825000,0.375344,0.339559,0.540721
1780,14.833333,0.375345,0.339562,0.540721
1781,14.841667,0.375347,0.339562,0.540713
1782,14.850000,0.375338,0.339566,0.540705
1783,14.858333,0.375340,0.339564,0.540702
1784,14.866667,0.375340,0.339567,0.540710
1785,14.875000,0.375343,0.339557,0.540716
1786,14.883333,0.375347,0.339564,0.540729
1787,14.891667,0.375339,0.339570,0.540727
1788,14.900000,0.371258,0.340737,0.540900
1789,14.908333,0.371324,0.340791,0.540956
1790,14.916667,0.371314,0.340802,0.540960
1791,14.925000,0.371317,0.340793,0.540948
1792,14.933333,0.371313,0.340794,0.540938
1793,14.941667,0.371316,0.340788,0.540933
1794,14.950000,0.371315,0.340785,0.540947
1795,14.958333,0.371305,0.340795,0.540954
1796,14.966667,0.371303,0.340795,0.540966
1797,14.975000,0.371305,0.340812,0.540966
1798,14.983333,0.371298,0.340803,0.540964
1799,14.991667,0.371305,0.340795,0.540963
1800,15.000000,0.371290,0.340807,0.540972
1801,15.008333,0.371279,0.340831,0.540970
1802,15.016667,0.371275,0.340852,0.540969
1803,15.025000,0.371286,0.340848,0.540981
1804,15.033333,0.371282,0.340838,0.540980
1805,15.041667,0.371285,0.340846,0.540986
1806,15.050000,0.371288,0.340845,0.540982
1807,15.058333,0.371300,0.340838,0.540986
1808,15.066667,0.371302,0.340839,0.540992
1809,15.075000,0.371317,0.340832,0.540986
1810,15.083333,0.371317,0.340824,0.540976
1811,15.091667,0.371303,0.340833,0.540970
1812,15.100000,0.371307,0.340821,0.540963
1813,15.108333,0.371300,0.340817,0.540962
1814,15.116667,0.371302,0.340821,0.540969
1815,15.125000,0.371311,0.340820,0.540976
1816,15.133333,0.371316,0.340820,0.540972
1817,15.141667,0.371320,0.340811,0.540979
1818,15.150000,0.371319,0.340814,0.540968
1819,15.158333,0.371320,0.340820,0.540977
1820,15.166667,0.371324,0.340810,0.540969
1821,15.175000,0.371316,0.340817,0.540968
1822,15.183333,0.371323,0.340810,0.540965
1823,15.191667,0.371332,0.340809,0.540966
1824,15.200000,0.371345,0.340788,0.540959
1825,15.208333,0.371336,0.340791,0.540954
1826,15.216667,0.371332,0.340795,0.540963
1827,15.225000,0.371340,0.340787,0.540957
1828,15.233333,0.371334,0.340795,0.540965
1829,15.241667,0.371341,0.340799,0.540961
1830,15.250000,0.371331,0.340799,0.540954
1831,15.258333,0.371322,0.340794,0.540953
1832,15.266667,0.371311,0.340804,0.540963
1833,15.275000,0.371310,0.340810,0.540945
1834,15.283333,0.371340,0.340776,0.540947
1835,15.291667,0.371329,0.340797,0.540967
1836,15.300000,0.371308,0.340826,0.540981
1837,15.308333,0.371309,0.340814,0.540960
1838,15.316667,0.371333,0.340768,0.540938
1839,15.325000,0.371305,0.340799,0.540964
1840,15.333333,0.371304,0.340821,0.540968
1841,15.341667,0.371299,0.340805,0.540953
1842,15.350000,0.371325,0.340793,0.540945
1843,15.358333,0.371300,0.340812,0.540959
1844,15.366667,0.371305,0.340817,0.540973
1845,15.375000,0.371301,0.340793,0.540946
1846,15.383333,0.371304,0.340799,0.540957
1847,15.391667,0.371290,0.340823,0.540960
1848,15.400000,0.371299,0.340821,0.540968
1849,15.408333,0.371307,0.340796,0.540968
1850,15.416667,0.371298,0.340807,0.540954
1851,15.425000,0.371279,0.340822,0.540963
1852,15.433333,0.371281,0.340818,0.540955
1853,15.441667,0.371291,0.340807,0.540956
1854,15.450000,0.371297,0.340816,0.540968
1855,15.458333,0.371282,0.340830,0.540964
1856,15.466667,0.371276,0.340825,0.540968
1857,15.475000,0.371288,0.340802,0.540958
1858,15.483333,0.371275,0.340811,0.540962
1859,15.491667,0.371297,0.340810,0.540951
1860,15.500000,0.371296,0.340818,0.540951
1861,15.508333,0.371302,0.340795,0.540963
1862,15.516667,0.371301,0.340801,0.540958
1863,15.525000,0.371311,0.340797,0.540950
1864,15.533333,0.371319,0.340784,0.540944
1865,15.541667,0.371312,0.340782,0.540947
1866,15.550000,0.371308,0.340803,0.540954
1867,15.558333,0.371313,0.340805,0.540949
1868,15.566667,0.371321,0.340781,0.540953
1869,15.575000,0.371330,0.340781,0.540944
1870,15.583333,0.371316,0.340798,0.540942
1871,15.591667,0.371314,0.340779,0.540946
1872,15.600000,0.371319,0.340786,0.540940
1873,15.608333,0.371321,0.340783,0.540945
1874,15.616667,0.371332,0.340783,0.540951
1875,15.625000,0.371329,0.340786,0.540943
1876,15.633333,0.371324,0.340784,0.540946
1877,15.641667,0.371317,0.340784,0.540944
1878,15.650000,0.371328,0.340784,0.540943
1879,15.658333,0.371335,0.340777,0.540947
1880,15.666667,0.371331,0.340785,0.540945
1881,15.675000,0.371328,0.340787,0.540949
1882,15.683333,0.371327,0.340785,0.540944
1883,15.691667,0.371323,0.340774,0.540940
1884,15.700000,0.371324,0.340777,0.540944
1885,15.708333,0.371320,0.340788,0.540949
1886,15.716667,0.371319,0.340793,0.540953
1887,15.725000,0.371316,0.340795,0.540953
1888,15.733333,0.371321,0.340789,0.540949
1889,15.741667,0.371325,0.340787,0.540948
1890,15.750000,0.371314,0.340793,0.540940
1891,15.758333,0.371311,0.340789,0.540947
1892,15.766667,0.371315,0.340793,0.540946
1893,15.775000,0.371314,0.340803,0.540954
1894,15.783333,0.371317,0.340792,0.540954
1895,15.791667,0.371317,0.340793,0.540953
1896,15.800000,0.371305,0.340802,0.540949
1897,15.808333,0.371297,0.340802,0.540951
1898,15.816667,0.371314,0.340796,0.540950
1899,15.825000,0.371318,0.340791,0.540948
