Format Version,1.21,Take Name,mineral_water_hatra,Capture Frame Rate,120.000000,Export Frame Rate,120.000000,Capture Start Time,2018-11-22 01.28.35 PM,Total Frames in Take,1813,Total Exported Frames,1813,Rotation Type,Quaternion,Length Units,Meters,Coordinate Space,Global

,,Marker,Marker,Marker
,,Unlabeled:5001,Unlabeled:5001,Unlabeled:5001
,,"8392B20CF49E35701389","8392B20CF49E35701389","8392B20CF49E35701389"
,,Position,Position,Position
Frame,Time,X,Y,Z
0,0.000000,0.354983,0.344344,1.043884
1,0.008333,0.354981,0.344349,1.043894
2,0.016667,0.354974,0.344351,1.043866
3,0.025000,0.354979,0.344360,1.043793
4,0.033333,0.354977,0.344377,1.043709
5,0.041667,0.354974,0.344397,1.043652
6,0.050000,0.354967,0.344403,1.043633
7,0.058333,0.354974,0.344393,1.043667
8,0.066667,0.354980,0.344367,1.043762
9,0.075000,0.354984,0.344346,1.043864
10,0.083333,0.354982,0.344344,1.043939
11,0.091667,0.354987,0.344338,1.043956
12,0.100000,0.354979,0.344341,1.043920
13,0.108333,0.354980,0.344353,1.043845
14,0.116667,0.354974,0.344373,1.043767
15,0.125000,0.354977,0.344377,1.043727
16,0.133333,0.354974,0.344365,1.043786
17,0.141667,0.354981,0.344343,1.043907
18,0.150000,0.354998,0.344304,1.044088
19,0.158333,0.355002,0.344271,1.044286
20,0.166667,0.355005,0.344246,1.044424
21,0.175000,0.355008,0.344233,1.044453
22,0.183333,0.355003,0.344254,1.044363
23,0.191667,0.354995,0.344287,1.044160
24,0.200000,0.354986,0.344337,1.043934
25,0.208333,0.354987,0.344378,1.043764
26,0.216667,0.354973,0.344387,1.043697
27,0.225000,0.354979,0.344383,1.043744
28,0.233333,0.354984,0.344354,1.043879
29,0.241667,0.354995,0.344329,1.044045
30,0.250000,0.354999,0.344302,1.044208
31,0.258333,0.355003,0.344285,1.044296
32,0.266667,0.355001,0.344280,1.044293
33,0.275000,0.355003,0.344296,1.044213
34,0.283333,0.354994,0.344323,1.044074
35,0.291667,0.354988,0.344346,1.043941
36,0.300000,0.354984,0.344363,1.043874
37,0.308333,0.354985,0.344361,1.043866
38,0.316667,0.354997,0.344345,1.043934
39,0.325000,0.355001,0.344320,1.044052
40,0.333333,0.355001,0.344308,1.044164
41,0.341667,0.354995,0.344297,1.044236
42,0.350000,0.355005,0.344298,1.044243
43,0.358333,0.355007,0.344296,1.044201
44,0.366667,0.355005,0.344322,1.044113
45,0.375000,0.354995,0.344333,1.044014
46,0.383333,0.354998,0.344342,1.043957
47,0.391667,0.354990,0.344355,1.043945
48,0.400000,0.354998,0.344341,1.043997
49,0.408333,0.355001,0.344330,1.044086
50,0.416667,0.355002,0.344302,1.044203
51,0.425000,0.355011,0.344300,1.044296
52,0.433333,0.355007,0.344285,1.044345
53,0.441667,0.355017,0.344279,1.044351
54,0.450000,0.355024,0.344286,1.044308
55,0.458333,0.355007,0.344317,1.044242
56,0.466667,0.355010,0.344319,1.044192
57,0.475000,0.355008,0.344324,1.044156
58,0.483333,0.355005,0.344326,1.044165
59,0.491667,0.355010,0.344319,1.044210
60,0.500000,0.355007,0.344310,1.044277
61,0.508333,0.355014,0.344298,1.044344
62,0.516667,0.355020,0.344286,1.044394
63,0.525000,0.355014,0.344285,1.044412
64,0.533333,0.355015,0.344290,1.044394
65,0.541667,0.355014,0.344295,1.044350
66,0.550000,0.355011,0.344313,1.044297
67,0.558333,0.355019,0.344310,1.044264
68,0.566667,0.355014,0.344311,1.044252
69,0.575000,0.355012,0.344307,1.044278
70,0.583333,0.355012,0.344307,1.044326
71,0.591667,0.355017,0.344296,1.044389
72,0.600000,0.355018,0.344289,1.044438
73,0.608333,0.355022,0.344271,1.044468
74,0.616667,0.355022,0.344280,1.044466
75,0.625000,0.355017,0.344286,1.044446
76,0.633333,0.355021,0.344293,1.044422
77,0.641667,0.355026,0.344294,1.044401
78,0.650000,0.355022,0.344300,1.044396
79,0.658333,0.355018,0.344296,1.044416
80,0.666667,0.355020,0.344283,1.044448
81,0.675000,0.355030,0.344270,1.044489
82,0.683333,0.355027,0.344276,1.044527
83,0.691667,0.355015,0.344278,1.044532
84,0.700000,0.355023,0.344276,1.044520
85,0.708333,0.355029,0.344278,1.044490
86,0.716667,0.355019,0.344289,1.044453
87,0.725000,0.355026,0.344294,1.044430
88,0.733333,0.355026,0.344294,1.044426
89,0.741667,0.355023,0.344297,1.044436
90,0.750000,0.355022,0.344288,1.044461
91,0.758333,0.355026,0.344280,1.044496
92,0.766667,0.355019,0.344275,1.044522
93,0.775000,0.355016,0.344272,1.044521
94,0.783333,0.355015,0.344288,1.044521
95,0.791667,0.355012,0.344282,1.044495
96,0.800000,0.355017,0.344285,1.044465
97,0.808333,0.355015,0.344297,1.044446
98,0.816667,0.355018,0.344300,1.044443
99,0.825000,0.355023,0.344283,1.044447
100,0.833333,0.355021,0.344280,1.044474
101,0.841667,0.355023,0.344284,1.044504
102,0.850000,0.355022,0.344273,1.044517
103,0.858333,0.355023,0.344271,1.044524
104,0.866667,0.355023,0.344274,1.044513
105,0.875000,0.355017,0.344282,1.044501
106,0.883333,0.355025,0.344279,1.044476
107,0.891667,0.355017,0.344288,1.044458
108,0.900000,0.355022,0.344294,1.044455
109,0.908333,0.355019,0.344282,1.044462
110,0.916667,0.355015,0.344280,1.044471
111,0.925000,0.355018,0.344280,1.044498
112,0.933333,0.355016,0.344275,1.044512
113,0.941667,0.355012,0.344281,1.044519
114,0.950000,0.355021,0.344273,1.044517
115,0.958333,0.355013,0.344282,1.044499
116,0.966667,0.355016,0.344285,1.044486
117,0.975000,0.355025,0.344285,1.044467
118,0.983333,0.355019,0.344289,1.044463
119,0.991667,0.355016,0.344289,1.044470
120,1.000000,0.355016,0.344289,1.044482
121,1.008333,0.355018,0.344277,1.044495
122,1.016667,0.355024,0.344274,1.044512
123,1.025000,0.355024,0.344273,1.044518
124,1.033333,0.355018,0.344283,1.044517
125,1.041667,0.355018,0.344283,1.044501
126,1.050000,0.355020,0.344282,1.044486
127,1.058333,0.355017,0.344289,1.044477
128,1.066667,0.355029,0.344281,1.044471
129,1.075000,0.355026,0.344290,1.044474
130,1.083333,0.355018,0.344279,1.044485
131,1.091667,0.355018,0.344278,1.044501
132,1.100000,0.355028,0.344275,1.044507
133,1.108333,0.355024,0.344276,1.044508
134,1.116667,0.355023,0.344278,1.044510
135,1.125000,0.355019,0.344286,1.044500
136,1.133333,0.355021,0.344282,1.044486
137,1.141667,0.355023,0.344289,1.044474
138,1.150000,0.355025,0.344291,1.044469
139,1.158333,0.355031,0.344285,1.044468
140,1.166667,0.355023,0.344287,1.044476
141,1.175000,0.355020,0.344281,1.044489
142,1.183333,0.355030,0.344283,1.044496
143,1.191667,0.355021,0.344282,1.044501
144,1.200000,0.355027,0.344283,1.044498
145,1.208333,0.355035,0.344283,1.044486
146,1.216667,0.355026,0.344292,1.044470
147,1.225000,0.355022,0.344292,1.044462
148,1.233333,0.355029,0.344286,1.044465
149,1.241667,0.355034,0.344295,1.044467
150,1.250000,0.355033,0.344291,1.044470
151,1.258333,0.355030,0.344292,1.044476
152,1.266667,0.355034,0.344287,1.044484
153,1.275000,0.355026,0.344284,1.044494
154,1.283333,0.355028,0.344292,1.044487
155,1.291667,0.355032,0.344298,1.044478
156,1.300000,0.355031,0.344292,1.044461
157,1.308333,0.355037,0.344289,1.044464
158,1.316667,0.355038,0.344294,1.044459
159,1.325000,0.355055,0.344292,1.044464
160,1.333333,0.355055,0.344297,1.044466
161,1.341667,0.355058,0.344296,1.044469
162,1.350000,0.355072,0.344287,1.044474
163,1.358333,0.355078,0.344290,1.044470
164,1.366667,0.355089,0.344289,1.044464
165,1.375000,0.355102,0.344299,1.044454
166,1.383333,0.355107,0.344308,1.044440
167,1.391667,0.355123,0.344304,1.044426
168,1.400000,0.355133,0.344313,1.044423
169,1.408333,0.355143,0.344313,1.044424
170,1.416667,0.355151,0.344305,1.044428
171,1.425000,0.355138,0.344312,1.044425
172,1.433333,0.355154,0.344305,1.044429
173,1.441667,0.355142,0.344309,1.044435
174,1.450000,0.355153,0.344311,1.044434
175,1.458333,0.355154,0.344307,1.044431
176,1.466667,0.355159,0.344315,1.044424
177,1.475000,0.355160,0.344316,1.044418
178,1.483333,0.355157,0.344314,1.044418
179,1.491667,0.355155,0.344314,1.044411
180,1.500000,0.355158,0.344314,1.044414
181,1.508333,0.355166,0.344311,1.044419
182,1.516667,0.355151,0.344324,1.044425
183,1.525000,0.355166,0.344301,1.044426
184,1.533333,0.355163,0.344312,1.044431
185,1.541667,0.355163,0.344317,1.044419
186,1.550000,0.355173,0.344305,1.044417
187,1.558333,0.355165,0.344306,1.044422
188,1.566667,0.355160,0.344319,1.044412
189,1.575000,0.355163,0.344323,1.044417
190,1.583333,0.355165,0.344312,1.044416
191,1.591667,0.355167,0.344314,1.044414
192,1.600000,0.355162,0.344313,1.044422
193,1.608333,0.355157,0.344314,1.044428
194,1.616667,0.355160,0.344316,1.044426
195,1.625000,0.355157,0.344319,1.044424
196,1.633333,0.355161,0.344312,1.044419
197,1.641667,0.355168,0.344312,1.044421
198,1.650000,0.355157,0.344316,1.044416
199,1.658333,0.355155,0.344317,1.044417
200,1.666667,0.355153,0.344323,1.044415
201,1.675000,0.355155,0.344318,1.044419
202,1.683333,0.355158,0.344313,1.044423
203,1.691667,0.355162,0.344321,1.044424
204,1.700000,0.355162,0.344322,1.044423
205,1.708333,0.355166,0.344321,1.044420
206,1.716667,0.355163,0.344318,1.044415
207,1.725000,0.355162,0.344322,1.044417
208,1.733333,0.355166,0.344325,1.044414
209,1.741667,0.355168,0.344324,1.044405
210,1.750000,0.355168,0.344326,1.044409
211,1.758333,0.355171,0.344323,1.044412
212,1.766667,0.355173,0.344324,1.044413
213,1.775000,0.355181,0.344319,1.044419
214,1.783333,0.355174,0.344321,1.044411
215,1.791667,0.355172,0.344322,1.044411
216,1.800000,0.355171,0.344328,1.044412
217,1.808333,0.355174,0.344324,1.044407
218,1.816667,0.355183,0.344321,1.044405
219,1.825000,0.355176,0.344327,1.044409
220,1.833333,0.355175,0.344326,1.044404
221,1.841667,0.355183,0.344322,1.044405
222,1.850000,0.355186,0.344321,1.044411
223,1.858333,0.355181,0.344323,1.044412
224,1.866667,0.355171,0.344327,1.044410
225,1.875000,0.355181,0.344317,1.044415
226,1.883333,0.355183,0.344316,1.044407
227,1.891667,0.355174,0.344321,1.044408
228,1.900000,0.355174,0.344321,1.044414
229,1.908333,0.355182,0.344318,1.044408
230,1.916667,0.355174,0.344322,1.044408
231,1.925000,0.355181,0.344314,1.044414
232,1.933333,0.355190,0.344313,1.044413
233,1.941667,0.355181,0.344320,1.044408
234,1.950000,0.355177,0.344321,1.044417
235,1.958333,0.355181,0.344317,1.044416
236,1.966667,0.355176,0.344321,1.044418
237,1.975000,0.355178,0.344325,1.044407
238,1.983333,0.355180,0.344318,1.044410
239,1.991667,0.355186,0.344313,1.044408
240,2.000000,0.355176,0.344317,1.044408
241,2.008333,0.355179,0.344321,1.044411
242,2.016667,0.355169,0.344327,1.044413
243,2.025000,0.355177,0.344327,1.044422
244,2.033333,0.355177,0.344317,1.044416
245,2.041667,0.355181,0.344315,1.044417
246,2.050000,0.355179,0.344321,1.044412
247,2.058333,0.355173,0.344338,1.044415
248,2.066667,0.355177,0.344316,1.044414
249,2.075000,0.355165,0.344316,1.044413
250,2.083333,0.355166,0.344321,1.044412
251,2.091667,0.355173,0.344333,1.044414
252,2.100000,0.355168,0.344325,1.044415
253,2.108333,0.355172,0.344318,1.044416
254,2.116667,0.355169,0.344322,1.044419
255,2.125000,0.355175,0.344323,1.044415
256,2.133333,0.355168,0.344318,1.044413
257,2.141667,0.355167,0.344324,1.044415
258,2.150000,0.355164,0.344326,1.044420
259,2.158333,0.355159,0.344337,1.044417
260,2.166667,0.355160,0.344337,1.044413
261,2.175000,0.355162,0.344324,1.044421
262,2.183333,0.355156,0.344318,1.044429
263,2.191667,0.355156,0.344321,1.044430
264,2.200000,0.355156,0.344321,1.044422
265,2.208333,0.355152,0.344330,1.044423
266,2.216667,0.355143,0.344327,1.044434
267,2.225000,0.355138,0.344324,1.044433
268,2.233333,0.355140,0.344317,1.044428
269,2.241667,0.355134,0.344325,1.044428
270,2.250000,0.355128,0.344331,1.044423
271,2.258333,0.355128,0.344321,1.044435
272,2.266667,0.355127,0.344324,1.044444
273,2.275000,0.355118,0.344329,1.044442
274,2.283333,0.355117,0.344322,1.044442
275,2.291667,0.355123,0.344315,1.044436
276,2.300000,0.355124,0.344311,1.044445
277,2.308333,0.355125,0.344315,1.044441
278,2.316667,0.355122,0.344324,1.044433
279,2.325000,0.355126,0.344316,1.044435
280,2.333333,0.355128,0.344314,1.044435
281,2.341667,0.355128,0.344319,1.044429
282,2.350000,0.355137,0.344315,1.044431
283,2.358333,0.355138,0.344317,1.044431
284,2.366667,0.355143,0.344318,1.044428
285,2.375000,0.355160,0.344316,1.044425
286,2.383333,0.355165,0.344317,1.044428
287,2.391667,0.355176,0.344316,1.044428
288,2.400000,0.355174,0.344319,1.044417
289,2.408333,0.355178,0.344309,1.044415
290,2.416667,0.355176,0.344316,1.044410
291,2.425000,0.355172,0.344323,1.044416
292,2.433333,0.355177,0.344320,1.044409
293,2.441667,0.355183,0.344309,1.044410
294,2.450000,0.355182,0.344305,1.044418
295,2.458333,0.355176,0.344318,1.044417
296,2.466667,0.355185,0.344311,1.044420
297,2.475000,0.355182,0.344317,1.044422
298,2.483333,0.355186,0.344312,1.044415
299,2.491667,0.355180,0.344319,1.044415
300,2.500000,0.355180,0.344323,1.044413
301,2.508333,0.355180,0.344308,1.044412
302,2.516667,0.355179,0.344320,1.044411
303,2.525000,0.355174,0.344323,1.044411
304,2.533333,0.355181,0.344316,1.044416
305,2.541667,0.355186,0.344314,1.044421
306,2.550000,0.355177,0.344320,1.044420
307,2.558333,0.355185,0.344319,1.044422
308,2.566667,0.355181,0.344313,1.044416
309,2.575000,0.355177,0.344315,1.044417
310,2.583333,0.355181,0.344318,1.044415
311,2.591667,0.355177,0.344325,1.044417
312,2.600000,0.355177,0.344325,1.044408
313,2.608333,0.355182,0.344313,1.044413
314,2.616667,0.355185,0.344312,1.044419
315,2.625000,0.355181,0.344315,1.044420
316,2.633333,0.355172,0.344326,1.044413
317,2.641667,0.355174,0.344328,1.044415
318,2.650000,0.355175,0.344317,1.044412
319,2.658333,0.355180,0.344319,1.044415
320,2.666667,0.355181,0.344318,1.044412
321,2.675000,0.355174,0.344321,1.044412
322,2.683333,0.355173,0.344327,1.044409
323,2.691667,0.355183,0.344317,1.044417
324,2.700000,0.355176,0.344325,1.044422
325,2.708333,0.355185,0.344316,1.044420
326,2.716667,0.355184,0.344319,1.044415
327,2.725000,0.355176,0.344318,1.044414
328,2.733333,0.355169,0.344332,1.044417
329,2.741667,0.355172,0.344328,1.044412
330,2.750000,0.355178,0.344317,1.044413
331,2.758333,0.355175,0.344322,1.044414
332,2.766667,0.355177,0.344320,1.044417
333,2.775000,0.355179,0.344323,1.044418
334,2.783333,0.355183,0.344324,1.044413
335,2.791667,0.355175,0.344329,1.044416
336,2.800000,0.355181,0.344320,1.044422
337,2.808333,0.355177,0.344322,1.044424
338,2.816667,0.355180,0.344322,1.044416
339,2.825000,0.355182,0.344325,1.044416
340,2.833333,0.355176,0.344320,1.044419
341,2.841667,0.355179,0.344323,1.044415
342,2.850000,0.355174,0.344324,1.044420
343,2.858333,0.355181,0.344328,1.044416
344,2.866667,0.355179,0.344323,1.044416
345,2.875000,0.355183,0.344316,1.044420
346,2.883333,0.355175,0.344323,1.044422
347,2.891667,0.355176,0.344325,1.044414
348,2.900000,0.355174,0.344336,1.044417
349,2.908333,0.355176,0.344322,1.044418
350,2.916667,0.355174,0.344323,1.044427
351,2.925000,0.355176,0.344323,1.044419
352,2.933333,0.355185,0.344323,1.044416
353,2.941667,0.355180,0.344325,1.044408
354,2.950000,0.355173,0.344322,1.044418
355,2.958333,0.355176,0.344329,1.044423
356,2.966667,0.355180,0.344329,1.044422
357,2.975000,0.355180,0.344324,1.044419
358,2.983333,0.355179,0.344323,1.044415
359,2.991667,0.355177,0.344328,1.044420
360,3.000000,0.355182,0.344322,1.044417
361,3.008333,0.355182,0.344326,1.044415
362,3.016667,0.355176,0.344324,1.044414
363,3.025000,0.355182,0.344322,1.044423
364,3.033333,0.355188,0.344320,1.044421
365,3.041667,0.355178,0.344326,1.044418
366,3.050000,0.355177,0.344334,1.044414
367,3.058333,0.355168,0.344333,1.044411
368,3.066667,0.355177,0.344324,1.044417
369,3.075000,0.355183,0.344326,1.044410
370,3.083333,0.355184,0.344329,1.044419
371,3.091667,0.355183,0.344318,1.044424
372,3.100000,0.355185,0.344317,1.044421
373,3.108333,0.355170,0.344323,1.044423
374,3.116667,0.355161,0.344334,1.044421
375,3.125000,0.355149,0.344337,1.044420
376,3.133333,0.355156,0.344332,1.044419
377,3.141667,0.355147,0.344339,1.044407
378,3.150000,0.355149,0.344342,1.044391
379,3.158333,0.355142,0.344350,1.044386
380,3.166667,0.355133,0.344347,1.044389
381,3.175000,0.355133,0.344342,1.044389
382,3.183333,0.355137,0.344348,1.044393
383,3.191667,0.355144,0.344348,1.044409
384,3.200000,0.355143,0.344340,1.044413
385,3.208333,0.355131,0.344333,1.044417
386,3.216667,0.355116,0.344345,1.044403
387,3.225000,0.355127,0.344347,1.044394
388,3.233333,0.355125,0.344353,1.044374
389,3.241667,0.355119,0.344352,1.044371
390,3.250000,0.355122,0.344348,1.044379
391,3.258333,0.355131,0.344342,1.044384
392,3.266667,0.355123,0.344352,1.044389
393,3.275000,0.355124,0.344359,1.044388
394,3.283333,0.355120,0.344355,1.044397
395,3.291667,0.355116,0.344356,1.044385
396,3.300000,0.355113,0.344365,1.044372
397,3.308333,0.355106,0.344376,1.044358
398,3.316667,0.355105,0.344385,1.044348
399,3.325000,0.355099,0.344385,1.044346
400,3.333333,0.355098,0.344382,1.044353
401,3.341667,0.355094,0.344399,1.044348
402,3.350000,0.355091,0.344398,1.044356
403,3.358333,0.355083,0.344393,1.044362
404,3.366667,0.355093,0.344391,1.044360
405,3.375000,0.355087,0.344406,1.044340
406,3.383333,0.355102,0.344411,1.044323
407,3.391667,0.355112,0.344407,1.044306
408,3.400000,0.355105,0.344405,1.044299
409,3.408333,0.355115,0.344409,1.044300
410,3.416667,0.355113,0.344407,1.044298
411,3.425000,0.355116,0.344419,1.044305
412,3.433333,0.355105,0.344420,1.044315
413,3.441667,0.355105,0.344420,1.044321
414,3.450000,0.355107,0.344412,1.044322
415,3.458333,0.355104,0.344418,1.044319
416,3.466667,0.355105,0.344425,1.044305
417,3.475000,0.355112,0.344420,1.044300
418,3.483333,0.355111,0.344424,1.044289
419,3.491667,0.355106,0.344427,1.044290
420,3.500000,0.355122,0.344427,1.044298
421,3.508333,0.355122,0.344413,1.044307
422,3.516667,0.355117,0.344418,1.044324
423,3.525000,0.355123,0.344417,1.044333
424,3.533333,0.355116,0.344425,1.044329
425,3.541667,0.355114,0.344427,1.044327
426,3.550000,0.355116,0.344424,1.044324
427,3.558333,0.355114,0.344430,1.044315
428,3.566667,0.355116,0.344439,1.044309
429,3.575000,0.355120,0.344430,1.044305
430,3.583333,0.355116,0.344437,1.044303
431,3.591667,0.355118,0.344433,1.044312
432,3.600000,0.355103,0.344438,1.044312
433,3.608333,0.355107,0.344439,1.044322
434,3.616667,0.355101,0.344440,1.044321
435,3.625000,0.355102,0.344431,1.044326
436,3.633333,0.355096,0.344435,1.044326
437,3.641667,0.355093,0.344440,1.044318
438,3.650000,0.355101,0.344436,1.044317
439,3.658333,0.355100,0.344438,1.044316
440,3.666667,0.355101,0.344435,1.044321
441,3.675000,0.355097,0.344430,1.044333
442,3.683333,0.355088,0.344443,1.044326
443,3.691667,0.355093,0.344440,1.044331
444,3.700000,0.355082,0.344456,1.044333
445,3.708333,0.355084,0.344447,1.044327
446,3.716667,0.355081,0.344453,1.044316
447,3.725000,0.355091,0.344450,1.044311
448,3.733333,0.355086,0.344465,1.044306
449,3.741667,0.355092,0.344463,1.044301
450,3.750000,0.355103,0.344459,1.044296
451,3.758333,0.355114,0.344457,1.044290
452,3.766667,0.355119,0.344463,1.044278
453,3.775000,0.355132,0.344457,1.044252
454,3.783333,0.355128,0.344462,1.044200
455,3.791667,0.355136,0.344468,1.044134
456,3.800000,0.355133,0.344476,1.044039
457,3.808333,0.355137,0.344487,1.043959
458,3.816667,0.355138,0.344481,1.043881
459,3.825000,0.355149,0.344487,1.043823
460,3.833333,0.355166,0.344482,1.043788
461,3.841667,0.355191,0.344467,1.043747
462,3.850000,0.355235,0.344447,1.043672
463,3.858333,0.355266,0.344442,1.043550
464,3.866667,0.355292,0.344445,1.043344
465,3.875000,0.355308,0.344464,1.043065
466,3.883333,0.355296,0.344506,1.042748
467,3.891667,0.355292,0.344507,1.042459
468,3.900000,0.355297,0.344508,1.042206
469,3.908333,0.355295,0.344499,1.042005
470,3.916667,0.355300,0.344490,1.041833
471,3.925000,0.355310,0.344464,1.041691
472,3.933333,0.355328,0.344438,1.041516
473,3.941667,0.355346,0.344432,1.041284
474,3.950000,0.355348,0.344446,1.040999
475,3.958333,0.355348,0.344462,1.040678
476,3.966667,0.355343,0.344492,1.040351
477,3.975000,0.355356,0.344503,1.040056
478,3.983333,0.355358,0.344523,1.039830
479,3.991667,0.355359,0.344518,1.039675
480,4.000000,0.355370,0.344494,1.039561
481,4.008333,0.355385,0.344473,1.039481
482,4.016667,0.355383,0.344466,1.039372
483,4.025000,0.355387,0.344467,1.039202
484,4.033333,0.355378,0.344471,1.038975
485,4.041667,0.355392,0.344479,1.038745
486,4.050000,0.355390,0.344495,1.038511
487,4.058333,0.355393,0.344487,1.038306
488,4.066667,0.355365,0.344500,1.038137
489,4.075000,0.355370,0.344493,1.037993
490,4.083333,0.355368,0.344472,1.037899
491,4.091667,0.355378,0.344457,1.037796
492,4.100000,0.355385,0.344438,1.037665
493,4.108333,0.355386,0.344442,1.037500
494,4.116667,0.355404,0.344455,1.037260
495,4.125000,0.355405,0.344468,1.037006
496,4.133333,0.355386,0.344478,1.036755
497,4.141667,0.355366,0.344497,1.036514
498,4.150000,0.355350,0.344498,1.036310
499,4.158333,0.355352,0.344479,1.036164
500,4.166667,0.355345,0.344473,1.036029
501,4.175000,0.355339,0.344466,1.035872
502,4.183333,0.355341,0.344458,1.035668
503,4.191667,0.355344,0.344457,1.035411
504,4.200000,0.355360,0.344453,1.035118
505,4.208333,0.355371,0.344467,1.034779
506,4.216667,0.355378,0.344481,1.034423
507,4.225000,0.355395,0.344470,1.034105
508,4.233333,0.355397,0.344472,1.033820
509,4.241667,0.355405,0.344468,1.033580
510,4.250000,0.355419,0.344457,1.033388
511,4.258333,0.355428,0.344440,1.033216
512,4.266667,0.355431,0.344438,1.033028
513,4.275000,0.355438,0.344426,1.032776
514,4.283333,0.355433,0.344424,1.032459
515,4.291667,0.355436,0.344442,1.032069
516,4.300000,0.355413,0.344470,1.031662
517,4.308333,0.355423,0.344479,1.031260
518,4.316667,0.355410,0.344493,1.030911
519,4.325000,0.355409,0.344485,1.030619
520,4.333333,0.355427,0.344471,1.030394
521,4.341667,0.355418,0.344468,1.030194
522,4.350000,0.355433,0.344436,1.029981
523,4.358333,0.355446,0.344424,1.029714
524,4.366667,0.355461,0.344421,1.029386
525,4.375000,0.355458,0.344451,1.029006
526,4.383333,0.355463,0.344483,1.028605
527,4.391667,0.355462,0.344510,1.028237
528,4.400000,0.355480,0.344503,1.027922
529,4.408333,0.355489,0.344481,1.027666
530,4.416667,0.355521,0.344438,1.027445
531,4.425000,0.355547,0.344411,1.027236
532,4.433333,0.355570,0.344397,1.026979
533,4.441667,0.355600,0.344374,1.026656
534,4.450000,0.355627,0.344391,1.026252
535,4.458333,0.355649,0.344431,1.025783
536,4.466667,0.355649,0.344466,1.025287
537,4.475000,0.355643,0.344484,1.024830
538,4.483333,0.355645,0.344470,1.024453
539,4.491667,0.355646,0.344453,1.024163
540,4.500000,0.355650,0.344440,1.023899
541,4.508333,0.355673,0.344412,1.023658
542,4.516667,0.355661,0.344389,1.023373
543,4.525000,0.355671,0.344389,1.023036
544,4.533333,0.355678,0.344389,1.022602
545,4.541667,0.355693,0.344416,1.022093
546,4.550000,0.355708,0.344443,1.021569
547,4.558333,0.355727,0.344482,1.021083
548,4.566667,0.355734,0.344469,1.020646
549,4.575000,0.355750,0.344454,1.020283
550,4.583333,0.355779,0.344429,1.019995
551,4.591667,0.355801,0.344390,1.019754
552,4.600000,0.355807,0.344362,1.019484
553,4.608333,0.355818,0.344362,1.019159
554,4.616667,0.355840,0.344382,1.018745
555,4.625000,0.355848,0.344411,1.018272
556,4.633333,0.355854,0.344431,1.017763
557,4.641667,0.355852,0.344441,1.017271
558,4.650000,0.355861,0.344446,1.016832
559,4.658333,0.355859,0.344449,1.016459
560,4.666667,0.355868,0.344437,1.016173
561,4.675000,0.355885,0.344414,1.015932
562,4.683333,0.355883,0.344396,1.015696
563,4.691667,0.355904,0.344384,1.015400
564,4.700000,0.355926,0.344396,1.015043
565,4.708333,0.355935,0.344414,1.014625
566,4.716667,0.355948,0.344444,1.014183
567,4.725000,0.355953,0.344468,1.013738
568,4.733333,0.355967,0.344459,1.013335
569,4.741667,0.355993,0.344436,1.012997
570,4.750000,0.356002,0.344439,1.012742
571,4.758333,0.356006,0.344419,1.012545
572,4.766667,0.356011,0.344394,1.012364
573,4.775000,0.356028,0.344380,1.012164
574,4.783333,0.356019,0.344378,1.011919
575,4.791667,0.356030,0.344389,1.011599
576,4.800000,0.356028,0.344400,1.011233
577,4.808333,0.356022,0.344425,1.010857
578,4.816667,0.355999,0.344441,1.010498
579,4.825000,0.356002,0.344436,1.010162
580,4.833333,0.356018,0.344436,1.009863
581,4.841667,0.356027,0.344423,1.009611
582,4.850000,0.356034,0.344412,1.009382
583,4.858333,0.356036,0.344385,1.009157
584,4.866667,0.356057,0.344372,1.008901
585,4.875000,0.356080,0.344375,1.008596
586,4.883333,0.356102,0.344387,1.008277
587,4.891667,0.356112,0.344408,1.007908
588,4.900000,0.356131,0.344424,1.007529
589,4.908333,0.356138,0.344435,1.007159
590,4.916667,0.356164,0.344431,1.006821
591,4.925000,0.356160,0.344418,1.006497
592,4.933333,0.356160,0.344404,1.006217
593,4.941667,0.356161,0.344382,1.005920
594,4.950000,0.356179,0.344378,1.005621
595,4.958333,0.356174,0.344383,1.005302
596,4.966667,0.356168,0.344386,1.004968
597,4.975000,0.356162,0.344399,1.004601
598,4.983333,0.356169,0.344408,1.004245
599,4.991667,0.356162,0.344430,1.003907
600,5.000000,0.356162,0.344433,1.003610
601,5.008333,0.356166,0.344419,1.003354
602,5.016667,0.356170,0.344403,1.003121
603,5.025000,0.356164,0.344379,1.002880
604,5.033333,0.356181,0.344369,1.002632
605,5.041667,0.356190,0.344369,1.002334
606,5.050000,0.356198,0.344366,1.001993
607,5.058333,0.356196,0.344371,1.001613
608,5.066667,0.356202,0.344395,1.001229
609,5.075000,0.356209,0.344416,1.000857
610,5.083333,0.356216,0.344434,1.000509
611,5.091667,0.356208,0.344423,1.000205
612,5.100000,0.356205,0.344414,0.999940
613,5.108333,0.356210,0.344400,0.999693
614,5.116667,0.356211,0.344390,0.999425
615,5.125000,0.356220,0.344368,0.999140
616,5.133333,0.356223,0.344378,0.998813
617,5.141667,0.356217,0.344379,0.998448
618,5.150000,0.356200,0.344399,0.998060
619,5.158333,0.356188,0.344420,0.997674
620,5.166667,0.356183,0.344432,0.997323
621,5.175000,0.356181,0.344436,0.997030
622,5.183333,0.356176,0.344424,0.996777
623,5.191667,0.356168,0.344416,0.996541
624,5.200000,0.356169,0.344397,0.996285
625,5.208333,0.356164,0.344375,0.996014
626,5.216667,0.356172,0.344357,0.995706
627,5.225000,0.356179,0.344364,0.995342
628,5.233333,0.356188,0.344369,0.994963
629,5.241667,0.356198,0.344373,0.994569
630,5.250000,0.356200,0.344398,0.994206
631,5.258333,0.356208,0.344402,0.993899
632,5.266667,0.356192,0.344406,0.993628
633,5.275000,0.356193,0.344389,0.993370
634,5.283333,0.356191,0.344387,0.993137
635,5.291667,0.356198,0.344370,0.992885
636,5.300000,0.356186,0.344379,0.992615
637,5.308333,0.356178,0.344367,0.992323
638,5.316667,0.356176,0.344360,0.991998
639,5.325000,0.356173,0.344366,0.991670
640,5.333333,0.356172,0.344384,0.991347
641,5.341667,0.356184,0.344400,0.991030
642,5.350000,0.356191,0.344393,0.990748
643,5.358333,0.356200,0.344398,0.990502
644,5.366667,0.356212,0.344394,0.990261
645,5.375000,0.356210,0.344385,0.990029
646,5.383333,0.356213,0.344375,0.989764
647,5.391667,0.356222,0.344383,0.989460
648,5.400000,0.356244,0.344380,0.989115
649,5.408333,0.356239,0.344378,0.988754
650,5.416667,0.356238,0.344375,0.988386
651,5.425000,0.356239,0.344375,0.988029
652,5.433333,0.356247,0.344379,0.987692
653,5.441667,0.356257,0.344367,0.987378
654,5.450000,0.356259,0.344374,0.987077
655,5.458333,0.356248,0.344376,0.986756
656,5.466667,0.356242,0.344378,0.986456
657,5.475000,0.356234,0.344373,0.986130
658,5.483333,0.356213,0.344386,0.985790
659,5.491667,0.356201,0.344372,0.985464
660,5.500000,0.356180,0.344379,0.985121
661,5.508333,0.356177,0.344365,0.984782
662,5.516667,0.356176,0.344367,0.984441
663,5.525000,0.356181,0.344373,0.984120
664,5.533333,0.356181,0.344367,0.983809
665,5.541667,0.356198,0.344373,0.983484
666,5.550000,0.356212,0.344364,0.983178
667,5.558333,0.356212,0.344378,0.982860
668,5.566667,0.356216,0.344377,0.982536
669,5.575000,0.356217,0.344377,0.982220
670,5.583333,0.356222,0.344351,0.981908
671,5.591667,0.356214,0.344350,0.981596
672,5.600000,0.356213,0.344344,0.981291
673,5.608333,0.356213,0.344339,0.980944
674,5.616667,0.356198,0.344339,0.980571
675,5.625000,0.356196,0.344354,0.980165
676,5.633333,0.356203,0.344369,0.979751
677,5.641667,0.356207,0.344382,0.979317
678,5.650000,0.356204,0.344381,0.978913
679,5.658333,0.356210,0.344373,0.978550
680,5.666667,0.356227,0.344358,0.978203
681,5.675000,0.356242,0.344343,0.977883
682,5.683333,0.356241,0.344331,0.977542
683,5.691667,0.356243,0.344324,0.977180
684,5.700000,0.356249,0.344330,0.976785
685,5.708333,0.356252,0.344350,0.976344
686,5.716667,0.356246,0.344361,0.975875
687,5.725000,0.356255,0.344388,0.975411
688,5.733333,0.356267,0.344376,0.974946
689,5.741667,0.356266,0.344373,0.974522
690,5.750000,0.356284,0.344361,0.974137
691,5.758333,0.356285,0.344359,0.973797
692,5.766667,0.356280,0.344358,0.973443
693,5.775000,0.356293,0.344342,0.973075
694,5.783333,0.356304,0.344344,0.972682
695,5.791667,0.356323,0.344348,0.972253
696,5.800000,0.356332,0.344340,0.971777
697,5.808333,0.356344,0.344341,0.971291
698,5.816667,0.356338,0.344344,0.970789
699,5.825000,0.356336,0.344360,0.970319
700,5.833333,0.356339,0.344376,0.969890
701,5.841667,0.356337,0.344374,0.969513
702,5.850000,0.356323,0.344360,0.969169
703,5.858333,0.356335,0.344350,0.968835
704,5.866667,0.356355,0.344340,0.968490
705,5.875000,0.356359,0.344335,0.968096
706,5.883333,0.356357,0.344331,0.967673
707,5.891667,0.356345,0.344342,0.967203
708,5.900000,0.356344,0.344361,0.966742
709,5.908333,0.356339,0.344381,0.966280
710,5.916667,0.356343,0.344373,0.965863
711,5.925000,0.356334,0.344384,0.965458
712,5.933333,0.356356,0.344365,0.965093
713,5.941667,0.356361,0.344355,0.964722
714,5.950000,0.356373,0.344344,0.964339
715,5.958333,0.356394,0.344336,0.963950
716,5.966667,0.356396,0.344340,0.963548
717,5.975000,0.356383,0.344342,0.963115
718,5.983333,0.356375,0.344347,0.962689
719,5.991667,0.356367,0.344371,0.962264
720,6.000000,0.356349,0.344370,0.961865
721,6.008333,0.356325,0.344351,0.961487
722,6.016667,0.356323,0.344342,0.961123
723,6.025000,0.356331,0.344328,0.960772
724,6.033333,0.356331,0.344325,0.960411
725,6.041667,0.356348,0.344308,0.960028
726,6.050000,0.356343,0.344336,0.959626
727,6.058333,0.356344,0.344338,0.959218
728,6.066667,0.356332,0.344353,0.958784
729,6.075000,0.356330,0.344348,0.958377
730,6.083333,0.356320,0.344352,0.957983
731,6.091667,0.356316,0.344340,0.957615
732,6.100000,0.356282,0.344341,0.957268
733,6.108333,0.356281,0.344340,0.956918
734,6.116667,0.356286,0.344342,0.956592
735,6.125000,0.356297,0.344340,0.956237
736,6.133333,0.356325,0.344335,0.955864
737,6.141667,0.356350,0.344349,0.955470
738,6.150000,0.356399,0.344358,0.955067
739,6.158333,0.356419,0.344357,0.954644
740,6.166667,0.356433,0.344346,0.954272
741,6.175000,0.356436,0.344350,0.953950
742,6.183333,0.356428,0.344353,0.953663
743,6.191667,0.356407,0.344347,0.953432
744,6.200000,0.356399,0.344333,0.953231
745,6.208333,0.356396,0.344309,0.953046
746,6.216667,0.356405,0.344301,0.952818
747,6.225000,0.356412,0.344303,0.952546
748,6.233333,0.356416,0.344315,0.952219
749,6.241667,0.356410,0.344341,0.951867
750,6.250000,0.356407,0.344360,0.951532
751,6.258333,0.356403,0.344371,0.951278
752,6.266667,0.356403,0.344360,0.951098
753,6.275000,0.356391,0.344331,0.950981
754,6.283333,0.356381,0.344308,0.950881
755,6.291667,0.356382,0.344271,0.950758
756,6.300000,0.356381,0.344247,0.950557
757,6.308333,0.356377,0.344263,0.950267
758,6.316667,0.356381,0.344284,0.949891
759,6.325000,0.356375,0.344323,0.949471
760,6.333333,0.356385,0.344355,0.949053
761,6.341667,0.356390,0.344368,0.948690
762,6.350000,0.356402,0.344352,0.948411
763,6.358333,0.356392,0.344343,0.948211
764,6.366667,0.356378,0.344315,0.948064
765,6.375000,0.356382,0.344286,0.947903
766,6.383333,0.356378,0.344273,0.947705
767,6.391667,0.356370,0.344253,0.947432
768,6.400000,0.356361,0.344254,0.947088
769,6.408333,0.356367,0.344274,0.946664
770,6.416667,0.356376,0.344284,0.946209
771,6.425000,0.356382,0.344297,0.945733
772,6.433333,0.356389,0.344337,0.945296
773,6.441667,0.356400,0.344345,0.944894
774,6.450000,0.356399,0.344333,0.944550
775,6.458333,0.356400,0.344298,0.944257
776,6.466667,0.356394,0.344282,0.943995
777,6.475000,0.356400,0.344260,0.943752
778,6.483333,0.356412,0.344254,0.943442
779,6.491667,0.356419,0.344235,0.943081
780,6.500000,0.356419,0.344253,0.942644
781,6.508333,0.356430,0.344273,0.942150
782,6.516667,0.356454,0.344286,0.941597
783,6.525000,0.356468,0.344304,0.941085
784,6.533333,0.356482,0.344313,0.940600
785,6.541667,0.356489,0.344303,0.940195
786,6.550000,0.356485,0.344300,0.939836
787,6.558333,0.356466,0.344284,0.939548
788,6.566667,0.356459,0.344274,0.939282
789,6.575000,0.356469,0.344258,0.939002
790,6.583333,0.356467,0.344242,0.938687
791,6.591667,0.356485,0.344245,0.938327
792,6.600000,0.356497,0.344237,0.937913
793,6.608333,0.356509,0.344247,0.937447
794,6.616667,0.356524,0.344259,0.936985
795,6.625000,0.356539,0.344272,0.936528
796,6.633333,0.356544,0.344279,0.936117
797,6.641667,0.356543,0.344272,0.935758
798,6.650000,0.356540,0.344265,0.935423
799,6.658333,0.356550,0.344238,0.935114
800,6.666667,0.356539,0.344247,0.934774
801,6.675000,0.356544,0.344221,0.934398
802,6.683333,0.356539,0.344229,0.933974
803,6.691667,0.356551,0.344235,0.933516
804,6.700000,0.356559,0.344251,0.933015
805,6.708333,0.356565,0.344250,0.932528
806,6.716667,0.356571,0.344255,0.932031
807,6.725000,0.356563,0.344240,0.931561
808,6.733333,0.356561,0.344231,0.931088
809,6.741667,0.356565,0.344232,0.930626
810,6.750000,0.356572,0.344241,0.930161
811,6.758333,0.356558,0.344227,0.929689
812,6.766667,0.356559,0.344227,0.929219
813,6.775000,0.356557,0.344244,0.928738
814,6.783333,0.356568,0.344231,0.928263
815,6.791667,0.356570,0.344219,0.927781
816,6.800000,0.356592,0.344201,0.927287
817,6.808333,0.356608,0.344193,0.926747
818,6.816667,0.356610,0.344224,0.926198
819,6.825000,0.356619,0.344231,0.925634
820,6.833333,0.356605,0.344241,0.925065
821,6.841667,0.356615,0.344236,0.924543
822,6.850000,0.356622,0.344237,0.924070
823,6.858333,0.356629,0.344225,0.923644
824,6.866667,0.356643,0.344199,0.923229
825,6.875000,0.356664,0.344187,0.922812
826,6.883333,0.356658,0.344181,0.922347
827,6.891667,0.356660,0.344193,0.921832
828,6.900000,0.356642,0.344194,0.921274
829,6.908333,0.356643,0.344199,0.920698
830,6.916667,0.356646,0.344221,0.920152
831,6.925000,0.356648,0.344230,0.919653
832,6.933333,0.356666,0.344213,0.919183
833,6.941667,0.356670,0.344209,0.918756
834,6.950000,0.356681,0.344181,0.918338
835,6.958333,0.356660,0.344174,0.917922
836,6.966667,0.356670,0.344164,0.917463
837,6.975000,0.356658,0.344176,0.916956
838,6.983333,0.356660,0.344186,0.916420
839,6.991667,0.356667,0.344196,0.915900
840,7.000000,0.356664,0.344214,0.915387
841,7.008333,0.356675,0.344200,0.914909
842,7.016667,0.356695,0.344188,0.914489
843,7.025000,0.356708,0.344186,0.914078
844,7.033333,0.356719,0.344172,0.913685
845,7.041667,0.356724,0.344149,0.913271
846,7.050000,0.356733,0.344149,0.912824
847,7.058333,0.356730,0.344166,0.912329
848,7.066667,0.356735,0.344174,0.911845
849,7.075000,0.356734,0.344180,0.911344
850,7.083333,0.356715,0.344189,0.910904
851,7.091667,0.356709,0.344195,0.910523
852,7.100000,0.356722,0.344174,0.910208
853,7.108333,0.356722,0.344165,0.909918
854,7.116667,0.356724,0.344142,0.909622
855,7.125000,0.356740,0.344120,0.909270
856,7.133333,0.356769,0.344126,0.908853
857,7.141667,0.356781,0.344129,0.908392
858,7.150000,0.356777,0.344146,0.907902
859,7.158333,0.356760,0.344175,0.907443
860,7.166667,0.356767,0.344179,0.907014
861,7.175000,0.356755,0.344178,0.906667
862,7.183333,0.356752,0.344171,0.906393
863,7.191667,0.356747,0.344161,0.906143
864,7.200000,0.356755,0.344137,0.905907
865,7.208333,0.356754,0.344119,0.905640
866,7.216667,0.356764,0.344117,0.905294
867,7.225000,0.356764,0.344110,0.904884
868,7.233333,0.356761,0.344139,0.904424
869,7.241667,0.356779,0.344154,0.903965
870,7.250000,0.356784,0.344168,0.903516
871,7.258333,0.356797,0.344166,0.903144
872,7.266667,0.356799,0.344162,0.902822
873,7.275000,0.356809,0.344143,0.902541
874,7.283333,0.356805,0.344126,0.902300
875,7.291667,0.356797,0.344107,0.902032
876,7.300000,0.356802,0.344092,0.901722
877,7.308333,0.356806,0.344092,0.901353
878,7.316667,0.356798,0.344102,0.900897
879,7.325000,0.356788,0.344106,0.900376
880,7.333333,0.356795,0.344141,0.899843
881,7.341667,0.356824,0.344147,0.899337
882,7.350000,0.356829,0.344154,0.898884
883,7.358333,0.356848,0.344138,0.898510
884,7.366667,0.356868,0.344122,0.898178
885,7.375000,0.356883,0.344095,0.897873
886,7.383333,0.356896,0.344083,0.897538
887,7.391667,0.356900,0.344075,0.897144
888,7.400000,0.356903,0.344072,0.896678
889,7.408333,0.356901,0.344072,0.896145
890,7.416667,0.356887,0.344111,0.895581
891,7.425000,0.356880,0.344135,0.895016
892,7.433333,0.356871,0.344137,0.894486
893,7.441667,0.356882,0.344145,0.894011
894,7.450000,0.356878,0.344145,0.893596
895,7.458333,0.356903,0.344127,0.893200
896,7.466667,0.356918,0.344107,0.892825
897,7.475000,0.356928,0.344102,0.892433
898,7.483333,0.356931,0.344104,0.892006
899,7.491667,0.356928,0.344104,0.891549
900,7.500000,0.356950,0.344099,0.891098
901,7.508333,0.356948,0.344099,0.890627
902,7.516667,0.356935,0.344103,0.890159
903,7.525000,0.356930,0.344119,0.889694
904,7.533333,0.356926,0.344117,0.889249
905,7.541667,0.356931,0.344113,0.888815
906,7.550000,0.356932,0.344093,0.888391
907,7.558333,0.356952,0.344100,0.887968
908,7.566667,0.356978,0.344095,0.887534
909,7.575000,0.356979,0.344108,0.887085
910,7.583333,0.356992,0.344111,0.886653
911,7.591667,0.356989,0.344105,0.886219
912,7.600000,0.356976,0.344114,0.885824
913,7.608333,0.356981,0.344106,0.885427
914,7.616667,0.356981,0.344119,0.885052
915,7.625000,0.356978,0.344104,0.884698
916,7.633333,0.356979,0.344080,0.884323
917,7.641667,0.356986,0.344070,0.883954
918,7.650000,0.356970,0.344088,0.883552
919,7.658333,0.356973,0.344087,0.883138
920,7.666667,0.356993,0.344090,0.882696
921,7.675000,0.357010,0.344096,0.882264
922,7.683333,0.357005,0.344107,0.881845
923,7.691667,0.357000,0.344106,0.881476
924,7.700000,0.357015,0.344089,0.881155
925,7.708333,0.357009,0.344084,0.880844
926,7.716667,0.357005,0.344082,0.880569
927,7.725000,0.356999,0.344066,0.880275
928,7.733333,0.357007,0.344059,0.879937
929,7.741667,0.356994,0.344066,0.879592
930,7.750000,0.357013,0.344093,0.879200
931,7.758333,0.357019,0.344109,0.878813
932,7.766667,0.357016,0.344101,0.878434
933,7.775000,0.357012,0.344103,0.878106
934,7.783333,0.357027,0.344095,0.877832
935,7.791667,0.357035,0.344098,0.877582
936,7.800000,0.357030,0.344090,0.877336
937,7.808333,0.357049,0.344070,0.877086
938,7.816667,0.357042,0.344053,0.876790
939,7.825000,0.357059,0.344067,0.876436
940,7.833333,0.357063,0.344078,0.876054
941,7.841667,0.357075,0.344091,0.875656
942,7.850000,0.357060,0.344103,0.875280
943,7.858333,0.357058,0.344108,0.874961
944,7.866667,0.357056,0.344101,0.874690
945,7.875000,0.357068,0.344079,0.874462
946,7.883333,0.357061,0.344062,0.874250
947,7.891667,0.357058,0.344040,0.874003
948,7.900000,0.357058,0.344034,0.873701
949,7.908333,0.357053,0.344046,0.873320
950,7.916667,0.357056,0.344080,0.872867
951,7.925000,0.357058,0.344098,0.872408
952,7.933333,0.357079,0.344109,0.871971
953,7.941667,0.357083,0.344102,0.871620
954,7.950000,0.357094,0.344104,0.871310
955,7.958333,0.357090,0.344084,0.871030
956,7.966667,0.357109,0.344047,0.870766
957,7.975000,0.357100,0.344049,0.870452
958,7.983333,0.357103,0.344048,0.870096
959,7.991667,0.357104,0.344066,0.869691
960,8.000000,0.357086,0.344082,0.869256
961,8.008333,0.357071,0.344085,0.868826
962,8.016667,0.357058,0.344096,0.868418
963,8.025000,0.357045,0.344088,0.868067
964,8.033333,0.357054,0.344076,0.867733
965,8.041667,0.357056,0.344069,0.867412
966,8.050000,0.357058,0.344056,0.867101
967,8.058333,0.357069,0.344056,0.866737
968,8.066667,0.357076,0.344051,0.866329
969,8.075000,0.357090,0.344065,0.865881
970,8.083333,0.357093,0.344076,0.865421
971,8.091667,0.357093,0.344076,0.864970
972,8.100000,0.357089,0.344072,0.864564
973,8.108333,0.357085,0.344078,0.864169
974,8.116667,0.357081,0.344072,0.863816
975,8.125000,0.357067,0.344069,0.863463
976,8.133333,0.357083,0.344068,0.863077
977,8.141667,0.357080,0.344047,0.862677
978,8.150000,0.357095,0.344048,0.862221
979,8.158333,0.357099,0.344053,0.861724
980,8.166667,0.357121,0.344074,0.861228
981,8.175000,0.357110,0.344081,0.860724
982,8.183333,0.357115,0.344081,0.860260
983,8.191667,0.357122,0.344071,0.859811
984,8.200000,0.357129,0.344057,0.859413
985,8.208333,0.357112,0.344041,0.858988
986,8.216667,0.357109,0.344032,0.858540
987,8.225000,0.357110,0.344041,0.858102
988,8.233333,0.357118,0.344051,0.857623
989,8.241667,0.357126,0.344063,0.857128
990,8.250000,0.357117,0.344070,0.856622
991,8.258333,0.357136,0.344074,0.856126
992,8.266667,0.357135,0.344060,0.855657
993,8.275000,0.357147,0.344063,0.855189
994,8.283333,0.357133,0.344074,0.854769
995,8.291667,0.357149,0.344053,0.854324
996,8.300000,0.357151,0.344026,0.853925
997,8.308333,0.357149,0.344048,0.853466
998,8.316667,0.357120,0.344033,0.852994
999,8.325000,0.357126,0.344033,0.852482
1000,8.333333,0.357124,0.344046,0.851979
1001,8.341667,0.357114,0.344080,0.851490
1002,8.350000,0.357121,0.344081,0.850988
1003,8.358333,0.357142,0.344055,0.850541
1004,8.366667,0.357154,0.344056,0.850120
1005,8.375000,0.357137,0.344076,0.849741
1006,8.383333,0.357150,0.344044,0.849385
1007,8.391667,0.357166,0.344031,0.848987
1008,8.400000,0.357147,0.344027,0.848606
1009,8.408333,0.357149,0.344060,0.848200
1010,8.416667,0.357145,0.344045,0.847795
1011,8.425000,0.357137,0.344052,0.847347
1012,8.433333,0.357126,0.344046,0.846905
1013,8.441667,0.357147,0.344066,0.846484
1014,8.450000,0.357167,0.344067,0.846103
1015,8.458333,0.357183,0.344046,0.845765
1016,8.466667,0.357172,0.344049,0.845433
1017,8.475000,0.357177,0.344045,0.845154
1018,8.483333,0.357192,0.344035,0.844863
1019,8.491667,0.357213,0.344026,0.844556
1020,8.500000,0.357209,0.344016,0.844256
1021,8.508333,0.357206,0.344014,0.843915
1022,8.516667,0.357208,0.344007,0.843551
1023,8.525000,0.357220,0.344003,0.843167
1024,8.533333,0.357197,0.344032,0.842767
1025,8.541667,0.357191,0.344036,0.842391
1026,8.550000,0.357183,0.344048,0.842034
1027,8.558333,0.357174,0.344042,0.841720
1028,8.566667,0.357183,0.344046,0.841413
1029,8.575000,0.357180,0.344038,0.841104
1030,8.583333,0.357177,0.344019,0.840804
1031,8.591667,0.357187,0.344011,0.840515
1032,8.600000,0.357216,0.344018,0.840173
1033,8.608333,0.357224,0.344005,0.839829
1034,8.616667,0.357228,0.344014,0.839469
1035,8.625000,0.357235,0.344027,0.839072
1036,8.633333,0.357245,0.344030,0.838687
1037,8.641667,0.357248,0.344028,0.838312
1038,8.650000,0.357217,0.344033,0.837973
1039,8.658333,0.357192,0.344022,0.837649
1040,8.666667,0.357177,0.344019,0.837359
1041,8.675000,0.357178,0.344003,0.837102
1042,8.683333,0.357150,0.344013,0.836840
1043,8.691667,0.357138,0.344002,0.836565
1044,8.700000,0.357140,0.344006,0.836284
1045,8.708333,0.357147,0.344008,0.835983
1046,8.716667,0.357153,0.344036,0.835627
1047,8.725000,0.357147,0.344040,0.835308
1048,8.733333,0.357167,0.344043,0.835031
1049,8.741667,0.357179,0.344035,0.834814
1050,8.750000,0.357180,0.344025,0.834643
1051,8.758333,0.357188,0.344018,0.834520
1052,8.766667,0.357201,0.344001,0.834380
1053,8.775000,0.357206,0.343987,0.834224
1054,8.783333,0.357211,0.343996,0.834020
1055,8.791667,0.357214,0.343992,0.833783
1056,8.800000,0.357202,0.344012,0.833531
1057,8.808333,0.357197,0.344025,0.833276
1058,8.816667,0.357201,0.344047,0.833060
1059,8.825000,0.357215,0.344055,0.832913
1060,8.833333,0.357216,0.344053,0.832834
1061,8.841667,0.357220,0.344034,0.832781
1062,8.850000,0.357220,0.344009,0.832739
1063,8.858333,0.357228,0.344007,0.832676
1064,8.866667,0.357234,0.344011,0.832547
1065,8.875000,0.357243,0.344015,0.832377
1066,8.883333,0.357248,0.344028,0.832189
1067,8.891667,0.357252,0.344024,0.832013
1068,8.900000,0.357239,0.344021,0.831861
1069,8.908333,0.357242,0.344028,0.831729
1070,8.916667,0.357240,0.344029,0.831628
1071,8.925000,0.357239,0.344010,0.831549
1072,8.933333,0.357249,0.343986,0.831459
1073,8.941667,0.357251,0.343989,0.831333
1074,8.950000,0.357257,0.344008,0.831165
1075,8.958333,0.357263,0.344007,0.830974
1076,8.966667,0.357270,0.344009,0.830779
1077,8.975000,0.357262,0.344017,0.830611
1078,8.983333,0.357267,0.344023,0.830468
1079,8.991667,0.357269,0.344019,0.830371
1080,9.000000,0.357255,0.344010,0.830276
1081,9.008333,0.357243,0.344002,0.830183
1082,9.016667,0.357238,0.343994,0.830062
1083,9.025000,0.357229,0.343996,0.829900
1084,9.033333,0.357246,0.343989,0.829683
1085,9.041667,0.357251,0.343997,0.829432
1086,9.050000,0.357246,0.344003,0.829196
1087,9.058333,0.357247,0.344002,0.828944
1088,9.066667,0.357257,0.344009,0.828701
1089,9.075000,0.357266,0.344007,0.828501
1090,9.083333,0.357270,0.343997,0.828347
1091,9.091667,0.357275,0.343981,0.828205
1092,9.100000,0.357283,0.343964,0.828043
1093,9.108333,0.357288,0.343966,0.827840
1094,9.116667,0.357300,0.343964,0.827599
1095,9.125000,0.357309,0.343960,0.827334
1096,9.133333,0.357319,0.343973,0.827016
1097,9.141667,0.357317,0.344003,0.826658
1098,9.150000,0.357305,0.344010,0.826298
1099,9.158333,0.357309,0.344015,0.825953
1100,9.166667,0.357307,0.344006,0.825634
1101,9.175000,0.357311,0.344018,0.825334
1102,9.183333,0.357319,0.344008,0.825043
1103,9.191667,0.357324,0.343996,0.824800
1104,9.200000,0.357325,0.343971,0.824556
1105,9.208333,0.357350,0.343967,0.824276
1106,9.216667,0.357373,0.343970,0.823972
1107,9.225000,0.357385,0.343968,0.823629
1108,9.233333,0.357406,0.343976,0.823203
1109,9.241667,0.357420,0.343971,0.822765
1110,9.250000,0.357426,0.343992,0.822314
1111,9.258333,0.357420,0.344005,0.821900
1112,9.266667,0.357412,0.344021,0.821521
1113,9.275000,0.357421,0.344010,0.821199
1114,9.283333,0.357415,0.344012,0.820894
1115,9.291667,0.357419,0.344012,0.820591
1116,9.300000,0.357421,0.343993,0.820300
1117,9.308333,0.357422,0.343969,0.819980
1118,9.316667,0.357436,0.343977,0.819571
1119,9.325000,0.357457,0.343973,0.819174
1120,9.333333,0.357489,0.343999,0.818743
1121,9.341667,0.357494,0.343998,0.818337
1122,9.350000,0.357504,0.344001,0.817965
1123,9.358333,0.357517,0.343982,0.817607
1124,9.366667,0.357529,0.343972,0.817235
1125,9.375000,0.357556,0.343947,0.816850
1126,9.383333,0.357555,0.343931,0.816429
1127,9.391667,0.357556,0.343942,0.815955
1128,9.400000,0.357534,0.343967,0.815479
1129,9.408333,0.357549,0.343983,0.814947
1130,9.416667,0.357555,0.344020,0.814452
1131,9.425000,0.357578,0.344019,0.813997
1132,9.433333,0.357610,0.344004,0.813583
1133,9.441667,0.357657,0.343969,0.813224
1134,9.450000,0.357701,0.343956,0.812877
1135,9.458333,0.357745,0.343950,0.812513
1136,9.466667,0.357771,0.343921,0.812127
1137,9.475000,0.357805,0.343924,0.811632
1138,9.483333,0.357840,0.343904,0.811131
1139,9.491667,0.357871,0.343908,0.810515
1140,9.500000,0.357888,0.343939,0.809872
1141,9.508333,0.357875,0.343979,0.809250
1142,9.516667,0.357861,0.343985,0.808651
1143,9.525000,0.357874,0.343983,0.808101
1144,9.533333,0.357874,0.343959,0.807675
1145,9.541667,0.357884,0.343938,0.807240
1146,9.550000,0.357901,0.343902,0.806860
1147,9.558333,0.357918,0.343912,0.806425
1148,9.566667,0.357934,0.343896,0.805904
1149,9.575000,0.357949,0.343903,0.805317
1150,9.583333,0.357948,0.343911,0.804693
1151,9.591667,0.357925,0.343923,0.804085
1152,9.600000,0.357909,0.343965,0.803498
1153,9.608333,0.357915,0.343963,0.802996
1154,9.616667,0.357922,0.343950,0.802523
1155,9.625000,0.357942,0.343916,0.802150
1156,9.633333,0.357956,0.343904,0.801738
1157,9.641667,0.357967,0.343877,0.801319
1158,9.650000,0.357954,0.343899,0.800837
1159,9.658333,0.357935,0.343920,0.800297
1160,9.666667,0.357910,0.343927,0.799720
1161,9.675000,0.357892,0.343938,0.799128
1162,9.683333,0.357886,0.343937,0.798613
1163,9.691667,0.357888,0.343939,0.798090
1164,9.700000,0.357900,0.343937,0.797698
1165,9.708333,0.357932,0.343944,0.797296
1166,9.716667,0.357969,0.343895,0.796906
1167,9.725000,0.358010,0.343890,0.796463
1168,9.733333,0.358037,0.343881,0.795970
1169,9.741667,0.358040,0.343894,0.795442
1170,9.750000,0.358026,0.343907,0.794908
1171,9.758333,0.358001,0.343949,0.794383
1172,9.766667,0.357971,0.343949,0.793899
1173,9.775000,0.357946,0.343940,0.793448
1174,9.783333,0.357962,0.343898,0.793062
1175,9.791667,0.357987,0.343894,0.792631
1176,9.800000,0.358023,0.343881,0.792188
1177,9.808333,0.358067,0.343895,0.791704
1178,9.816667,0.358119,0.343908,0.791177
1179,9.825000,0.358164,0.343888,0.790653
1180,9.833333,0.358207,0.343893,0.790081
1181,9.841667,0.358246,0.343890,0.789609
1182,9.850000,0.358277,0.343922,0.789113
1183,9.858333,0.358261,0.343917,0.788660
1184,9.866667,0.358221,0.343906,0.788194
1185,9.875000,0.358180,0.343893,0.787730
1186,9.883333,0.358155,0.343869,0.787225
1187,9.891667,0.358165,0.343863,0.786666
1188,9.900000,0.358166,0.343867,0.786092
1189,9.908333,0.358194,0.343895,0.785430
1190,9.916667,0.358226,0.343910,0.784788
1191,9.925000,0.358236,0.343897,0.784153
1192,9.933333,0.358230,0.343920,0.783582
1193,9.941667,0.358209,0.343941,0.783061
1194,9.950000,0.358204,0.343922,0.782626
1195,9.958333,0.358219,0.343904,0.782191
1196,9.966667,0.358225,0.343888,0.781766
1197,9.975000,0.358228,0.343843,0.781323
1198,9.983333,0.358234,0.343855,0.780816
1199,9.991667,0.358241,0.343880,0.780294
1200,10.000000,0.358244,0.343895,0.779708
1201,10.008333,0.358248,0.343889,0.779096
1202,10.016667,0.358267,0.343896,0.778484
1203,10.025000,0.358271,0.343902,0.777929
1204,10.033333,0.358280,0.343935,0.777375
1205,10.041667,0.358297,0.343928,0.776925
1206,10.050000,0.358303,0.343939,0.776474
1207,10.058333,0.358304,0.343900,0.776135
1208,10.066667,0.358303,0.343872,0.775805
1209,10.075000,0.358309,0.343869,0.775442
1210,10.083333,0.358292,0.343857,0.775076
1211,10.091667,0.358285,0.343876,0.774672
1212,10.100000,0.358273,0.343879,0.774205
1213,10.108333,0.358283,0.343874,0.773700
1214,10.116667,0.358283,0.343866,0.773172
1215,10.125000,0.358296,0.343889,0.772643
1216,10.133333,0.358297,0.343897,0.772163
1217,10.141667,0.358297,0.343896,0.771710
1218,10.150000,0.358286,0.343897,0.771350
1219,10.158333,0.358304,0.343906,0.770958
1220,10.166667,0.358324,0.343880,0.770581
1221,10.175000,0.358353,0.343853,0.770207
1222,10.183333,0.358369,0.343844,0.769816
1223,10.191667,0.358379,0.343867,0.769396
1224,10.200000,0.358390,0.343883,0.768988
1225,10.208333,0.358384,0.343887,0.768575
1226,10.216667,0.358373,0.343899,0.768178
1227,10.225000,0.358370,0.343897,0.767851
1228,10.233333,0.358367,0.343900,0.767506
1229,10.241667,0.358366,0.343865,0.767190
1230,10.250000,0.358359,0.343852,0.766911
1231,10.258333,0.358369,0.343855,0.766588
1232,10.266667,0.358366,0.343861,0.766235
1233,10.275000,0.358357,0.343876,0.765863
1234,10.283333,0.358358,0.343896,0.765493
1235,10.291667,0.358371,0.343876,0.765126
1236,10.300000,0.358365,0.343876,0.764767
1237,10.308333,0.358355,0.343870,0.764449
1238,10.316667,0.358337,0.343849,0.764170
1239,10.325000,0.358346,0.343848,0.763866
1240,10.333333,0.358345,0.343855,0.763589
1241,10.341667,0.358327,0.343854,0.763299
1242,10.350000,0.358330,0.343865,0.762934
1243,10.358333,0.358332,0.343870,0.762554
1244,10.366667,0.358360,0.343869,0.762197
1245,10.375000,0.358374,0.343877,0.761782
1246,10.383333,0.358371,0.343876,0.761411
1247,10.391667,0.358374,0.343875,0.761089
1248,10.400000,0.358363,0.343877,0.760812
1249,10.408333,0.358361,0.343871,0.760575
1250,10.416667,0.358347,0.343877,0.760353
1251,10.425000,0.358337,0.343878,0.760141
1252,10.433333,0.358335,0.343867,0.759922
1253,10.441667,0.358325,0.343861,0.759669
1254,10.450000,0.358335,0.343852,0.759350
1255,10.458333,0.358343,0.343871,0.759037
1256,10.466667,0.358340,0.343875,0.758771
1257,10.475000,0.358350,0.343873,0.758518
1258,10.483333,0.358357,0.343867,0.758265
1259,10.491667,0.358343,0.343864,0.758058
1260,10.500000,0.358342,0.343849,0.757861
1261,10.508333,0.358347,0.343856,0.757666
1262,10.516667,0.358356,0.343861,0.757424
1263,10.525000,0.358362,0.343866,0.757172
1264,10.533333,0.358364,0.343877,0.756903
1265,10.541667,0.358397,0.343881,0.756618
1266,10.550000,0.358408,0.343868,0.756338
1267,10.558333,0.358427,0.343857,0.756072
1268,10.566667,0.358423,0.343847,0.755826
1269,10.575000,0.358443,0.343852,0.755613
1270,10.583333,0.358459,0.343833,0.755417
1271,10.591667,0.358450,0.343837,0.755226
1272,10.600000,0.358435,0.343830,0.754988
1273,10.608333,0.358435,0.343861,0.754674
1274,10.616667,0.358427,0.343870,0.754393
1275,10.625000,0.358433,0.343863,0.754124
1276,10.633333,0.358453,0.343889,0.753835
1277,10.641667,0.358470,0.343885,0.753539
1278,10.650000,0.358476,0.343868,0.753295
1279,10.658333,0.358488,0.343855,0.753074
1280,10.666667,0.358497,0.343843,0.752843
1281,10.675000,0.358481,0.343839,0.752589
1282,10.683333,0.358471,0.343845,0.752316
1283,10.691667,0.358466,0.343856,0.752019
1284,10.700000,0.358465,0.343858,0.751702
1285,10.708333,0.358475,0.343858,0.751377
1286,10.716667,0.358495,0.343869,0.751029
1287,10.725000,0.358509,0.343861,0.750718
1288,10.733333,0.358523,0.343818,0.750435
1289,10.741667,0.358524,0.343822,0.750092
1290,10.750000,0.358534,0.343821,0.749787
1291,10.758333,0.358527,0.343827,0.749464
1292,10.766667,0.358519,0.343869,0.749037
1293,10.775000,0.358507,0.343857,0.748623
1294,10.783333,0.358512,0.343873,0.748203
1295,10.791667,0.358540,0.343865,0.747799
1296,10.800000,0.358547,0.343855,0.747418
1297,10.808333,0.358564,0.343845,0.747080
1298,10.816667,0.358568,0.343845,0.746734
1299,10.825000,0.358604,0.343855,0.746365
1300,10.833333,0.358638,0.343856,0.746019
1301,10.841667,0.358667,0.343874,0.745611
1302,10.850000,0.358682,0.343850,0.745194
1303,10.858333,0.358718,0.343840,0.744789
1304,10.866667,0.358734,0.343859,0.744359
1305,10.875000,0.358711,0.343871,0.743966
1306,10.883333,0.358697,0.343879,0.743603
1307,10.891667,0.358688,0.343867,0.743241
1308,10.900000,0.358686,0.343873,0.742902
1309,10.908333,0.358705,0.343864,0.742564
1310,10.916667,0.358719,0.343834,0.742218
1311,10.925000,0.358744,0.343839,0.741808
1312,10.933333,0.358743,0.343848,0.741468
1313,10.941667,0.358750,0.343868,0.741099
1314,10.950000,0.358734,0.343894,0.740716
1315,10.958333,0.358729,0.343891,0.740418
1316,10.966667,0.358736,0.343889,0.740152
1317,10.975000,0.358736,0.343884,0.739885
1318,10.983333,0.358736,0.343860,0.739648
1319,10.991667,0.358739,0.343841,0.739408
1320,11.000000,0.358757,0.343833,0.739149
1321,11.008333,0.358750,0.343839,0.738865
1322,11.016667,0.358758,0.343834,0.738547
1323,11.025000,0.358749,0.343850,0.738210
1324,11.033333,0.358745,0.343861,0.737890
1325,11.041667,0.358724,0.343855,0.737583
1326,11.050000,0.358729,0.343881,0.737241
1327,11.058333,0.358733,0.343873,0.736969
1328,11.066667,0.358726,0.343854,0.736742
1329,11.075000,0.358733,0.343838,0.736490
1330,11.083333,0.358726,0.343838,0.736205
1331,11.091667,0.358735,0.343829,0.735954
1332,11.100000,0.358759,0.343831,0.735678
1333,11.108333,0.358774,0.343868,0.735348
1334,11.116667,0.358788,0.343869,0.735030
1335,11.125000,0.358782,0.343891,0.734724
1336,11.133333,0.358772,0.343879,0.734467
1337,11.141667,0.358747,0.343864,0.734261
1338,11.150000,0.358743,0.343854,0.734078
1339,11.158333,0.358736,0.343832,0.733895
1340,11.166667,0.358740,0.343814,0.733691
1341,11.175000,0.358737,0.343815,0.733441
1342,11.183333,0.358731,0.343819,0.733148
1343,11.191667,0.358717,0.343835,0.732782
1344,11.200000,0.358733,0.343855,0.732416
1345,11.208333,0.358741,0.343867,0.732107
1346,11.216667,0.358761,0.343884,0.731785
1347,11.225000,0.358767,0.343883,0.731501
1348,11.233333,0.358757,0.343851,0.731300
1349,11.241667,0.358754,0.343821,0.731135
1350,11.250000,0.358757,0.343804,0.730967
1351,11.258333,0.358767,0.343815,0.730741
1352,11.266667,0.358779,0.343818,0.730492
1353,11.275000,0.358771,0.343821,0.730222
1354,11.283333,0.358773,0.343837,0.729921
1355,11.291667,0.358758,0.343852,0.729622
1356,11.300000,0.358756,0.343856,0.729333
1357,11.308333,0.358764,0.343859,0.729078
1358,11.316667,0.358770,0.343851,0.728883
1359,11.325000,0.358767,0.343844,0.728719
1360,11.333333,0.358748,0.343828,0.728556
1361,11.341667,0.358745,0.343802,0.728379
1362,11.350000,0.358736,0.343800,0.728150
1363,11.358333,0.358738,0.343821,0.727906
1364,11.366667,0.358751,0.343825,0.727687
1365,11.375000,0.358753,0.343841,0.727499
1366,11.383333,0.358773,0.343856,0.727313
1367,11.391667,0.358787,0.343862,0.727137
1368,11.400000,0.358805,0.343863,0.726999
1369,11.408333,0.358803,0.343850,0.726882
1370,11.416667,0.358797,0.343848,0.726771
1371,11.425000,0.358786,0.343833,0.726636
1372,11.433333,0.358772,0.343830,0.726474
1373,11.441667,0.358755,0.343843,0.726274
1374,11.450000,0.358740,0.343860,0.726045
1375,11.458333,0.358713,0.343855,0.725813
1376,11.466667,0.358722,0.343845,0.725608
1377,11.475000,0.358744,0.343838,0.725416
1378,11.483333,0.358747,0.343843,0.725253
1379,11.491667,0.358763,0.343839,0.725100
1380,11.500000,0.358791,0.343829,0.724950
1381,11.508333,0.358809,0.343820,0.724793
1382,11.516667,0.358824,0.343824,0.724614
1383,11.525000,0.358839,0.343843,0.724415
1384,11.533333,0.358849,0.343844,0.724231
1385,11.541667,0.358836,0.343835,0.724063
1386,11.550000,0.358837,0.343833,0.723900
1387,11.558333,0.358828,0.343827,0.723706
1388,11.566667,0.358829,0.343838,0.723491
1389,11.575000,0.358829,0.343839,0.723280
1390,11.583333,0.358847,0.343818,0.723097
1391,11.591667,0.358861,0.343814,0.722899
1392,11.600000,0.358865,0.343823,0.722681
1393,11.608333,0.358869,0.343842,0.722430
1394,11.616667,0.358860,0.343846,0.722198
1395,11.625000,0.358856,0.343846,0.721992
1396,11.633333,0.358856,0.343850,0.721817
1397,11.641667,0.358857,0.343861,0.721671
1398,11.650000,0.358845,0.343858,0.721537
1399,11.658333,0.358847,0.343849,0.721417
1400,11.666667,0.358851,0.343837,0.721277
1401,11.675000,0.358846,0.343838,0.721119
1402,11.683333,0.358847,0.343834,0.720925
1403,11.691667,0.358827,0.343835,0.720699
1404,11.700000,0.358832,0.343838,0.720457
1405,11.708333,0.358830,0.343831,0.720192
1406,11.716667,0.358818,0.343841,0.719922
1407,11.725000,0.358827,0.343858,0.719687
1408,11.733333,0.358824,0.343853,0.719501
1409,11.741667,0.358823,0.343843,0.719325
1410,11.750000,0.358821,0.343822,0.719167
1411,11.758333,0.358821,0.343824,0.718971
1412,11.766667,0.358835,0.343835,0.718717
1413,11.775000,0.358836,0.343838,0.718486
1414,11.783333,0.358846,0.343849,0.718226
1415,11.791667,0.358860,0.343871,0.717923
1416,11.800000,0.358867,0.343872,0.717612
1417,11.808333,0.358858,0.343861,0.717361
1418,11.816667,0.358855,0.343851,0.717160
1419,11.825000,0.358862,0.343844,0.717010
1420,11.833333,0.358862,0.343831,0.716868
1421,11.841667,0.358875,0.343826,0.716729
1422,11.850000,0.358877,0.343824,0.716569
1423,11.858333,0.358864,0.343829,0.716380
1424,11.866667,0.358865,0.343832,0.716150
1425,11.875000,0.358860,0.343842,0.715902
1426,11.883333,0.358851,0.343845,0.715656
1427,11.891667,0.358848,0.343835,0.715403
1428,11.900000,0.358845,0.343837,0.715138
1429,11.908333,0.358844,0.343829,0.714918
1430,11.916667,0.358850,0.343819,0.714687
1431,11.925000,0.358839,0.343795,0.714474
1432,11.933333,0.358836,0.343814,0.714190
1433,11.941667,0.358839,0.343820,0.713920
1434,11.950000,0.358844,0.343830,0.713661
1435,11.958333,0.358847,0.343835,0.713410
1436,11.966667,0.358864,0.343871,0.713106
1437,11.975000,0.358853,0.343867,0.712830
1438,11.983333,0.358856,0.343859,0.712580
1439,11.991667,0.358857,0.343850,0.712345
1440,12.000000,0.358856,0.343840,0.712108
1441,12.008333,0.358859,0.343824,0.711875
1442,12.016667,0.358859,0.343821,0.711645
1443,12.025000,0.358859,0.343816,0.711392
1444,12.033333,0.358846,0.343822,0.711138
1445,12.041667,0.358848,0.343805,0.710839
1446,12.050000,0.358826,0.343823,0.710509
1447,12.058333,0.358827,0.343833,0.710194
1448,12.066667,0.358815,0.343819,0.709897
1449,12.075000,0.358809,0.343831,0.709515
1450,12.083333,0.358824,0.343821,0.709178
1451,12.091667,0.358832,0.343816,0.708894
1452,12.100000,0.358844,0.343844,0.708595
1453,12.108333,0.358861,0.343845,0.708299
1454,12.116667,0.358849,0.343840,0.708091
1455,12.125000,0.358858,0.343830,0.707874
1456,12.133333,0.358875,0.343818,0.707642
1457,12.141667,0.358881,0.343811,0.707361
1458,12.150000,0.358870,0.343811,0.707032
1459,12.158333,0.358861,0.343814,0.706684
1460,12.166667,0.358851,0.343815,0.706323
1461,12.175000,0.358845,0.343831,0.705948
1462,12.183333,0.358843,0.343851,0.705618
1463,12.191667,0.358853,0.343836,0.705341
1464,12.200000,0.358847,0.343826,0.705111
1465,12.208333,0.358855,0.343832,0.704857
1466,12.216667,0.358853,0.343837,0.704631
1467,12.225000,0.358865,0.343813,0.704430
1468,12.233333,0.358870,0.343811,0.704223
1469,12.241667,0.358878,0.343805,0.703976
1470,12.250000,0.358883,0.343823,0.703673
1471,12.258333,0.358879,0.343816,0.703431
1472,12.266667,0.358863,0.343814,0.703208
1473,12.275000,0.358863,0.343817,0.703008
1474,12.283333,0.358863,0.343828,0.702813
1475,12.291667,0.358878,0.343807,0.702623
1476,12.300000,0.358880,0.343813,0.702426
1477,12.308333,0.358892,0.343812,0.702202
1478,12.316667,0.358906,0.343807,0.701985
1479,12.325000,0.358911,0.343812,0.701753
1480,12.333333,0.358898,0.343820,0.701514
1481,12.341667,0.358888,0.343825,0.701278
1482,12.350000,0.358884,0.343824,0.701104
1483,12.358333,0.358883,0.343826,0.701000
1484,12.366667,0.358880,0.343820,0.700943
1485,12.375000,0.358883,0.343805,0.700912
1486,12.383333,0.358887,0.343779,0.700878
1487,12.391667,0.358896,0.343773,0.700813
1488,12.400000,0.358902,0.343782,0.700693
1489,12.408333,0.358900,0.343787,0.700536
1490,12.416667,0.358901,0.343810,0.700332
1491,12.425000,0.358894,0.343845,0.700142
1492,12.433333,0.358895,0.343865,0.700008
1493,12.441667,0.358897,0.343860,0.700002
1494,12.450000,0.358900,0.343846,0.700084
1495,12.458333,0.358886,0.343806,0.700239
1496,12.466667,0.358894,0.343773,0.700395
1497,12.475000,0.358901,0.343738,0.700495
1498,12.483333,0.358907,0.343738,0.700514
1499,12.491667,0.358892,0.343755,0.700461
1500,12.500000,0.358903,0.343780,0.700334
1501,12.508333,0.358906,0.343802,0.700188
1502,12.516667,0.358909,0.343829,0.700088
1503,12.525000,0.358911,0.343835,0.700065
1504,12.533333,0.358908,0.343821,0.700109
1505,12.541667,0.358913,0.343788,0.700224
1506,12.550000,0.358915,0.343765,0.700358
1507,12.558333,0.358917,0.343745,0.700448
1508,12.566667,0.358922,0.343728,0.700473
1509,12.575000,0.358917,0.343735,0.700437
1510,12.583333,0.358917,0.343763,0.700342
1511,12.591667,0.358920,0.343788,0.700219
1512,12.600000,0.358927,0.343791,0.700139
1513,12.608333,0.358923,0.343806,0.700115
1514,12.616667,0.358937,0.343796,0.700150
1515,12.625000,0.358942,0.343767,0.700236
1516,12.633333,0.358955,0.343740,0.700332
1517,12.641667,0.358946,0.343728,0.700422
1518,12.650000,0.358951,0.343718,0.700451
1519,12.658333,0.358961,0.343718,0.700418
1520,12.666667,0.358974,0.343741,0.700342
1521,12.675000,0.358974,0.343765,0.700255
1522,12.683333,0.358977,0.343766,0.700179
1523,12.691667,0.358986,0.343770,0.700143
1524,12.700000,0.358988,0.343775,0.700180
1525,12.708333,0.358987,0.343756,0.700249
1526,12.716667,0.358987,0.343737,0.700338
1527,12.725000,0.358990,0.343710,0.700403
1528,12.733333,0.358989,0.343711,0.700422
1529,12.741667,0.358990,0.343725,0.700406
1530,12.750000,0.358993,0.343730,0.700335
1531,12.758333,0.358985,0.343737,0.700266
1532,12.766667,0.358984,0.343761,0.700205
1533,12.775000,0.358986,0.343769,0.700183
1534,12.783333,0.358992,0.343767,0.700197
1535,12.791667,0.358990,0.343744,0.700254
1536,12.800000,0.358988,0.343732,0.700328
1537,12.808333,0.358988,0.343727,0.700380
1538,12.816667,0.358989,0.343715,0.700398
1539,12.825000,0.358987,0.343717,0.700389
1540,12.833333,0.358989,0.343732,0.700339
1541,12.841667,0.358995,0.343742,0.700277
1542,12.850000,0.358989,0.343756,0.700224
1543,12.858333,0.358987,0.343763,0.700201
1544,12.866667,0.358990,0.343764,0.700225
1545,12.875000,0.358991,0.343746,0.700264
1546,12.883333,0.358988,0.343729,0.700321
1547,12.891667,0.358982,0.343726,0.700362
1548,12.900000,0.358994,0.343723,0.700383
1549,12.908333,0.358991,0.343720,0.700370
1550,12.916667,0.358991,0.343724,0.700332
1551,12.925000,0.358994,0.343745,0.700283
1552,12.933333,0.358997,0.343745,0.700245
1553,12.941667,0.358988,0.343755,0.700225
1554,12.950000,0.358992,0.343761,0.700231
1555,12.958333,0.358996,0.343744,0.700269
1556,12.966667,0.358991,0.343728,0.700318
1557,12.975000,0.358990,0.343718,0.700351
1558,12.983333,0.358993,0.343726,0.700363
1559,12.991667,0.358996,0.343730,0.700357
1560,13.000000,0.358993,0.343730,0.700327
1561,13.008333,0.358995,0.343736,0.700282
1562,13.016667,0.358993,0.343751,0.700256
1563,13.025000,0.358996,0.343745,0.700242
1564,13.033333,0.358996,0.343745,0.700250
1565,13.041667,0.358997,0.343742,0.700278
1566,13.050000,0.358988,0.343735,0.700317
1567,13.058333,0.358993,0.343725,0.700338
1568,13.066667,0.358984,0.343727,0.700352
1569,13.075000,0.358995,0.343728,0.700342
1570,13.083333,0.358990,0.343727,0.700321
1571,13.091667,0.358993,0.343738,0.700288
1572,13.100000,0.358992,0.343746,0.700266
1573,13.108333,0.358994,0.343751,0.700252
1574,13.116667,0.358994,0.343732,0.700265
1575,13.125000,0.358988,0.343739,0.700288
1576,13.133333,0.358994,0.343740,0.700312
1577,13.141667,0.358996,0.343728,0.700330
1578,13.150000,0.358993,0.343721,0.700346
1579,13.158333,0.358990,0.343731,0.700339
1580,13.166667,0.358993,0.343731,0.700317
1581,13.175000,0.358993,0.343737,0.700287
1582,13.183333,0.358998,0.343740,0.700270
1583,13.191667,0.358989,0.343745,0.700263
1584,13.200000,0.358995,0.343737,0.700272
1585,13.208333,0.358987,0.343733,0.700298
1586,13.216667,0.358986,0.343734,0.700318
1587,13.225000,0.358992,0.343728,0.700330
1588,13.233333,0.358988,0.343730,0.700346
1589,13.241667,0.358984,0.343731,0.700331
1590,13.250000,0.358989,0.343737,0.700315
1591,13.258333,0.358988,0.343732,0.700292
1592,13.266667,0.358985,0.343738,0.700279
1593,13.275000,0.358987,0.343742,0.700281
1594,13.283333,0.358986,0.343738,0.700282
1595,13.291667,0.358987,0.343730,0.700293
1596,13.300000,0.358984,0.343732,0.700320
1597,13.308333,0.358990,0.343723,0.700331
1598,13.316667,0.358992,0.343719,0.700339
1599,13.325000,0.358985,0.343728,0.700337
1600,13.333333,0.358988,0.343736,0.700315
1601,13.341667,0.358990,0.343732,0.700301
1602,13.350000,0.358982,0.343738,0.700292
1603,13.358333,0.358982,0.343736,0.700290
1604,13.366667,0.358984,0.343735,0.700295
1605,13.375000,0.358980,0.343736,0.700309
1606,13.383333,0.358980,0.343732,0.700326
1607,13.391667,0.358976,0.343731,0.700338
1608,13.400000,0.358975,0.343724,0.700338
1609,13.408333,0.358974,0.343726,0.700336
1610,13.416667,0.358970,0.343732,0.700325
1611,13.425000,0.358967,0.343727,0.700323
1612,13.433333,0.358966,0.343727,0.700314
1613,13.441667,0.358976,0.343730,0.700312
1614,13.450000,0.358973,0.343729,0.700321
1615,13.458333,0.358970,0.343722,0.700340
1616,13.466667,0.358971,0.343723,0.700350
1617,13.475000,0.358974,0.343715,0.700350
1618,13.483333,0.358974,0.343728,0.700357
1619,13.491667,0.358968,0.343734,0.700346
1620,13.500000,0.358976,0.343727,0.700340
1621,13.508333,0.358973,0.343722,0.700331
1622,13.516667,0.358976,0.343729,0.700327
1623,13.525000,0.358976,0.343727,0.700328
1624,13.533333,0.358981,0.343721,0.700333
1625,13.541667,0.358975,0.343726,0.700347
1626,13.550000,0.358971,0.343719,0.700360
1627,13.558333,0.358979,0.343715,0.700362
1628,13.566667,0.358978,0.343719,0.700362
1629,13.575000,0.358975,0.343723,0.700357
1630,13.583333,0.358973,0.343721,0.700357
1631,13.591667,0.358975,0.343720,0.700346
1632,13.600000,0.358978,0.343723,0.700334
1633,13.608333,0.358976,0.343731,0.700344
1634,13.616667,0.358980,0.343718,0.700349
1635,13.625000,0.358977,0.343716,0.700362
1636,13.633333,0.358980,0.343713,0.700363
1637,13.641667,0.358978,0.343725,0.700372
1638,13.650000,0.358983,0.343715,0.700366
1639,13.658333,0.358986,0.343716,0.700362
1640,13.666667,0.358983,0.343716,0.700362
1641,13.675000,0.358989,0.343711,0.700330
1642,13.683333,0.358994,0.343717,0.700273
1643,13.691667,0.358980,0.343743,0.700197
1644,13.700000,0.358990,0.343761,0.700133
1645,13.708333,0.358983,0.343765,0.700115
1646,13.716667,0.358983,0.343757,0.700135
1647,13.725000,0.358989,0.343736,0.700198
1648,13.733333,0.358982,0.343717,0.700273
1649,13.741667,0.358987,0.343714,0.700304
1650,13.750000,0.358989,0.343714,0.700290
1651,13.758333,0.358982,0.343730,0.700204
1652,13.766667,0.358983,0.343758,0.700070
1653,13.775000,0.358989,0.343781,0.699932
1654,13.783333,0.358977,0.343794,0.699829
1655,13.791667,0.358982,0.343805,0.699765
1656,13.800000,0.358979,0.343810,0.699779
1657,13.808333,0.358985,0.343797,0.699862
1658,13.816667,0.358985,0.343772,0.699990
1659,13.825000,0.358986,0.343745,0.700135
1660,13.833333,0.358982,0.343716,0.700243
1661,13.841667,0.358986,0.343712,0.700255
1662,13.850000,0.358991,0.343727,0.700182
1663,13.858333,0.358990,0.343766,0.700055
1664,13.866667,0.358980,0.343789,0.699927
1665,13.875000,0.358975,0.343798,0.699843
1666,13.883333,0.358975,0.343800,0.699800
1667,13.891667,0.358983,0.343803,0.699803
1668,13.900000,0.358980,0.343791,0.699826
1669,13.908333,0.358986,0.343781,0.699866
1670,13.916667,0.358979,0.343781,0.699910
1671,13.925000,0.358984,0.343778,0.699929
1672,13.933333,0.358979,0.343773,0.699927
1673,13.941667,0.358985,0.343774,0.699904
1674,13.950000,0.358986,0.343785,0.699869
1675,13.958333,0.358986,0.343790,0.699841
1676,13.966667,0.358978,0.343793,0.699818
1677,13.975000,0.358983,0.343783,0.699786
1678,13.983333,0.358975,0.343791,0.699761
1679,13.991667,0.358978,0.343801,0.699725
1680,14.000000,0.358977,0.343800,0.699697
1681,14.008333,0.358982,0.343811,0.699680
1682,14.016667,0.358973,0.343801,0.699699
1683,14.025000,0.358974,0.343798,0.699733
1684,14.033333,0.358979,0.343796,0.699773
1685,14.041667,0.358974,0.343784,0.699821
1686,14.050000,0.358970,0.343785,0.699862
1687,14.058333,0.358974,0.343779,0.699881
1688,14.066667,0.358976,0.343777,0.699870
1689,14.075000,0.358981,0.343782,0.699858
1690,14.083333,0.358974,0.343792,0.699842
1691,14.091667,0.358974,0.343789,0.699839
1692,14.100000,0.358970,0.343791,0.699855
1693,14.108333,0.358975,0.343776,0.699876
1694,14.116667,0.358977,0.343780,0.699897
1695,14.125000,0.358977,0.343772,0.699897
1696,14.133333,0.358971,0.343777,0.699871
1697,14.141667,0.358977,0.343783,0.699832
1698,14.150000,0.358974,0.343796,0.699783
1699,14.158333,0.358975,0.343796,0.699727
1700,14.166667,0.358969,0.343809,0.699705
1701,14.175000,0.358980,0.343801,0.699712
1702,14.183333,0.358963,0.343803,0.699750
1703,14.191667,0.358969,0.343793,0.699816
1704,14.200000,0.358977,0.343783,0.699898
1705,14.208333,0.358982,0.343765,0.699995
1706,14.216667,0.358976,0.343741,0.700103
1707,14.225000,0.358987,0.343722,0.700179
1708,14.233333,0.358981,0.343723,0.700205
1709,14.241667,0.358985,0.343715,0.700175
1710,14.250000,0.358980,0.343748,0.700078
1711,14.258333,0.358980,0.343775,0.699952
1712,14.266667,0.358981,0.343790,0.699859
1713,14.275000,0.358978,0.343796,0.699811
1714,14.283333,0.358973,0.343798,0.699822
1715,14.291667,0.358979,0.343788,0.699887
1716,14.300000,0.358979,0.343769,0.699960
1717,14.308333,0.358977,0.343760,0.700023
1718,14.316667,0.358976,0.343752,0.700030
1719,14.325000,0.358974,0.343764,0.699966
1720,14.333333,0.358975,0.343780,0.699853
1721,14.341667,0.358969,0.343805,0.699744
1722,14.350000,0.358964,0.343815,0.699661
1723,14.358333,0.358972,0.343822,0.699626
1724,14.366667,0.358973,0.343814,0.699649
1725,14.375000,0.358977,0.343804,0.699718
1726,14.383333,0.358977,0.343789,0.699807
1727,14.391667,0.358979,0.343783,0.699870
1728,14.400000,0.358980,0.343775,0.699891
1729,14.408333,0.358978,0.343779,0.699859
1730,14.416667,0.358980,0.343789,0.699779
1731,14.425000,0.358978,0.343802,0.699688
1732,14.433333,0.358977,0.343817,0.699636
1733,14.441667,0.358977,0.343814,0.699647
1734,14.450000,0.358978,0.343808,0.699703
1735,14.458333,0.358986,0.343788,0.699804
1736,14.466667,0.358986,0.343776,0.699898
1737,14.475000,0.358990,0.343765,0.699956
1738,14.483333,0.358984,0.343755,0.699953
1739,14.491667,0.358982,0.343775,0.699886
1740,14.500000,0.358987,0.343785,0.699787
1741,14.508333,0.358978,0.343815,0.699688
1742,14.516667,0.358979,0.343816,0.699631
1743,14.525000,0.358980,0.343820,0.699646
1744,14.533333,0.358982,0.343803,0.699720
1745,14.541667,0.358983,0.343784,0.699838
1746,14.550000,0.358980,0.343768,0.699947
1747,14.558333,0.358987,0.343758,0.700000
1748,14.566667,0.358987,0.343756,0.699986
1749,14.575000,0.358984,0.343779,0.699899
1750,14.583333,0.358979,0.343792,0.699784
1751,14.591667,0.358978,0.343808,0.699682
1752,14.600000,0.358977,0.343820,0.699625
1753,14.608333,0.358973,0.343825,0.699639
1754,14.616667,0.358981,0.343811,0.699713
1755,14.625000,0.358976,0.343779,0.699832
1756,14.633333,0.358981,0.343769,0.699943
1757,14.641667,0.358988,0.343751,0.700008
1758,14.650000,0.358983,0.343755,0.699991
1759,14.658333,0.358990,0.343770,0.699904
1760,14.666667,0.358985,0.343792,0.699792
1761,14.675000,0.358986,0.343808,0.699674
1762,14.683333,0.358984,0.343820,0.699604
1763,14.691667,0.358979,0.343825,0.699606
1764,14.700000,0.358978,0.343805,0.699674
1765,14.708333,0.358979,0.343796,0.699783
1766,14.716667,0.358985,0.343772,0.699892
1767,14.725000,0.358991,0.343762,0.699960
1768,14.733333,0.358988,0.343761,0.699955
1769,14.741667,0.358984,0.343769,0.699887
1770,14.750000,0.358986,0.343787,0.699782
1771,14.758333,0.358987,0.343806,0.699688
1772,14.766667,0.358984,0.343824,0.699659
1773,14.775000,0.358977,0.343814,0.699695
1774,14.783333,0.358980,0.343793,0.699789
1775,14.791667,0.358979,0.343776,0.699894
1776,14.800000,0.358981,0.343758,0.699990
1777,14.808333,0.358982,0.343739,0.700036
1778,14.816667,0.358982,0.343743,0.699991
1779,14.825000,0.358980,0.343757,0.699904
1780,14.833333,0.358975,0.343769,0.699819
1781,14.841667,0.358962,0.343773,0.699763
1782,14.850000,0.358957,0.343756,0.699777
1783,14.858333,0.358944,0.343749,0.699860
1784,14.866667,0.358939,0.343717,0.699994
1785,14.875000,0.358936,0.343695,0.700117
1786,14.883333,0.358935,0.343693,0.700155
1787,14.891667,0.358930,0.343720,0.700071
1788,14.900000,0.358921,0.343764,0.699912
1789,14.908333,0.358915,0.343795,0.699744
1790,14.916667,0.358914,0.343824,0.699612
1791,14.925000,0.358917,0.343836,0.699587
1792,14.933333,0.358911,0.343823,0.699674
1793,14.941667,0.358909,0.343794,0.699859
1794,14.950000,0.358912,0.343744,0.700092
1795,14.958333,0.358917,0.343693,0.700291
1796,14.966667,0.358912,0.343683,0.700352
1797,14.975000,0.358906,0.343706,0.700274
1798,14.983333,0.358904,0.343749,0.700091
1799,14.991667,0.358901,0.343799,0.699906
1800,15.000000,0.358899,0.343821,0.699810
1801,15.008333,0.358896,0.343828,0.699829
1802,15.016667,0.358904,0.343788,0.699983
1803,15.025000,0.358910,0.343732,0.700244
1804,15.033333,0.358908,0.343683,0.700479
1805,15.041667,0.358912,0.343662,0.700575
1806,15.050000,0.358917,0.343664,0.700549
1807,15.058333,0.358912,0.343691,0.700401
1808,15.066667,0.358907,0.343746,0.700149
1809,15.075000,0.358909,0.343795,0.699933
1810,15.083333,0.358913,0.343815,0.699834
1811,15.091667,0.358915,0.343806,0.699859
1812,15.100000,0.358913,0.343778,0.700018
