Format Version,1.21,Take Name,mineral_water_elore,Capture Frame Rate,120.000000,Export Frame Rate,120.000000,Capture Start Time,2018-11-22 01.25.39 PM,Total Frames in Take,1790,Total Exported Frames,1790,Rotation Type,Quaternion,Length Units,Meters,Coordinate Space,Global

,,Marker,Marker,Marker
,,Unlabeled:5000,Unlabeled:5000,Unlabeled:5000
,,"8392B20CF49E35701388","8392B20CF49E35701388","8392B20CF49E35701388"
,,Position,Position,Position
Frame,Time,X,Y,Z
0,0.000000,0.367809,0.342332,0.723551
1,0.008333,0.367788,0.342411,0.723187
2,0.016667,0.367782,0.342492,0.722836
3,0.025000,0.367778,0.342538,0.722571
4,0.033333,0.367779,0.342565,0.722453
5,0.041667,0.367777,0.342555,0.722521
6,0.050000,0.367786,0.342521,0.722733
7,0.058333,0.367788,0.342450,0.723053
8,0.066667,0.367794,0.342381,0.723396
9,0.075000,0.367808,0.342323,0.723643
10,0.083333,0.367810,0.342312,0.723753
11,0.091667,0.367816,0.342319,0.723709
12,0.100000,0.367805,0.342353,0.723539
13,0.108333,0.367801,0.342404,0.723269
14,0.116667,0.367805,0.342467,0.723014
15,0.125000,0.367812,0.342505,0.722833
16,0.133333,0.367817,0.342518,0.722764
17,0.141667,0.367815,0.342506,0.722827
18,0.150000,0.367826,0.342473,0.722974
19,0.158333,0.367830,0.342426,0.723188
20,0.166667,0.367845,0.342376,0.723388
21,0.175000,0.367858,0.342354,0.723519
22,0.183333,0.367864,0.342342,0.723536
23,0.191667,0.367857,0.342363,0.723434
24,0.200000,0.367865,0.342402,0.723273
25,0.208333,0.367855,0.342448,0.723100
26,0.216667,0.367852,0.342475,0.722965
27,0.225000,0.367857,0.342483,0.722902
28,0.233333,0.367855,0.342481,0.722925
29,0.241667,0.367858,0.342465,0.723027
30,0.250000,0.367866,0.342430,0.723174
31,0.258333,0.367865,0.342391,0.723322
32,0.266667,0.367874,0.342369,0.723430
33,0.275000,0.367865,0.342364,0.723460
34,0.283333,0.367873,0.342375,0.723409
35,0.291667,0.367872,0.342401,0.723292
36,0.300000,0.367860,0.342434,0.723157
37,0.308333,0.367861,0.342450,0.723038
38,0.316667,0.367861,0.342465,0.722963
39,0.325000,0.367855,0.342476,0.722955
40,0.333333,0.367857,0.342474,0.723007
41,0.341667,0.367859,0.342440,0.723103
42,0.350000,0.367863,0.342414,0.723222
43,0.358333,0.367865,0.342397,0.723323
44,0.366667,0.367865,0.342385,0.723376
45,0.375000,0.367867,0.342386,0.723373
46,0.383333,0.367865,0.342397,0.723309
47,0.391667,0.367852,0.342422,0.723225
48,0.400000,0.367854,0.342447,0.723129
49,0.408333,0.367855,0.342456,0.723052
50,0.416667,0.367856,0.342468,0.723036
51,0.425000,0.367850,0.342459,0.723062
52,0.433333,0.367853,0.342437,0.723130
53,0.441667,0.367864,0.342422,0.723208
54,0.450000,0.367862,0.342407,0.723281
55,0.458333,0.367859,0.342400,0.723333
56,0.466667,0.367864,0.342396,0.723346
57,0.475000,0.367871,0.342389,0.723311
58,0.483333,0.367857,0.342420,0.723246
59,0.491667,0.367853,0.342442,0.723173
60,0.500000,0.367854,0.342441,0.723122
61,0.508333,0.367855,0.342442,0.723091
62,0.516667,0.367851,0.342452,0.723105
63,0.525000,0.367852,0.342445,0.723148
64,0.533333,0.367861,0.342421,0.723205
65,0.541667,0.367862,0.342408,0.723267
66,0.550000,0.367858,0.342409,0.723293
67,0.558333,0.367863,0.342405,0.723291
68,0.566667,0.367857,0.342412,0.723262
69,0.575000,0.367851,0.342429,0.723212
70,0.583333,0.367850,0.342447,0.723154
71,0.591667,0.367855,0.342450,0.723105
72,0.600000,0.367843,0.342455,0.723091
73,0.608333,0.367845,0.342459,0.723110
74,0.616667,0.367852,0.342433,0.723155
75,0.625000,0.367857,0.342427,0.723213
76,0.633333,0.367852,0.342426,0.723257
77,0.641667,0.367853,0.342415,0.723286
78,0.650000,0.367857,0.342405,0.723285
79,0.658333,0.367847,0.342421,0.723258
80,0.666667,0.367849,0.342439,0.723201
81,0.675000,0.367849,0.342451,0.723149
82,0.683333,0.367838,0.342461,0.723119
83,0.691667,0.367848,0.342458,0.723104
84,0.700000,0.367843,0.342451,0.723124
85,0.708333,0.367841,0.342447,0.723159
86,0.716667,0.367847,0.342436,0.723226
87,0.725000,0.367845,0.342424,0.723285
88,0.733333,0.367847,0.342412,0.723321
89,0.741667,0.367846,0.342406,0.723335
90,0.750000,0.367845,0.342416,0.723327
91,0.758333,0.367837,0.342429,0.723308
92,0.766667,0.367838,0.342426,0.723287
93,0.775000,0.367840,0.342427,0.723273
94,0.783333,0.367830,0.342437,0.723281
95,0.791667,0.367829,0.342428,0.723311
96,0.800000,0.367833,0.342416,0.723367
97,0.808333,0.367837,0.342408,0.723430
98,0.816667,0.367833,0.342401,0.723495
99,0.825000,0.367834,0.342391,0.723527
100,0.833333,0.367829,0.342388,0.723541
101,0.841667,0.367834,0.342398,0.723524
102,0.850000,0.367832,0.342406,0.723485
103,0.858333,0.367824,0.342416,0.723427
104,0.866667,0.367821,0.342428,0.723378
105,0.875000,0.367827,0.342426,0.723359
106,0.883333,0.367815,0.342432,0.723360
107,0.891667,0.367817,0.342420,0.723388
108,0.900000,0.367815,0.342414,0.723429
109,0.908333,0.367819,0.342410,0.723478
110,0.916667,0.367818,0.342406,0.723519
111,0.925000,0.367814,0.342407,0.723531
112,0.933333,0.367814,0.342408,0.723521
113,0.941667,0.367812,0.342414,0.723490
114,0.950000,0.367811,0.342420,0.723444
115,0.958333,0.367813,0.342425,0.723407
116,0.966667,0.367811,0.342432,0.723377
117,0.975000,0.367805,0.342440,0.723377
118,0.983333,0.367802,0.342434,0.723397
119,0.991667,0.367813,0.342418,0.723423
120,1.000000,0.367811,0.342417,0.723469
121,1.008333,0.367813,0.342413,0.723495
122,1.016667,0.367816,0.342407,0.723514
123,1.025000,0.367809,0.342404,0.723518
124,1.033333,0.367810,0.342411,0.723492
125,1.041667,0.367809,0.342417,0.723460
126,1.050000,0.367812,0.342427,0.723429
127,1.058333,0.367809,0.342427,0.723405
128,1.066667,0.367811,0.342424,0.723396
129,1.075000,0.367808,0.342429,0.723402
130,1.083333,0.367811,0.342431,0.723429
131,1.091667,0.367810,0.342417,0.723462
132,1.100000,0.367811,0.342409,0.723488
133,1.108333,0.367810,0.342407,0.723509
134,1.116667,0.367814,0.342413,0.723506
135,1.125000,0.367824,0.342414,0.723498
136,1.133333,0.367812,0.342419,0.723475
137,1.141667,0.367811,0.342416,0.723443
138,1.150000,0.367821,0.342423,0.723419
139,1.158333,0.367820,0.342419,0.723404
140,1.166667,0.367812,0.342433,0.723412
141,1.175000,0.367815,0.342422,0.723423
142,1.183333,0.367819,0.342413,0.723454
143,1.191667,0.367821,0.342408,0.723475
144,1.200000,0.367825,0.342409,0.723487
145,1.208333,0.367825,0.342401,0.723492
146,1.216667,0.367826,0.342403,0.723492
147,1.225000,0.367827,0.342404,0.723467
148,1.233333,0.367829,0.342409,0.723443
149,1.241667,0.367834,0.342412,0.723423
150,1.250000,0.367830,0.342414,0.723407
151,1.258333,0.367837,0.342412,0.723407
152,1.266667,0.367844,0.342406,0.723419
153,1.275000,0.367846,0.342409,0.723438
154,1.283333,0.367854,0.342403,0.723457
155,1.291667,0.367860,0.342401,0.723470
156,1.300000,0.367857,0.342402,0.723474
157,1.308333,0.367868,0.342399,0.723463
158,1.316667,0.367864,0.342404,0.723445
159,1.325000,0.367862,0.342407,0.723428
160,1.333333,0.367858,0.342411,0.723410
161,1.341667,0.367864,0.342420,0.723401
162,1.350000,0.367865,0.342413,0.723397
163,1.358333,0.367861,0.342405,0.723409
164,1.366667,0.367859,0.342409,0.723421
165,1.375000,0.367862,0.342411,0.723441
166,1.383333,0.367869,0.342400,0.723447
167,1.391667,0.367863,0.342403,0.723457
168,1.400000,0.367866,0.342412,0.723451
169,1.408333,0.367867,0.342405,0.723436
170,1.416667,0.367866,0.342411,0.723428
171,1.425000,0.367872,0.342404,0.723412
172,1.433333,0.367865,0.342410,0.723405
173,1.441667,0.367865,0.342410,0.723408
174,1.450000,0.367865,0.342409,0.723402
175,1.458333,0.367866,0.342411,0.723414
176,1.466667,0.367863,0.342407,0.723431
177,1.475000,0.367867,0.342399,0.723441
178,1.483333,0.367863,0.342401,0.723446
179,1.491667,0.367864,0.342408,0.723447
180,1.500000,0.367870,0.342400,0.723441
181,1.508333,0.367867,0.342400,0.723432
182,1.516667,0.367869,0.342411,0.723417
183,1.525000,0.367867,0.342413,0.723405
184,1.533333,0.367874,0.342410,0.723399
185,1.541667,0.367868,0.342404,0.723405
186,1.550000,0.367867,0.342408,0.723418
187,1.558333,0.367867,0.342407,0.723425
188,1.566667,0.367877,0.342403,0.723439
189,1.575000,0.367875,0.342393,0.723443
190,1.583333,0.367867,0.342403,0.723441
191,1.591667,0.367865,0.342398,0.723438
192,1.600000,0.367870,0.342404,0.723431
193,1.608333,0.367871,0.342404,0.723417
194,1.616667,0.367871,0.342406,0.723415
195,1.625000,0.367861,0.342409,0.723411
196,1.633333,0.367868,0.342406,0.723404
197,1.641667,0.367873,0.342411,0.723416
198,1.650000,0.367868,0.342409,0.723421
199,1.658333,0.367873,0.342395,0.723435
200,1.666667,0.367864,0.342400,0.723444
201,1.675000,0.367870,0.342398,0.723441
202,1.683333,0.367872,0.342405,0.723435
203,1.691667,0.367874,0.342403,0.723428
204,1.700000,0.367872,0.342402,0.723426
205,1.708333,0.367875,0.342401,0.723413
206,1.716667,0.367869,0.342406,0.723409
207,1.725000,0.367869,0.342402,0.723410
208,1.733333,0.367870,0.342400,0.723420
209,1.741667,0.367874,0.342404,0.723420
210,1.750000,0.367870,0.342405,0.723434
211,1.758333,0.367878,0.342400,0.723437
212,1.766667,0.367868,0.342397,0.723434
213,1.775000,0.367874,0.342393,0.723438
214,1.783333,0.367873,0.342409,0.723433
215,1.791667,0.367872,0.342409,0.723420
216,1.800000,0.367870,0.342405,0.723410
217,1.808333,0.367869,0.342400,0.723417
218,1.816667,0.367872,0.342397,0.723418
219,1.825000,0.367877,0.342406,0.723419
220,1.833333,0.367878,0.342402,0.723416
221,1.841667,0.367867,0.342405,0.723429
222,1.850000,0.367866,0.342403,0.723443
223,1.858333,0.367872,0.342402,0.723444
224,1.866667,0.367878,0.342403,0.723434
225,1.875000,0.367873,0.342403,0.723424
226,1.883333,0.367867,0.342408,0.723430
227,1.891667,0.367870,0.342402,0.723423
228,1.900000,0.367876,0.342407,0.723416
229,1.908333,0.367872,0.342412,0.723411
230,1.916667,0.367863,0.342407,0.723420
231,1.925000,0.367872,0.342404,0.723429
232,1.933333,0.367878,0.342399,0.723430
233,1.941667,0.367872,0.342402,0.723434
234,1.950000,0.367872,0.342402,0.723439
235,1.958333,0.367869,0.342401,0.723436
236,1.966667,0.367869,0.342402,0.723430
237,1.975000,0.367872,0.342404,0.723438
238,1.983333,0.367873,0.342405,0.723425
239,1.991667,0.367871,0.342403,0.723422
240,2.000000,0.367868,0.342395,0.723420
241,2.008333,0.367862,0.342412,0.723423
242,2.016667,0.367873,0.342408,0.723429
243,2.025000,0.367873,0.342399,0.723428
244,2.033333,0.367863,0.342397,0.723432
245,2.041667,0.367862,0.342404,0.723435
246,2.050000,0.367873,0.342412,0.723440
247,2.058333,0.367872,0.342407,0.723434
248,2.066667,0.367869,0.342399,0.723426
249,2.075000,0.367867,0.342403,0.723430
250,2.083333,0.367872,0.342402,0.723424
251,2.091667,0.367869,0.342406,0.723417
252,2.100000,0.367867,0.342413,0.723428
253,2.108333,0.367864,0.342408,0.723426
254,2.116667,0.367870,0.342400,0.723432
255,2.125000,0.367873,0.342403,0.723427
256,2.133333,0.367873,0.342410,0.723430
257,2.141667,0.367872,0.342398,0.723437
258,2.150000,0.367868,0.342400,0.723432
259,2.158333,0.367869,0.342407,0.723434
260,2.166667,0.367875,0.342406,0.723429
261,2.175000,0.367873,0.342404,0.723430
262,2.183333,0.367871,0.342406,0.723423
263,2.191667,0.367869,0.342406,0.723422
264,2.200000,0.367865,0.342408,0.723429
265,2.208333,0.367872,0.342406,0.723431
266,2.216667,0.367867,0.342405,0.723435
267,2.225000,0.367867,0.342407,0.723439
268,2.233333,0.367871,0.342401,0.723435
269,2.241667,0.367869,0.342408,0.723433
270,2.250000,0.367872,0.342401,0.723429
271,2.258333,0.367866,0.342408,0.723433
272,2.266667,0.367870,0.342406,0.723427
273,2.275000,0.367863,0.342412,0.723428
274,2.283333,0.367874,0.342405,0.723425
275,2.291667,0.367871,0.342406,0.723426
276,2.300000,0.367865,0.342406,0.723429
277,2.308333,0.367872,0.342403,0.723432
278,2.316667,0.367871,0.342405,0.723432
279,2.325000,0.367868,0.342410,0.723437
280,2.333333,0.367872,0.342409,0.723436
281,2.341667,0.367867,0.342406,0.723432
282,2.350000,0.367868,0.342404,0.723430
283,2.358333,0.367868,0.342406,0.723428
284,2.366667,0.367868,0.342409,0.723428
285,2.375000,0.367868,0.342408,0.723426
286,2.383333,0.367868,0.342401,0.723431
287,2.391667,0.367867,0.342405,0.723431
288,2.400000,0.367868,0.342408,0.723432
289,2.408333,0.367870,0.342406,0.723438
290,2.416667,0.367867,0.342400,0.723440
291,2.425000,0.367867,0.342405,0.723432
292,2.433333,0.367867,0.342405,0.723436
293,2.441667,0.367865,0.342405,0.723437
294,2.450000,0.367873,0.342401,0.723426
295,2.458333,0.367865,0.342408,0.723429
296,2.466667,0.367862,0.342414,0.723431
297,2.475000,0.367861,0.342415,0.723423
298,2.483333,0.367867,0.342402,0.723427
299,2.491667,0.367868,0.342404,0.723434
300,2.500000,0.367862,0.342412,0.723427
301,2.508333,0.367863,0.342406,0.723436
302,2.516667,0.367868,0.342402,0.723431
303,2.525000,0.367869,0.342407,0.723434
304,2.533333,0.367866,0.342411,0.723435
305,2.541667,0.367861,0.342409,0.723431
306,2.550000,0.367865,0.342406,0.723431
307,2.558333,0.367872,0.342401,0.723428
308,2.566667,0.367864,0.342409,0.723437
309,2.575000,0.367867,0.342403,0.723432
310,2.583333,0.367866,0.342409,0.723435
311,2.591667,0.367866,0.342409,0.723432
312,2.600000,0.367867,0.342407,0.723436
313,2.608333,0.367867,0.342402,0.723433
314,2.616667,0.367868,0.342404,0.723433
315,2.625000,0.367861,0.342410,0.723434
316,2.633333,0.367866,0.342408,0.723433
317,2.641667,0.367868,0.342408,0.723431
318,2.650000,0.367861,0.342407,0.723432
319,2.658333,0.367863,0.342407,0.723435
320,2.666667,0.367869,0.342402,0.723424
321,2.675000,0.367875,0.342402,0.723426
322,2.683333,0.367863,0.342411,0.723435
323,2.691667,0.367862,0.342407,0.723438
324,2.700000,0.367863,0.342402,0.723436
325,2.708333,0.367865,0.342409,0.723434
326,2.716667,0.367870,0.342410,0.723434
327,2.725000,0.367873,0.342402,0.723433
328,2.733333,0.367872,0.342401,0.723431
329,2.741667,0.367868,0.342407,0.723434
330,2.750000,0.367870,0.342402,0.723433
331,2.758333,0.367869,0.342411,0.723433
332,2.766667,0.367872,0.342402,0.723434
333,2.775000,0.367867,0.342408,0.723436
334,2.783333,0.367869,0.342400,0.723432
335,2.791667,0.367869,0.342401,0.723438
336,2.800000,0.367865,0.342403,0.723442
337,2.808333,0.367872,0.342402,0.723433
338,2.816667,0.367869,0.342403,0.723435
339,2.825000,0.367869,0.342408,0.723428
340,2.833333,0.367868,0.342400,0.723428
341,2.841667,0.367862,0.342408,0.723434
342,2.850000,0.367865,0.342401,0.723430
343,2.858333,0.367864,0.342407,0.723433
344,2.866667,0.367864,0.342408,0.723435
345,2.875000,0.367872,0.342400,0.723435
346,2.883333,0.367869,0.342409,0.723433
347,2.891667,0.367871,0.342401,0.723430
348,2.900000,0.367870,0.342404,0.723435
349,2.908333,0.367861,0.342410,0.723435
350,2.916667,0.367867,0.342404,0.723430
351,2.925000,0.367866,0.342401,0.723429
352,2.933333,0.367870,0.342406,0.723426
353,2.941667,0.367875,0.342410,0.723437
354,2.950000,0.367870,0.342403,0.723436
355,2.958333,0.367868,0.342403,0.723438
356,2.966667,0.367865,0.342411,0.723436
357,2.975000,0.367866,0.342405,0.723435
358,2.983333,0.367865,0.342406,0.723435
359,2.991667,0.367873,0.342402,0.723430
360,3.000000,0.367867,0.342408,0.723436
361,3.008333,0.367865,0.342402,0.723433
362,3.016667,0.367865,0.342399,0.723431
363,3.025000,0.367867,0.342408,0.723436
364,3.033333,0.367876,0.342412,0.723434
365,3.041667,0.367869,0.342413,0.723431
366,3.050000,0.367865,0.342401,0.723430
367,3.058333,0.367862,0.342406,0.723436
368,3.066667,0.367865,0.342410,0.723440
369,3.075000,0.367872,0.342409,0.723435
370,3.083333,0.367864,0.342407,0.723432
371,3.091667,0.367857,0.342408,0.723435
372,3.100000,0.367865,0.342403,0.723441
373,3.108333,0.367874,0.342403,0.723430
374,3.116667,0.367870,0.342408,0.723434
375,3.125000,0.367862,0.342408,0.723437
376,3.133333,0.367865,0.342408,0.723435
377,3.141667,0.367870,0.342406,0.723432
378,3.150000,0.367872,0.342411,0.723436
379,3.158333,0.367868,0.342403,0.723441
380,3.166667,0.367863,0.342399,0.723436
381,3.175000,0.367868,0.342401,0.723434
382,3.183333,0.367873,0.342414,0.723430
383,3.191667,0.367873,0.342408,0.723434
384,3.200000,0.367863,0.342402,0.723431
385,3.208333,0.367860,0.342396,0.723434
386,3.216667,0.367874,0.342403,0.723433
387,3.225000,0.367873,0.342411,0.723438
388,3.233333,0.367874,0.342403,0.723435
389,3.241667,0.367863,0.342409,0.723440
390,3.250000,0.367868,0.342398,0.723444
391,3.258333,0.367872,0.342411,0.723433
392,3.266667,0.367874,0.342404,0.723438
393,3.275000,0.367870,0.342404,0.723441
394,3.283333,0.367861,0.342413,0.723442
395,3.291667,0.367875,0.342403,0.723434
396,3.300000,0.367875,0.342408,0.723432
397,3.308333,0.367875,0.342403,0.723442
398,3.316667,0.367869,0.342404,0.723439
399,3.325000,0.367877,0.342395,0.723434
400,3.333333,0.367869,0.342407,0.723430
401,3.341667,0.367869,0.342411,0.723435
402,3.350000,0.367871,0.342400,0.723438
403,3.358333,0.367874,0.342396,0.723431
404,3.366667,0.367873,0.342402,0.723432
405,3.375000,0.367863,0.342414,0.723436
406,3.383333,0.367873,0.342400,0.723438
407,3.391667,0.367873,0.342404,0.723436
408,3.400000,0.367875,0.342402,0.723435
409,3.408333,0.367876,0.342407,0.723435
410,3.416667,0.367873,0.342399,0.723434
411,3.425000,0.367870,0.342400,0.723437
412,3.433333,0.367867,0.342404,0.723445
413,3.441667,0.367876,0.342406,0.723442
414,3.450000,0.367873,0.342398,0.723435
415,3.458333,0.367878,0.342389,0.723432
416,3.466667,0.367864,0.342402,0.723438
417,3.475000,0.367869,0.342395,0.723445
418,3.483333,0.367875,0.342395,0.723436
419,3.491667,0.367862,0.342400,0.723438
420,3.500000,0.367860,0.342405,0.723443
421,3.508333,0.367867,0.342399,0.723442
422,3.516667,0.367873,0.342394,0.723438
423,3.525000,0.367872,0.342397,0.723433
424,3.533333,0.367857,0.342411,0.723436
425,3.541667,0.367864,0.342401,0.723437
426,3.550000,0.367870,0.342397,0.723433
427,3.558333,0.367862,0.342401,0.723436
428,3.566667,0.367853,0.342412,0.723431
429,3.575000,0.367853,0.342404,0.723441
430,3.583333,0.367859,0.342389,0.723428
431,3.591667,0.367859,0.342398,0.723428
432,3.600000,0.367855,0.342404,0.723429
433,3.608333,0.367847,0.342405,0.723428
434,3.616667,0.367844,0.342398,0.723432
435,3.625000,0.367838,0.342400,0.723436
436,3.633333,0.367836,0.342402,0.723446
437,3.641667,0.367836,0.342407,0.723435
438,3.650000,0.367836,0.342399,0.723428
439,3.658333,0.367835,0.342402,0.723434
440,3.666667,0.367834,0.342402,0.723443
441,3.675000,0.367831,0.342404,0.723439
442,3.683333,0.367829,0.342397,0.723433
443,3.691667,0.367825,0.342406,0.723435
444,3.700000,0.367821,0.342414,0.723444
445,3.708333,0.367821,0.342403,0.723439
446,3.716667,0.367820,0.342401,0.723437
447,3.725000,0.367819,0.342406,0.723435
448,3.733333,0.367819,0.342411,0.723441
449,3.741667,0.367815,0.342403,0.723446
450,3.750000,0.367806,0.342403,0.723444
451,3.758333,0.367800,0.342410,0.723441
452,3.766667,0.367812,0.342413,0.723452
453,3.775000,0.367810,0.342403,0.723445
454,3.783333,0.367804,0.342403,0.723454
455,3.791667,0.367804,0.342404,0.723457
456,3.800000,0.367808,0.342405,0.723446
457,3.808333,0.367808,0.342404,0.723445
458,3.816667,0.367795,0.342408,0.723449
459,3.825000,0.367795,0.342413,0.723446
460,3.833333,0.367791,0.342410,0.723440
461,3.841667,0.367797,0.342417,0.723442
462,3.850000,0.367794,0.342417,0.723439
463,3.858333,0.367793,0.342412,0.723446
464,3.866667,0.367796,0.342400,0.723455
465,3.875000,0.367793,0.342402,0.723454
466,3.883333,0.367796,0.342405,0.723457
467,3.891667,0.367794,0.342405,0.723464
468,3.900000,0.367792,0.342399,0.723460
469,3.908333,0.367786,0.342407,0.723457
470,3.916667,0.367793,0.342411,0.723445
471,3.925000,0.367790,0.342411,0.723439
472,3.933333,0.367786,0.342399,0.723439
473,3.941667,0.367789,0.342407,0.723439
474,3.950000,0.367790,0.342408,0.723448
475,3.958333,0.367790,0.342409,0.723449
476,3.966667,0.367788,0.342407,0.723458
477,3.975000,0.367785,0.342401,0.723458
478,3.983333,0.367793,0.342397,0.723462
479,3.991667,0.367788,0.342409,0.723461
480,4.000000,0.367790,0.342407,0.723456
481,4.008333,0.367786,0.342402,0.723459
482,4.016667,0.367787,0.342396,0.723455
483,4.025000,0.367787,0.342405,0.723449
484,4.033333,0.367785,0.342404,0.723447
485,4.041667,0.367788,0.342406,0.723449
486,4.050000,0.367790,0.342400,0.723454
487,4.058333,0.367786,0.342399,0.723458
488,4.066667,0.367790,0.342405,0.723456
489,4.075000,0.367784,0.342398,0.723465
490,4.083333,0.367786,0.342398,0.723461
491,4.091667,0.367786,0.342394,0.723452
492,4.100000,0.367789,0.342389,0.723452
493,4.108333,0.367785,0.342400,0.723453
494,4.116667,0.367784,0.342393,0.723462
495,4.125000,0.367787,0.342388,0.723466
496,4.133333,0.367786,0.342389,0.723464
497,4.141667,0.367794,0.342389,0.723465
498,4.150000,0.367784,0.342388,0.723470
499,4.158333,0.367781,0.342389,0.723477
500,4.166667,0.367781,0.342391,0.723472
501,4.175000,0.367788,0.342388,0.723475
502,4.183333,0.367780,0.342397,0.723466
503,4.191667,0.367781,0.342390,0.723464
504,4.200000,0.367776,0.342391,0.723466
505,4.208333,0.367785,0.342388,0.723468
506,4.216667,0.367780,0.342393,0.723472
507,4.225000,0.367777,0.342391,0.723470
508,4.233333,0.367771,0.342391,0.723477
509,4.241667,0.367784,0.342383,0.723478
510,4.250000,0.367774,0.342388,0.723483
511,4.258333,0.367777,0.342389,0.723482
512,4.266667,0.367768,0.342393,0.723483
513,4.275000,0.367775,0.342385,0.723475
514,4.283333,0.367774,0.342388,0.723480
515,4.291667,0.367775,0.342388,0.723473
516,4.300000,0.367770,0.342389,0.723483
517,4.308333,0.367767,0.342383,0.723480
518,4.316667,0.367774,0.342386,0.723492
519,4.325000,0.367772,0.342388,0.723491
520,4.333333,0.367774,0.342383,0.723498
521,4.341667,0.367769,0.342382,0.723507
522,4.350000,0.367769,0.342379,0.723506
523,4.358333,0.367766,0.342391,0.723504
524,4.366667,0.367758,0.342386,0.723503
525,4.375000,0.367763,0.342381,0.723503
526,4.383333,0.367765,0.342378,0.723507
527,4.391667,0.367763,0.342392,0.723508
528,4.400000,0.367763,0.342388,0.723514
529,4.408333,0.367762,0.342380,0.723516
530,4.416667,0.367762,0.342373,0.723521
531,4.425000,0.367774,0.342379,0.723514
532,4.433333,0.367767,0.342394,0.723514
533,4.441667,0.367767,0.342391,0.723518
534,4.450000,0.367764,0.342377,0.723518
535,4.458333,0.367755,0.342388,0.723522
536,4.466667,0.367758,0.342394,0.723523
537,4.475000,0.367757,0.342393,0.723526
538,4.483333,0.367759,0.342380,0.723536
539,4.491667,0.367746,0.342385,0.723546
540,4.500000,0.367745,0.342386,0.723567
541,4.508333,0.367752,0.342401,0.723582
542,4.516667,0.367754,0.342395,0.723613
543,4.525000,0.367751,0.342403,0.723656
544,4.533333,0.367748,0.342417,0.723704
545,4.541667,0.367756,0.342423,0.723775
546,4.550000,0.367772,0.342428,0.723875
547,4.558333,0.367785,0.342449,0.723994
548,4.566667,0.367788,0.342457,0.724134
549,4.575000,0.367801,0.342469,0.724315
550,4.583333,0.367819,0.342468,0.724539
551,4.591667,0.367811,0.342460,0.724836
552,4.600000,0.367805,0.342428,0.725153
553,4.608333,0.367819,0.342413,0.725476
554,4.616667,0.367833,0.342396,0.725866
555,4.625000,0.367861,0.342383,0.726247
556,4.633333,0.367874,0.342395,0.726582
557,4.641667,0.367873,0.342391,0.726975
558,4.650000,0.367888,0.342420,0.727314
559,4.658333,0.367904,0.342438,0.727653
560,4.666667,0.367911,0.342431,0.728037
561,4.675000,0.367950,0.342425,0.728460
562,4.683333,0.367955,0.342427,0.728908
563,4.691667,0.367964,0.342450,0.729436
564,4.700000,0.367939,0.342426,0.729967
565,4.708333,0.367960,0.342403,0.730529
566,4.716667,0.367957,0.342382,0.731051
567,4.725000,0.367953,0.342362,0.731552
568,4.733333,0.367960,0.342387,0.732013
569,4.741667,0.367962,0.342407,0.732439
570,4.750000,0.367962,0.342420,0.732886
571,4.758333,0.367981,0.342435,0.733293
572,4.766667,0.367981,0.342429,0.733726
573,4.775000,0.367981,0.342429,0.734205
574,4.783333,0.367966,0.342434,0.734689
575,4.791667,0.367952,0.342447,0.735265
576,4.800000,0.367949,0.342420,0.735784
577,4.808333,0.367955,0.342398,0.736354
578,4.816667,0.367964,0.342396,0.736860
579,4.825000,0.367946,0.342396,0.737378
580,4.833333,0.367938,0.342430,0.737892
581,4.841667,0.367949,0.342425,0.738352
582,4.850000,0.367946,0.342436,0.738810
583,4.858333,0.367935,0.342428,0.739253
584,4.866667,0.367945,0.342432,0.739741
585,4.875000,0.367934,0.342428,0.740270
586,4.883333,0.367933,0.342420,0.740793
587,4.891667,0.367934,0.342433,0.741344
588,4.900000,0.367946,0.342416,0.741871
589,4.908333,0.367962,0.342398,0.742411
590,4.916667,0.367953,0.342413,0.742951
591,4.925000,0.367935,0.342427,0.743517
592,4.933333,0.367921,0.342426,0.744021
593,4.941667,0.367908,0.342406,0.744581
594,4.950000,0.367904,0.342416,0.745079
595,4.958333,0.367891,0.342398,0.745643
596,4.966667,0.367890,0.342430,0.746154
597,4.975000,0.367881,0.342439,0.746707
598,4.983333,0.367896,0.342441,0.747257
599,4.991667,0.367917,0.342424,0.747812
600,5.000000,0.367902,0.342406,0.748421
601,5.008333,0.367871,0.342440,0.749027
602,5.016667,0.367860,0.342434,0.749650
603,5.025000,0.367873,0.342401,0.750292
604,5.033333,0.367882,0.342410,0.750876
605,5.041667,0.367876,0.342406,0.751493
606,5.050000,0.367875,0.342438,0.752074
607,5.058333,0.367876,0.342436,0.752657
608,5.066667,0.367848,0.342417,0.753216
609,5.075000,0.367836,0.342403,0.753848
610,5.083333,0.367829,0.342439,0.754412
611,5.091667,0.367818,0.342418,0.755010
612,5.100000,0.367830,0.342422,0.755557
613,5.108333,0.367829,0.342417,0.756146
614,5.116667,0.367833,0.342417,0.756702
615,5.125000,0.367837,0.342428,0.757286
616,5.133333,0.367823,0.342427,0.757840
617,5.141667,0.367806,0.342409,0.758438
618,5.150000,0.367801,0.342417,0.758955
619,5.158333,0.367788,0.342403,0.759519
620,5.166667,0.367787,0.342442,0.760036
621,5.175000,0.367775,0.342458,0.760583
622,5.183333,0.367777,0.342451,0.761143
623,5.191667,0.367807,0.342430,0.761717
624,5.200000,0.367796,0.342402,0.762329
625,5.208333,0.367764,0.342412,0.762938
626,5.216667,0.367761,0.342411,0.763494
627,5.225000,0.367741,0.342388,0.764002
628,5.233333,0.367726,0.342408,0.764467
629,5.241667,0.367726,0.342422,0.764890
630,5.250000,0.367718,0.342447,0.765324
631,5.258333,0.367709,0.342446,0.765766
632,5.266667,0.367711,0.342485,0.766222
633,5.275000,0.367714,0.342455,0.766757
634,5.283333,0.367721,0.342422,0.767231
635,5.291667,0.367704,0.342384,0.767806
636,5.300000,0.367696,0.342409,0.768305
637,5.308333,0.367677,0.342426,0.768821
638,5.316667,0.367694,0.342428,0.769257
639,5.325000,0.367687,0.342439,0.769685
640,5.333333,0.367695,0.342446,0.770121
641,5.341667,0.367683,0.342454,0.770555
642,5.350000,0.367702,0.342465,0.771046
643,5.358333,0.367690,0.342466,0.771556
644,5.366667,0.367683,0.342448,0.772110
645,5.375000,0.367681,0.342432,0.772656
646,5.383333,0.367671,0.342396,0.773186
647,5.391667,0.367661,0.342412,0.773697
648,5.400000,0.367645,0.342429,0.774168
649,5.408333,0.367629,0.342457,0.774614
650,5.416667,0.367630,0.342452,0.775035
651,5.425000,0.367651,0.342482,0.775425
652,5.433333,0.367679,0.342480,0.775905
653,5.441667,0.367694,0.342475,0.776358
654,5.450000,0.367677,0.342481,0.776960
655,5.458333,0.367683,0.342502,0.777544
656,5.466667,0.367691,0.342466,0.778180
657,5.475000,0.367678,0.342446,0.778813
658,5.483333,0.367663,0.342436,0.779450
659,5.491667,0.367635,0.342459,0.780015
660,5.500000,0.367619,0.342448,0.780606
661,5.508333,0.367625,0.342460,0.781086
662,5.516667,0.367648,0.342452,0.781622
663,5.525000,0.367650,0.342457,0.782104
664,5.533333,0.367638,0.342484,0.782652
665,5.541667,0.367626,0.342497,0.783194
666,5.550000,0.367625,0.342502,0.783762
667,5.558333,0.367603,0.342483,0.784339
668,5.566667,0.367615,0.342476,0.784964
669,5.575000,0.367585,0.342491,0.785547
670,5.583333,0.367612,0.342474,0.786201
671,5.591667,0.367623,0.342477,0.786778
672,5.600000,0.367626,0.342471,0.787382
673,5.608333,0.367626,0.342479,0.787977
674,5.616667,0.367615,0.342481,0.788620
675,5.625000,0.367602,0.342486,0.789210
676,5.633333,0.367593,0.342474,0.789862
677,5.641667,0.367600,0.342448,0.790484
678,5.650000,0.367620,0.342450,0.791092
679,5.658333,0.367602,0.342463,0.791723
680,5.666667,0.367612,0.342476,0.792300
681,5.675000,0.367609,0.342483,0.792873
682,5.683333,0.367585,0.342458,0.793451
683,5.691667,0.367579,0.342463,0.794052
684,5.700000,0.367558,0.342497,0.794618
685,5.708333,0.367543,0.342490,0.795235
686,5.716667,0.367560,0.342484,0.795821
687,5.725000,0.367568,0.342466,0.796460
688,5.733333,0.367564,0.342464,0.797096
689,5.741667,0.367533,0.342482,0.797760
690,5.750000,0.367520,0.342490,0.798345
691,5.758333,0.367518,0.342461,0.798982
692,5.766667,0.367489,0.342449,0.799612
693,5.775000,0.367491,0.342478,0.800214
694,5.783333,0.367478,0.342491,0.800819
695,5.791667,0.367508,0.342477,0.801398
696,5.800000,0.367534,0.342473,0.801977
697,5.808333,0.367522,0.342455,0.802548
698,5.816667,0.367510,0.342471,0.803129
699,5.825000,0.367483,0.342511,0.803667
700,5.833333,0.367464,0.342495,0.804247
701,5.841667,0.367452,0.342490,0.804810
702,5.850000,0.367440,0.342503,0.805409
703,5.858333,0.367434,0.342510,0.806004
704,5.866667,0.367443,0.342521,0.806620
705,5.875000,0.367461,0.342490,0.807202
706,5.883333,0.367450,0.342475,0.807818
707,5.891667,0.367446,0.342485,0.808364
708,5.900000,0.367427,0.342496,0.808959
709,5.908333,0.367405,0.342513,0.809522
710,5.916667,0.367382,0.342513,0.810099
711,5.925000,0.367378,0.342490,0.810666
712,5.933333,0.367386,0.342494,0.811255
713,5.941667,0.367391,0.342508,0.811788
714,5.950000,0.367395,0.342506,0.812379
715,5.958333,0.367401,0.342521,0.812856
716,5.966667,0.367403,0.342507,0.813363
717,5.975000,0.367401,0.342535,0.813849
718,5.983333,0.367387,0.342551,0.814368
719,5.991667,0.367362,0.342559,0.814928
720,6.000000,0.367362,0.342563,0.815488
721,6.008333,0.367343,0.342538,0.816098
722,6.016667,0.367341,0.342513,0.816707
723,6.025000,0.367345,0.342507,0.817312
724,6.033333,0.367347,0.342492,0.817906
725,6.041667,0.367334,0.342519,0.818451
726,6.050000,0.367330,0.342521,0.818956
727,6.058333,0.367334,0.342505,0.819431
728,6.066667,0.367323,0.342533,0.819845
729,6.075000,0.367314,0.342550,0.820331
730,6.083333,0.367295,0.342566,0.820771
731,6.091667,0.367281,0.342559,0.821312
732,6.100000,0.367305,0.342566,0.821830
733,6.108333,0.367325,0.342536,0.822396
734,6.116667,0.367359,0.342531,0.822960
735,6.125000,0.367371,0.342530,0.823530
736,6.133333,0.367343,0.342526,0.824087
737,6.141667,0.367334,0.342537,0.824610
738,6.150000,0.367297,0.342535,0.825124
739,6.158333,0.367292,0.342532,0.825588
740,6.166667,0.367290,0.342550,0.826086
741,6.175000,0.367282,0.342565,0.826570
742,6.183333,0.367278,0.342570,0.827075
743,6.191667,0.367286,0.342575,0.827589
744,6.200000,0.367311,0.342561,0.828133
745,6.208333,0.367305,0.342539,0.828691
746,6.216667,0.367319,0.342541,0.829272
747,6.225000,0.367302,0.342539,0.829797
748,6.233333,0.367286,0.342535,0.830374
749,6.241667,0.367268,0.342553,0.830895
750,6.250000,0.367271,0.342542,0.831442
751,6.258333,0.367265,0.342555,0.831972
752,6.266667,0.367260,0.342561,0.832522
753,6.275000,0.367258,0.342561,0.833078
754,6.283333,0.367269,0.342577,0.833600
755,6.291667,0.367265,0.342565,0.834136
756,6.300000,0.367258,0.342551,0.834664
757,6.308333,0.367253,0.342576,0.835215
758,6.316667,0.367236,0.342570,0.835789
759,6.325000,0.367226,0.342586,0.836376
760,6.333333,0.367237,0.342577,0.837004
761,6.341667,0.367244,0.342531,0.837617
762,6.350000,0.367255,0.342531,0.838240
763,6.358333,0.367240,0.342544,0.838807
764,6.366667,0.367222,0.342544,0.839375
765,6.375000,0.367211,0.342559,0.839867
766,6.383333,0.367214,0.342548,0.840373
767,6.391667,0.367202,0.342570,0.840863
768,6.400000,0.367195,0.342586,0.841355
769,6.408333,0.367175,0.342584,0.841885
770,6.416667,0.367178,0.342596,0.842411
771,6.425000,0.367189,0.342583,0.843003
772,6.433333,0.367190,0.342570,0.843554
773,6.441667,0.367191,0.342556,0.844151
774,6.450000,0.367195,0.342568,0.844748
775,6.458333,0.367179,0.342568,0.845333
776,6.466667,0.367159,0.342585,0.845906
777,6.475000,0.367143,0.342568,0.846473
778,6.483333,0.367144,0.342580,0.846991
779,6.491667,0.367137,0.342585,0.847560
780,6.500000,0.367150,0.342587,0.848088
781,6.508333,0.367156,0.342599,0.848616
782,6.516667,0.367168,0.342591,0.849153
783,6.525000,0.367183,0.342584,0.849687
784,6.533333,0.367180,0.342604,0.850245
785,6.541667,0.367170,0.342598,0.850833
786,6.550000,0.367146,0.342598,0.851400
787,6.558333,0.367115,0.342608,0.852049
788,6.566667,0.367088,0.342587,0.852680
789,6.575000,0.367079,0.342578,0.853305
790,6.583333,0.367088,0.342564,0.853928
791,6.591667,0.367066,0.342574,0.854507
792,6.600000,0.367086,0.342585,0.855035
793,6.608333,0.367090,0.342563,0.855516
794,6.616667,0.367080,0.342586,0.855956
795,6.625000,0.367071,0.342614,0.856428
796,6.633333,0.367052,0.342633,0.856876
797,6.641667,0.367046,0.342633,0.857421
798,6.650000,0.367029,0.342647,0.858012
799,6.658333,0.367027,0.342641,0.858653
800,6.666667,0.367040,0.342624,0.859328
801,6.675000,0.367037,0.342592,0.860036
802,6.683333,0.367034,0.342571,0.860725
803,6.691667,0.367025,0.342580,0.861348
804,6.700000,0.367025,0.342569,0.861938
805,6.708333,0.367021,0.342574,0.862487
806,6.716667,0.367016,0.342592,0.862966
807,6.725000,0.367003,0.342598,0.863443
808,6.733333,0.367010,0.342658,0.863902
809,6.741667,0.367032,0.342646,0.864423
810,6.750000,0.367054,0.342628,0.864965
811,6.758333,0.367068,0.342620,0.865558
812,6.766667,0.367078,0.342615,0.866190
813,6.775000,0.367067,0.342604,0.866791
814,6.783333,0.367038,0.342608,0.867393
815,6.791667,0.367023,0.342581,0.867957
816,6.800000,0.366999,0.342609,0.868504
817,6.808333,0.366975,0.342615,0.868983
818,6.816667,0.366964,0.342626,0.869490
819,6.825000,0.366983,0.342643,0.869990
820,6.833333,0.366967,0.342641,0.870535
821,6.841667,0.366965,0.342631,0.871073
822,6.850000,0.366967,0.342636,0.871648
823,6.858333,0.366977,0.342615,0.872251
824,6.866667,0.366966,0.342610,0.872831
825,6.875000,0.366951,0.342595,0.873397
826,6.883333,0.366931,0.342583,0.873925
827,6.891667,0.366927,0.342612,0.874387
828,6.900000,0.366918,0.342618,0.874816
829,6.908333,0.366907,0.342638,0.875246
830,6.916667,0.366909,0.342658,0.875681
831,6.925000,0.366918,0.342682,0.876168
832,6.933333,0.366915,0.342661,0.876702
833,6.941667,0.366928,0.342638,0.877269
834,6.950000,0.366931,0.342614,0.877848
835,6.958333,0.366913,0.342601,0.878420
836,6.966667,0.366903,0.342600,0.878930
837,6.975000,0.366886,0.342597,0.879427
838,6.983333,0.366872,0.342615,0.879882
839,6.991667,0.366863,0.342626,0.880296
840,7.000000,0.366876,0.342644,0.880707
841,7.008333,0.366859,0.342645,0.881140
842,7.016667,0.366861,0.342649,0.881593
843,7.025000,0.366859,0.342647,0.882107
844,7.033333,0.366853,0.342639,0.882590
845,7.041667,0.366853,0.342628,0.883122
846,7.050000,0.366868,0.342605,0.883608
847,7.058333,0.366862,0.342603,0.884054
848,7.066667,0.366851,0.342612,0.884454
849,7.075000,0.366849,0.342638,0.884827
850,7.083333,0.366839,0.342657,0.885176
851,7.091667,0.366806,0.342660,0.885552
852,7.100000,0.366802,0.342690,0.885945
853,7.108333,0.366810,0.342684,0.886404
854,7.116667,0.366791,0.342683,0.886875
855,7.125000,0.366788,0.342661,0.887417
856,7.133333,0.366794,0.342660,0.887973
857,7.141667,0.366800,0.342641,0.888515
858,7.150000,0.366789,0.342621,0.889043
859,7.158333,0.366792,0.342645,0.889551
860,7.166667,0.366767,0.342645,0.890023
861,7.175000,0.366765,0.342662,0.890449
862,7.183333,0.366754,0.342670,0.890915
863,7.191667,0.366725,0.342696,0.891355
864,7.200000,0.366736,0.342691,0.891866
865,7.208333,0.366750,0.342695,0.892380
866,7.216667,0.366749,0.342682,0.892918
867,7.225000,0.366740,0.342676,0.893490
868,7.233333,0.366760,0.342672,0.894071
869,7.241667,0.366762,0.342663,0.894626
870,7.250000,0.366756,0.342656,0.895185
871,7.258333,0.366737,0.342682,0.895695
872,7.266667,0.366724,0.342679,0.896239
873,7.275000,0.366725,0.342685,0.896774
874,7.283333,0.366728,0.342691,0.897314
875,7.291667,0.366718,0.342697,0.897866
876,7.300000,0.366729,0.342701,0.898439
877,7.308333,0.366720,0.342680,0.899023
878,7.316667,0.366732,0.342665,0.899633
879,7.325000,0.366727,0.342672,0.900211
880,7.333333,0.366729,0.342662,0.900782
881,7.341667,0.366724,0.342658,0.901307
882,7.350000,0.366707,0.342670,0.901804
883,7.358333,0.366696,0.342699,0.902287
884,7.366667,0.366701,0.342729,0.902772
885,7.375000,0.366702,0.342717,0.903287
886,7.383333,0.366699,0.342721,0.903868
887,7.391667,0.366705,0.342729,0.904461
888,7.400000,0.366698,0.342708,0.905107
889,7.408333,0.366700,0.342684,0.905772
890,7.416667,0.366693,0.342668,0.906426
891,7.425000,0.366677,0.342674,0.907034
892,7.433333,0.366668,0.342657,0.907591
893,7.441667,0.366664,0.342668,0.908072
894,7.450000,0.366660,0.342690,0.908557
895,7.458333,0.366660,0.342715,0.908990
896,7.466667,0.366646,0.342729,0.909457
897,7.475000,0.366647,0.342730,0.909970
898,7.483333,0.366654,0.342725,0.910526
899,7.491667,0.366650,0.342696,0.911111
900,7.500000,0.366654,0.342683,0.911703
901,7.508333,0.366644,0.342688,0.912230
902,7.516667,0.366646,0.342680,0.912782
903,7.525000,0.366625,0.342687,0.913265
904,7.533333,0.366606,0.342686,0.913715
905,7.541667,0.366602,0.342712,0.914130
906,7.550000,0.366615,0.342736,0.914549
907,7.558333,0.366608,0.342743,0.914981
908,7.566667,0.366598,0.342727,0.915454
909,7.575000,0.366605,0.342740,0.915974
910,7.583333,0.366593,0.342733,0.916490
911,7.591667,0.366597,0.342704,0.917032
912,7.600000,0.366600,0.342684,0.917525
913,7.608333,0.366607,0.342678,0.917999
914,7.616667,0.366595,0.342702,0.918400
915,7.625000,0.366579,0.342712,0.918770
916,7.633333,0.366571,0.342729,0.919119
917,7.641667,0.366553,0.342750,0.919469
918,7.650000,0.366550,0.342749,0.919817
919,7.658333,0.366553,0.342761,0.920194
920,7.666667,0.366547,0.342769,0.920629
921,7.675000,0.366525,0.342768,0.921103
922,7.683333,0.366527,0.342739,0.921629
923,7.691667,0.366513,0.342726,0.922130
924,7.700000,0.366507,0.342731,0.922638
925,7.708333,0.366495,0.342726,0.923110
926,7.716667,0.366503,0.342729,0.923540
927,7.725000,0.366506,0.342722,0.923930
928,7.733333,0.366505,0.342737,0.924289
929,7.741667,0.366499,0.342775,0.924659
930,7.750000,0.366485,0.342786,0.925060
931,7.758333,0.366467,0.342796,0.925486
932,7.766667,0.366479,0.342775,0.925968
933,7.775000,0.366476,0.342759,0.926458
934,7.783333,0.366476,0.342750,0.926955
935,7.791667,0.366472,0.342749,0.927447
936,7.800000,0.366472,0.342756,0.927925
937,7.808333,0.366467,0.342756,0.928389
938,7.816667,0.366482,0.342757,0.928820
939,7.825000,0.366490,0.342769,0.929275
940,7.833333,0.366480,0.342776,0.929692
941,7.841667,0.366484,0.342772,0.930141
942,7.850000,0.366478,0.342775,0.930577
943,7.858333,0.366489,0.342772,0.931051
944,7.866667,0.366485,0.342780,0.931519
945,7.875000,0.366492,0.342779,0.931992
946,7.883333,0.366486,0.342776,0.932472
947,7.891667,0.366483,0.342757,0.932945
948,7.900000,0.366482,0.342759,0.933421
949,7.908333,0.366488,0.342765,0.933874
950,7.916667,0.366463,0.342760,0.934307
951,7.925000,0.366454,0.342777,0.934752
952,7.933333,0.366433,0.342809,0.935193
953,7.941667,0.366437,0.342809,0.935661
954,7.950000,0.366430,0.342803,0.936159
955,7.958333,0.366425,0.342807,0.936680
956,7.966667,0.366419,0.342782,0.937218
957,7.975000,0.366442,0.342767,0.937752
958,7.983333,0.366436,0.342777,0.938253
959,7.991667,0.366437,0.342769,0.938723
960,8.000000,0.366438,0.342777,0.939153
961,8.008333,0.366436,0.342786,0.939547
962,8.016667,0.366435,0.342804,0.939940
963,8.025000,0.366433,0.342791,0.940341
964,8.033333,0.366435,0.342786,0.940748
965,8.041667,0.366422,0.342793,0.941164
966,8.050000,0.366408,0.342803,0.941574
967,8.058333,0.366413,0.342819,0.941977
968,8.066667,0.366409,0.342809,0.942388
969,8.075000,0.366398,0.342808,0.942762
970,8.083333,0.366383,0.342806,0.943170
971,8.091667,0.366387,0.342795,0.943572
972,8.100000,0.366394,0.342798,0.943967
973,8.108333,0.366380,0.342796,0.944333
974,8.116667,0.366364,0.342802,0.944696
975,8.125000,0.366351,0.342815,0.945027
976,8.133333,0.366356,0.342824,0.945326
977,8.141667,0.366355,0.342824,0.945626
978,8.150000,0.366346,0.342841,0.945920
979,8.158333,0.366342,0.342854,0.946206
980,8.166667,0.366340,0.342861,0.946544
981,8.175000,0.366343,0.342848,0.946897
982,8.183333,0.366342,0.342821,0.947287
983,8.191667,0.366323,0.342816,0.947686
984,8.200000,0.366325,0.342822,0.948078
985,8.208333,0.366321,0.342829,0.948455
986,8.216667,0.366316,0.342826,0.948792
987,8.225000,0.366306,0.342820,0.949091
988,8.233333,0.366318,0.342826,0.949346
989,8.241667,0.366319,0.342858,0.949590
990,8.250000,0.366317,0.342873,0.949861
991,8.258333,0.366317,0.342865,0.950178
992,8.266667,0.366311,0.342866,0.950521
993,8.275000,0.366305,0.342858,0.950938
994,8.283333,0.366286,0.342866,0.951330
995,8.291667,0.366277,0.342845,0.951765
996,8.300000,0.366285,0.342844,0.952182
997,8.308333,0.366278,0.342855,0.952551
998,8.316667,0.366278,0.342868,0.952904
999,8.325000,0.366283,0.342861,0.953233
1000,8.333333,0.366269,0.342862,0.953569
1001,8.341667,0.366272,0.342881,0.953912
1002,8.350000,0.366268,0.342870,0.954297
1003,8.358333,0.366260,0.342887,0.954699
1004,8.366667,0.366262,0.342876,0.955157
1005,8.375000,0.366256,0.342866,0.955606
1006,8.383333,0.366259,0.342850,0.956069
1007,8.391667,0.366266,0.342838,0.956495
1008,8.400000,0.366265,0.342843,0.956902
1009,8.408333,0.366260,0.342853,0.957286
1010,8.416667,0.366254,0.342855,0.957664
1011,8.425000,0.366247,0.342874,0.958046
1012,8.433333,0.366248,0.342893,0.958453
1013,8.441667,0.366240,0.342890,0.958872
1014,8.450000,0.366219,0.342896,0.959286
1015,8.458333,0.366232,0.342882,0.959732
1016,8.466667,0.366238,0.342875,0.960138
1017,8.475000,0.366241,0.342875,0.960552
1018,8.483333,0.366252,0.342862,0.960947
1019,8.491667,0.366257,0.342870,0.961339
1020,8.500000,0.366260,0.342892,0.961724
1021,8.508333,0.366248,0.342890,0.962107
1022,8.516667,0.366240,0.342913,0.962515
1023,8.525000,0.366240,0.342898,0.962947
1024,8.533333,0.366241,0.342874,0.963367
1025,8.541667,0.366226,0.342852,0.963827
1026,8.550000,0.366224,0.342857,0.964244
1027,8.558333,0.366223,0.342845,0.964652
1028,8.566667,0.366211,0.342849,0.965016
1029,8.575000,0.366192,0.342884,0.965344
1030,8.583333,0.366199,0.342897,0.965659
1031,8.591667,0.366207,0.342903,0.965965
1032,8.600000,0.366203,0.342907,0.966282
1033,8.608333,0.366199,0.342900,0.966615
1034,8.616667,0.366205,0.342905,0.966989
1035,8.625000,0.366199,0.342880,0.967376
1036,8.633333,0.366196,0.342882,0.967736
1037,8.641667,0.366184,0.342879,0.968125
1038,8.650000,0.366177,0.342879,0.968490
1039,8.658333,0.366169,0.342883,0.968836
1040,8.666667,0.366163,0.342889,0.969181
1041,8.675000,0.366153,0.342888,0.969501
1042,8.683333,0.366149,0.342889,0.969810
1043,8.691667,0.366154,0.342886,0.970106
1044,8.700000,0.366161,0.342886,0.970394
1045,8.708333,0.366151,0.342878,0.970685
1046,8.716667,0.366138,0.342882,0.970963
1047,8.725000,0.366132,0.342889,0.971256
1048,8.733333,0.366139,0.342883,0.971561
1049,8.741667,0.366141,0.342911,0.971853
1050,8.750000,0.366130,0.342907,0.972174
1051,8.758333,0.366133,0.342896,0.972518
1052,8.766667,0.366130,0.342885,0.972849
1053,8.775000,0.366131,0.342877,0.973179
1054,8.783333,0.366129,0.342879,0.973498
1055,8.791667,0.366143,0.342865,0.973793
1056,8.800000,0.366133,0.342858,0.974076
1057,8.808333,0.366128,0.342872,0.974325
1058,8.816667,0.366119,0.342893,0.974567
1059,8.825000,0.366119,0.342891,0.974823
1060,8.833333,0.366094,0.342902,0.975083
1061,8.841667,0.366089,0.342910,0.975352
1062,8.850000,0.366090,0.342918,0.975664
1063,8.858333,0.366085,0.342916,0.975984
1064,8.866667,0.366082,0.342904,0.976287
1065,8.875000,0.366077,0.342888,0.976602
1066,8.883333,0.366075,0.342896,0.976894
1067,8.891667,0.366068,0.342900,0.977151
1068,8.900000,0.366070,0.342890,0.977417
1069,8.908333,0.366072,0.342893,0.977673
1070,8.916667,0.366071,0.342895,0.977930
1071,8.925000,0.366060,0.342915,0.978205
1072,8.933333,0.366062,0.342907,0.978503
1073,8.941667,0.366062,0.342920,0.978824
1074,8.950000,0.366062,0.342909,0.979150
1075,8.958333,0.366071,0.342887,0.979437
1076,8.966667,0.366063,0.342886,0.979688
1077,8.975000,0.366063,0.342887,0.979950
1078,8.983333,0.366060,0.342893,0.980190
1079,8.991667,0.366050,0.342910,0.980415
1080,9.000000,0.366056,0.342912,0.980647
1081,9.008333,0.366048,0.342903,0.980924
1082,9.016667,0.366054,0.342895,0.981228
1083,9.025000,0.366052,0.342894,0.981525
1084,9.033333,0.366056,0.342886,0.981837
1085,9.041667,0.366061,0.342887,0.982116
1086,9.050000,0.366039,0.342902,0.982369
1087,9.058333,0.366021,0.342909,0.982589
1088,9.066667,0.366023,0.342922,0.982790
1089,9.075000,0.366014,0.342936,0.983002
1090,9.083333,0.366016,0.342941,0.983214
1091,9.091667,0.366004,0.342927,0.983444
1092,9.100000,0.365998,0.342922,0.983675
1093,9.108333,0.366001,0.342926,0.983927
1094,9.116667,0.366004,0.342928,0.984213
1095,9.125000,0.366001,0.342915,0.984513
1096,9.133333,0.366018,0.342902,0.984801
1097,9.141667,0.366024,0.342885,0.985102
1098,9.150000,0.366019,0.342892,0.985382
1099,9.158333,0.366023,0.342895,0.985634
1100,9.166667,0.366024,0.342918,0.985857
1101,9.175000,0.366009,0.342923,0.986066
1102,9.183333,0.366012,0.342921,0.986270
1103,9.191667,0.366005,0.342932,0.986480
1104,9.200000,0.366002,0.342927,0.986712
1105,9.208333,0.365999,0.342922,0.986957
1106,9.216667,0.366000,0.342915,0.987215
1107,9.225000,0.365993,0.342912,0.987487
1108,9.233333,0.365984,0.342900,0.987759
1109,9.241667,0.365975,0.342903,0.988001
1110,9.250000,0.365969,0.342901,0.988217
1111,9.258333,0.365960,0.342910,0.988461
1112,9.266667,0.365959,0.342920,0.988712
1113,9.275000,0.365937,0.342936,0.988957
1114,9.283333,0.365933,0.342930,0.989227
1115,9.291667,0.365917,0.342949,0.989511
1116,9.300000,0.365927,0.342937,0.989781
1117,9.308333,0.365917,0.342939,0.990035
1118,9.316667,0.365921,0.342940,0.990291
1119,9.325000,0.365915,0.342938,0.990559
1120,9.333333,0.365917,0.342944,0.990826
1121,9.341667,0.365910,0.342939,0.991113
1122,9.350000,0.365907,0.342932,0.991409
1123,9.358333,0.365919,0.342925,0.991742
1124,9.366667,0.365912,0.342914,0.992070
1125,9.375000,0.365906,0.342917,0.992368
1126,9.383333,0.365893,0.342925,0.992674
1127,9.391667,0.365878,0.342933,0.992977
1128,9.400000,0.365884,0.342941,0.993250
1129,9.408333,0.365871,0.342933,0.993545
1130,9.416667,0.365860,0.342939,0.993859
1131,9.425000,0.365855,0.342938,0.994168
1132,9.433333,0.365861,0.342918,0.994489
1133,9.441667,0.365857,0.342914,0.994825
1134,9.450000,0.365856,0.342915,0.995163
1135,9.458333,0.365832,0.342919,0.995499
1136,9.466667,0.365822,0.342929,0.995827
1137,9.475000,0.365816,0.342929,0.996177
1138,9.483333,0.365811,0.342950,0.996499
1139,9.491667,0.365817,0.342946,0.996812
1140,9.500000,0.365808,0.342943,0.997143
1141,9.508333,0.365821,0.342940,0.997480
1142,9.516667,0.365830,0.342938,0.997848
1143,9.525000,0.365849,0.342921,0.998212
1144,9.533333,0.365843,0.342910,0.998578
1145,9.541667,0.365831,0.342928,0.998940
1146,9.550000,0.365816,0.342950,0.999302
1147,9.558333,0.365803,0.342941,0.999671
1148,9.566667,0.365792,0.342941,1.000008
1149,9.575000,0.365794,0.342949,1.000369
1150,9.583333,0.365782,0.342953,1.000678
1151,9.591667,0.365778,0.342941,1.000979
1152,9.600000,0.365761,0.342927,1.001307
1153,9.608333,0.365767,0.342933,1.001636
1154,9.616667,0.365759,0.342943,1.001951
1155,9.625000,0.365750,0.342939,1.002295
1156,9.633333,0.365730,0.342955,1.002648
1157,9.641667,0.365725,0.342941,1.003017
1158,9.650000,0.365728,0.342952,1.003396
1159,9.658333,0.365738,0.342940,1.003760
1160,9.666667,0.365731,0.342941,1.004098
1161,9.675000,0.365741,0.342925,1.004428
1162,9.683333,0.365746,0.342928,1.004762
1163,9.691667,0.365744,0.342938,1.005040
1164,9.700000,0.365742,0.342933,1.005328
1165,9.708333,0.365732,0.342935,1.005650
1166,9.716667,0.365724,0.342939,1.005964
1167,9.725000,0.365725,0.342953,1.006284
1168,9.733333,0.365716,0.342962,1.006625
1169,9.741667,0.365710,0.342961,1.006968
1170,9.750000,0.365703,0.342946,1.007292
1171,9.758333,0.365694,0.342955,1.007585
1172,9.766667,0.365698,0.342955,1.007870
1173,9.775000,0.365687,0.342948,1.008149
1174,9.783333,0.365695,0.342945,1.008405
1175,9.791667,0.365690,0.342946,1.008698
1176,9.800000,0.365693,0.342940,1.008996
1177,9.808333,0.365691,0.342947,1.009268
1178,9.816667,0.365691,0.342949,1.009565
1179,9.825000,0.365682,0.342938,1.009867
1180,9.833333,0.365692,0.342951,1.010172
1181,9.841667,0.365694,0.342950,1.010458
1182,9.850000,0.365716,0.342943,1.010751
1183,9.858333,0.365716,0.342946,1.011038
1184,9.866667,0.365717,0.342935,1.011315
1185,9.875000,0.365718,0.342934,1.011569
1186,9.883333,0.365717,0.342952,1.011805
1187,9.891667,0.365719,0.342953,1.012033
1188,9.900000,0.365708,0.342943,1.012269
1189,9.908333,0.365693,0.342956,1.012519
1190,9.916667,0.365689,0.342956,1.012785
1191,9.925000,0.365683,0.342949,1.013115
1192,9.933333,0.365685,0.342948,1.013431
1193,9.941667,0.365679,0.342944,1.013724
1194,9.950000,0.365665,0.342945,1.014011
1195,9.958333,0.365649,0.342950,1.014245
1196,9.966667,0.365654,0.342960,1.014435
1197,9.975000,0.365653,0.342974,1.014609
1198,9.983333,0.365648,0.342978,1.014797
1199,9.991667,0.365638,0.342985,1.015000
1200,10.000000,0.365645,0.342972,1.015234
1201,10.008333,0.365641,0.342966,1.015485
1202,10.016667,0.365647,0.342954,1.015747
1203,10.025000,0.365663,0.342945,1.015997
1204,10.033333,0.365667,0.342933,1.016230
1205,10.041667,0.365664,0.342934,1.016430
1206,10.050000,0.365656,0.342940,1.016602
1207,10.058333,0.365657,0.342956,1.016760
1208,10.066667,0.365654,0.342961,1.016936
1209,10.075000,0.365643,0.342950,1.017139
1210,10.083333,0.365632,0.342962,1.017359
1211,10.091667,0.365633,0.342960,1.017564
1212,10.100000,0.365635,0.342957,1.017759
1213,10.108333,0.365639,0.342957,1.017960
1214,10.116667,0.365631,0.342960,1.018156
1215,10.125000,0.365627,0.342956,1.018335
1216,10.133333,0.365623,0.342968,1.018521
1217,10.141667,0.365611,0.342970,1.018702
1218,10.150000,0.365612,0.342955,1.018900
1219,10.158333,0.365607,0.342957,1.019111
1220,10.166667,0.365603,0.342953,1.019337
1221,10.175000,0.365589,0.342959,1.019574
1222,10.183333,0.365585,0.342945,1.019831
1223,10.191667,0.365587,0.342938,1.020071
1224,10.200000,0.365579,0.342958,1.020302
1225,10.208333,0.365576,0.342973,1.020526
1226,10.216667,0.365565,0.342970,1.020755
1227,10.225000,0.365563,0.342968,1.020963
1228,10.233333,0.365549,0.342975,1.021156
1229,10.241667,0.365543,0.342994,1.021358
1230,10.250000,0.365526,0.343000,1.021566
1231,10.258333,0.365528,0.342992,1.021782
1232,10.266667,0.365530,0.342994,1.022013
1233,10.275000,0.365526,0.342983,1.022302
1234,10.283333,0.365547,0.342971,1.022608
1235,10.291667,0.365541,0.342952,1.022923
1236,10.300000,0.365545,0.342944,1.023243
1237,10.308333,0.365535,0.342945,1.023551
1238,10.316667,0.365530,0.342955,1.023815
1239,10.325000,0.365522,0.342950,1.024051
1240,10.333333,0.365496,0.342971,1.024264
1241,10.341667,0.365473,0.342983,1.024472
1242,10.350000,0.365468,0.343002,1.024717
1243,10.358333,0.365469,0.342991,1.024983
1244,10.366667,0.365459,0.343002,1.025252
1245,10.375000,0.365457,0.342984,1.025554
1246,10.383333,0.365454,0.342966,1.025863
1247,10.391667,0.365460,0.342965,1.026161
1248,10.400000,0.365454,0.342955,1.026459
1249,10.408333,0.365447,0.342951,1.026738
1250,10.416667,0.365437,0.342963,1.027030
1251,10.425000,0.365414,0.342989,1.027302
1252,10.433333,0.365420,0.343005,1.027583
1253,10.441667,0.365404,0.342996,1.027874
1254,10.450000,0.365392,0.343007,1.028197
1255,10.458333,0.365381,0.343000,1.028516
1256,10.466667,0.365404,0.342994,1.028845
1257,10.475000,0.365407,0.342962,1.029158
1258,10.483333,0.365408,0.342963,1.029434
1259,10.491667,0.365408,0.342951,1.029665
1260,10.500000,0.365416,0.342956,1.029880
1261,10.508333,0.365415,0.342973,1.030077
1262,10.516667,0.365408,0.342981,1.030288
1263,10.525000,0.365404,0.342988,1.030490
1264,10.533333,0.365393,0.342992,1.030725
1265,10.541667,0.365393,0.342998,1.030969
1266,10.550000,0.365375,0.342994,1.031224
1267,10.558333,0.365365,0.342994,1.031491
1268,10.566667,0.365360,0.342990,1.031740
1269,10.575000,0.365367,0.343001,1.031966
1270,10.583333,0.365358,0.343010,1.032182
1271,10.591667,0.365340,0.343012,1.032381
1272,10.600000,0.365332,0.343001,1.032585
1273,10.608333,0.365321,0.343006,1.032762
1274,10.616667,0.365309,0.343009,1.032970
1275,10.625000,0.365314,0.343003,1.033204
1276,10.633333,0.365319,0.342975,1.033438
1277,10.641667,0.365318,0.342980,1.033657
1278,10.650000,0.365323,0.342989,1.033879
1279,10.658333,0.365323,0.342984,1.034106
1280,10.666667,0.365309,0.343001,1.034323
1281,10.675000,0.365300,0.343010,1.034553
1282,10.683333,0.365300,0.343020,1.034785
1283,10.691667,0.365287,0.343037,1.035022
1284,10.700000,0.365294,0.343036,1.035286
1285,10.708333,0.365306,0.343017,1.035574
1286,10.716667,0.365295,0.343009,1.035868
1287,10.725000,0.365309,0.343006,1.036147
1288,10.733333,0.365338,0.343007,1.036420
1289,10.741667,0.365330,0.343007,1.036682
1290,10.750000,0.365333,0.342999,1.036919
1291,10.758333,0.365330,0.342993,1.037175
1292,10.766667,0.365323,0.342988,1.037437
1293,10.775000,0.365309,0.342998,1.037696
1294,10.783333,0.365291,0.343014,1.037956
1295,10.791667,0.365288,0.343007,1.038241
1296,10.800000,0.365271,0.343023,1.038539
1297,10.808333,0.365264,0.343026,1.038813
1298,10.816667,0.365268,0.343027,1.039075
1299,10.825000,0.365259,0.343024,1.039335
1300,10.833333,0.365257,0.343028,1.039594
1301,10.841667,0.365254,0.343021,1.039869
1302,10.850000,0.365254,0.343012,1.040127
1303,10.858333,0.365259,0.343030,1.040395
1304,10.866667,0.365259,0.343024,1.040698
1305,10.875000,0.365253,0.343017,1.041006
1306,10.883333,0.365255,0.343002,1.041318
1307,10.891667,0.365250,0.342992,1.041644
1308,10.900000,0.365247,0.342995,1.041929
1309,10.908333,0.365244,0.342991,1.042187
1310,10.916667,0.365233,0.342980,1.042428
1311,10.925000,0.365233,0.342992,1.042633
1312,10.933333,0.365234,0.343011,1.042797
1313,10.941667,0.365232,0.343031,1.042964
1314,10.950000,0.365231,0.343032,1.043152
1315,10.958333,0.365231,0.343040,1.043391
1316,10.966667,0.365239,0.343014,1.043650
1317,10.975000,0.365235,0.343009,1.043908
1318,10.983333,0.365219,0.342985,1.044178
1319,10.991667,0.365214,0.342974,1.044416
1320,11.000000,0.365211,0.342965,1.044655
1321,11.008333,0.365202,0.342975,1.044869
1322,11.016667,0.365194,0.342998,1.045039
1323,11.025000,0.365176,0.343004,1.045223
1324,11.033333,0.365160,0.343012,1.045397
1325,11.041667,0.365139,0.343020,1.045609
1326,11.050000,0.365135,0.343025,1.045845
1327,11.058333,0.365138,0.343024,1.046082
1328,11.066667,0.365130,0.343009,1.046299
1329,11.075000,0.365110,0.343019,1.046497
1330,11.083333,0.365106,0.343022,1.046678
1331,11.091667,0.365103,0.343025,1.046843
1332,11.100000,0.365096,0.343026,1.047006
1333,11.108333,0.365082,0.343041,1.047175
1334,11.116667,0.365075,0.343051,1.047370
1335,11.125000,0.365076,0.343042,1.047600
1336,11.133333,0.365084,0.343020,1.047842
1337,11.141667,0.365067,0.343027,1.048085
1338,11.150000,0.365064,0.343014,1.048334
1339,11.158333,0.365076,0.343003,1.048546
1340,11.166667,0.365074,0.343001,1.048742
1341,11.175000,0.365081,0.343009,1.048934
1342,11.183333,0.365072,0.343012,1.049099
1343,11.191667,0.365079,0.343019,1.049247
1344,11.200000,0.365081,0.343035,1.049392
1345,11.208333,0.365081,0.343044,1.049564
1346,11.216667,0.365077,0.343037,1.049770
1347,11.225000,0.365070,0.343035,1.050002
1348,11.233333,0.365070,0.343032,1.050240
1349,11.241667,0.365084,0.343019,1.050461
1350,11.250000,0.365083,0.343015,1.050667
1351,11.258333,0.365089,0.343003,1.050844
1352,11.266667,0.365076,0.343012,1.050979
1353,11.275000,0.365088,0.343010,1.051097
1354,11.283333,0.365080,0.343026,1.051209
1355,11.291667,0.365078,0.343029,1.051323
1356,11.300000,0.365084,0.343035,1.051450
1357,11.308333,0.365084,0.343050,1.051610
1358,11.316667,0.365086,0.343059,1.051800
1359,11.325000,0.365079,0.343052,1.052045
1360,11.333333,0.365076,0.343035,1.052333
1361,11.341667,0.365058,0.343033,1.052625
1362,11.350000,0.365057,0.343019,1.052902
1363,11.358333,0.365047,0.342999,1.053182
1364,11.366667,0.365020,0.343025,1.053401
1365,11.375000,0.365021,0.343025,1.053565
1366,11.383333,0.365010,0.343046,1.053680
1367,11.391667,0.365001,0.343056,1.053793
1368,11.400000,0.364991,0.343077,1.053916
1369,11.408333,0.364986,0.343084,1.054056
1370,11.416667,0.364987,0.343082,1.054244
1371,11.425000,0.364985,0.343074,1.054476
1372,11.433333,0.364978,0.343074,1.054744
1373,11.441667,0.364977,0.343060,1.055047
1374,11.450000,0.364980,0.343036,1.055359
1375,11.458333,0.364986,0.343017,1.055660
1376,11.466667,0.364977,0.343017,1.055897
1377,11.475000,0.364985,0.343026,1.056102
1378,11.483333,0.364973,0.343039,1.056264
1379,11.491667,0.364977,0.343055,1.056415
1380,11.500000,0.364971,0.343054,1.056558
1381,11.508333,0.364969,0.343060,1.056709
1382,11.516667,0.364949,0.343070,1.056869
1383,11.525000,0.364945,0.343069,1.057068
1384,11.533333,0.364927,0.343059,1.057311
1385,11.541667,0.364909,0.343054,1.057553
1386,11.550000,0.364906,0.343038,1.057768
1387,11.558333,0.364899,0.343039,1.057965
1388,11.566667,0.364883,0.343033,1.058156
1389,11.575000,0.364872,0.343016,1.058310
1390,11.583333,0.364878,0.343023,1.058425
1391,11.591667,0.364863,0.343047,1.058513
1392,11.600000,0.364862,0.343060,1.058599
1393,11.608333,0.364853,0.343052,1.058704
1394,11.616667,0.364846,0.343055,1.058838
1395,11.625000,0.364830,0.343056,1.059002
1396,11.633333,0.364835,0.343043,1.059175
1397,11.641667,0.364832,0.343039,1.059346
1398,11.650000,0.364823,0.343037,1.059507
1399,11.658333,0.364818,0.343032,1.059648
1400,11.666667,0.364811,0.343045,1.059763
1401,11.675000,0.364807,0.343046,1.059874
1402,11.683333,0.364799,0.343056,1.059984
1403,11.691667,0.364800,0.343062,1.060083
1404,11.700000,0.364787,0.343074,1.060190
1405,11.708333,0.364789,0.343074,1.060314
1406,11.716667,0.364780,0.343061,1.060451
1407,11.725000,0.364766,0.343056,1.060606
1408,11.733333,0.364762,0.343054,1.060725
1409,11.741667,0.364766,0.343052,1.060805
1410,11.750000,0.364769,0.343055,1.060859
1411,11.758333,0.364760,0.343062,1.060904
1412,11.766667,0.364758,0.343054,1.060933
1413,11.775000,0.364754,0.343071,1.060943
1414,11.783333,0.364761,0.343075,1.060952
1415,11.791667,0.364759,0.343080,1.060958
1416,11.800000,0.364758,0.343068,1.060966
1417,11.808333,0.364760,0.343073,1.060964
1418,11.816667,0.364769,0.343077,1.060953
1419,11.825000,0.364777,0.343076,1.060938
1420,11.833333,0.364777,0.343078,1.060920
1421,11.841667,0.364784,0.343079,1.060909
1422,11.850000,0.364786,0.343093,1.060903
1423,11.858333,0.364796,0.343097,1.060903
1424,11.866667,0.364802,0.343088,1.060906
1425,11.875000,0.364807,0.343087,1.060912
1426,11.883333,0.364819,0.343092,1.060921
1427,11.891667,0.364837,0.343090,1.060922
1428,11.900000,0.364848,0.343104,1.060913
1429,11.908333,0.364860,0.343098,1.060903
1430,11.916667,0.364861,0.343109,1.060889
1431,11.925000,0.364872,0.343111,1.060876
1432,11.933333,0.364864,0.343118,1.060861
1433,11.941667,0.364876,0.343120,1.060841
1434,11.950000,0.364873,0.343129,1.060839
1435,11.958333,0.364882,0.343122,1.060845
1436,11.966667,0.364895,0.343121,1.060857
1437,11.975000,0.364898,0.343120,1.060876
1438,11.983333,0.364910,0.343115,1.060889
1439,11.991667,0.364913,0.343123,1.060891
1440,12.000000,0.364928,0.343118,1.060884
1441,12.008333,0.364923,0.343121,1.060869
1442,12.016667,0.364922,0.343130,1.060855
1443,12.025000,0.364911,0.343141,1.060837
1444,12.033333,0.364914,0.343140,1.060823
1445,12.041667,0.364918,0.343131,1.060834
1446,12.050000,0.364909,0.343129,1.060846
1447,12.058333,0.364911,0.343136,1.060865
1448,12.066667,0.364911,0.343140,1.060875
1449,12.075000,0.364925,0.343118,1.060890
1450,12.083333,0.364918,0.343120,1.060896
1451,12.091667,0.364922,0.343117,1.060889
1452,12.100000,0.364922,0.343119,1.060877
1453,12.108333,0.364910,0.343138,1.060852
1454,12.116667,0.364914,0.343129,1.060841
1455,12.125000,0.364911,0.343131,1.060839
1456,12.133333,0.364913,0.343129,1.060842
1457,12.141667,0.364917,0.343132,1.060847
1458,12.150000,0.364923,0.343123,1.060858
1459,12.158333,0.364917,0.343122,1.060873
1460,12.166667,0.364918,0.343124,1.060888
1461,12.175000,0.364914,0.343120,1.060889
1462,12.183333,0.364919,0.343126,1.060881
1463,12.191667,0.364917,0.343135,1.060871
1464,12.200000,0.364918,0.343127,1.060861
1465,12.208333,0.364912,0.343131,1.060851
1466,12.216667,0.364914,0.343133,1.060839
1467,12.225000,0.364926,0.343130,1.060845
1468,12.233333,0.364916,0.343131,1.060848
1469,12.241667,0.364914,0.343127,1.060859
1470,12.250000,0.364912,0.343122,1.060868
1471,12.258333,0.364922,0.343122,1.060883
1472,12.266667,0.364923,0.343124,1.060880
1473,12.275000,0.364911,0.343129,1.060879
1474,12.283333,0.364915,0.343122,1.060873
1475,12.291667,0.364918,0.343121,1.060861
1476,12.300000,0.364917,0.343136,1.060850
1477,12.308333,0.364915,0.343138,1.060843
1478,12.316667,0.364911,0.343119,1.060856
1479,12.325000,0.364917,0.343114,1.060866
1480,12.333333,0.364917,0.343131,1.060877
1481,12.341667,0.364927,0.343133,1.060878
1482,12.350000,0.364920,0.343118,1.060897
1483,12.358333,0.364910,0.343113,1.060890
1484,12.366667,0.364908,0.343120,1.060903
1485,12.375000,0.364907,0.343121,1.060908
1486,12.383333,0.364914,0.343125,1.060888
1487,12.391667,0.364914,0.343116,1.060875
1488,12.400000,0.364912,0.343123,1.060878
1489,12.408333,0.364909,0.343122,1.060892
1490,12.416667,0.364911,0.343117,1.060886
1491,12.425000,0.364913,0.343119,1.060886
1492,12.433333,0.364913,0.343123,1.060898
1493,12.441667,0.364915,0.343113,1.060909
1494,12.450000,0.364918,0.343111,1.060919
1495,12.458333,0.364912,0.343111,1.060921
1496,12.466667,0.364917,0.343106,1.060921
1497,12.475000,0.364916,0.343112,1.060916
1498,12.483333,0.364913,0.343113,1.060906
1499,12.491667,0.364910,0.343125,1.060910
1500,12.500000,0.364919,0.343118,1.060908
1501,12.508333,0.364916,0.343112,1.060913
1502,12.516667,0.364911,0.343107,1.060917
1503,12.525000,0.364910,0.343113,1.060927
1504,12.533333,0.364912,0.343120,1.060940
1505,12.541667,0.364913,0.343114,1.060940
1506,12.550000,0.364911,0.343109,1.060944
1507,12.558333,0.364907,0.343106,1.060947
1508,12.566667,0.364915,0.343097,1.060942
1509,12.575000,0.364924,0.343104,1.060933
1510,12.583333,0.364913,0.343117,1.060922
1511,12.591667,0.364916,0.343112,1.060925
1512,12.600000,0.364908,0.343109,1.060933
1513,12.608333,0.364917,0.343109,1.060937
1514,12.616667,0.364920,0.343101,1.060942
1515,12.625000,0.364915,0.343102,1.060956
1516,12.633333,0.364915,0.343096,1.060969
1517,12.641667,0.364914,0.343095,1.060962
1518,12.650000,0.364907,0.343105,1.060956
1519,12.658333,0.364920,0.343112,1.060951
1520,12.666667,0.364926,0.343096,1.060960
1521,12.675000,0.364907,0.343106,1.060949
1522,12.683333,0.364918,0.343107,1.060947
1523,12.691667,0.364918,0.343105,1.060941
1524,12.700000,0.364925,0.343094,1.060947
1525,12.708333,0.364917,0.343096,1.060960
1526,12.716667,0.364916,0.343100,1.060971
1527,12.725000,0.364917,0.343104,1.060960
1528,12.733333,0.364913,0.343101,1.060960
1529,12.741667,0.364914,0.343100,1.060964
1530,12.750000,0.364913,0.343097,1.060967
1531,12.758333,0.364917,0.343099,1.060958
1532,12.766667,0.364919,0.343105,1.060947
1533,12.775000,0.364914,0.343100,1.060942
1534,12.783333,0.364923,0.343105,1.060950
1535,12.791667,0.364917,0.343096,1.060955
1536,12.800000,0.364920,0.343095,1.060952
1537,12.808333,0.364908,0.343109,1.060950
1538,12.816667,0.364910,0.343104,1.060959
1539,12.825000,0.364918,0.343094,1.060962
1540,12.833333,0.364917,0.343093,1.060964
1541,12.841667,0.364914,0.343106,1.060951
1542,12.850000,0.364914,0.343102,1.060945
1543,12.858333,0.364910,0.343102,1.060951
1544,12.866667,0.364917,0.343105,1.060944
1545,12.875000,0.364913,0.343115,1.060946
1546,12.883333,0.364919,0.343099,1.060940
1547,12.891667,0.364920,0.343086,1.060948
1548,12.900000,0.364915,0.343100,1.060956
1549,12.908333,0.364911,0.343111,1.060955
1550,12.916667,0.364922,0.343099,1.060958
1551,12.925000,0.364912,0.343096,1.060951
1552,12.933333,0.364918,0.343099,1.060954
1553,12.941667,0.364916,0.343097,1.060954
1554,12.950000,0.364914,0.343089,1.060949
1555,12.958333,0.364914,0.343102,1.060946
1556,12.966667,0.364914,0.343099,1.060951
1557,12.975000,0.364916,0.343100,1.060962
1558,12.983333,0.364920,0.343098,1.060957
1559,12.991667,0.364918,0.343102,1.060956
1560,13.000000,0.364920,0.343096,1.060958
1561,13.008333,0.364917,0.343099,1.060961
1562,13.016667,0.364916,0.343091,1.060963
1563,13.025000,0.364911,0.343104,1.060953
1564,13.033333,0.364911,0.343107,1.060954
1565,13.041667,0.364919,0.343105,1.060958
1566,13.050000,0.364924,0.343092,1.060950
1567,13.058333,0.364912,0.343099,1.060951
1568,13.066667,0.364912,0.343097,1.060960
1569,13.075000,0.364910,0.343107,1.060959
1570,13.083333,0.364913,0.343102,1.060954
1571,13.091667,0.364915,0.343100,1.060962
1572,13.100000,0.364918,0.343102,1.060967
1573,13.108333,0.364917,0.343097,1.060964
1574,13.116667,0.364914,0.343098,1.060961
1575,13.125000,0.364925,0.343087,1.060964
1576,13.133333,0.364910,0.343098,1.060970
1577,13.141667,0.364918,0.343095,1.060964
1578,13.150000,0.364922,0.343091,1.060961
1579,13.158333,0.364919,0.343099,1.060960
1580,13.166667,0.364908,0.343101,1.060959
1581,13.175000,0.364907,0.343104,1.060968
1582,13.183333,0.364913,0.343091,1.060972
1583,13.191667,0.364915,0.343100,1.060972
1584,13.200000,0.364914,0.343101,1.060962
1585,13.208333,0.364923,0.343085,1.060969
1586,13.216667,0.364914,0.343092,1.060971
1587,13.225000,0.364915,0.343097,1.060972
1588,13.233333,0.364915,0.343094,1.060963
1589,13.241667,0.364916,0.343096,1.060963
1590,13.250000,0.364912,0.343099,1.060964
1591,13.258333,0.364917,0.343091,1.060966
1592,13.266667,0.364918,0.343093,1.060969
1593,13.275000,0.364909,0.343096,1.060964
1594,13.283333,0.364910,0.343101,1.060977
1595,13.291667,0.364914,0.343096,1.060974
1596,13.300000,0.364907,0.343098,1.060969
1597,13.308333,0.364927,0.343098,1.060960
1598,13.316667,0.364916,0.343102,1.060962
1599,13.325000,0.364912,0.343095,1.060968
1600,13.333333,0.364911,0.343088,1.060965
1601,13.341667,0.364915,0.343093,1.060958
1602,13.350000,0.364915,0.343106,1.060950
1603,13.358333,0.364918,0.343095,1.060938
1604,13.366667,0.364915,0.343100,1.060918
1605,13.375000,0.364917,0.343107,1.060890
1606,13.383333,0.364926,0.343113,1.060859
1607,13.391667,0.364917,0.343122,1.060807
1608,13.400000,0.364924,0.343130,1.060798
1609,13.408333,0.364918,0.343120,1.060821
1610,13.416667,0.364914,0.343110,1.060834
1611,13.425000,0.364916,0.343114,1.060831
1612,13.433333,0.364933,0.343113,1.060827
1613,13.441667,0.364920,0.343114,1.060836
1614,13.450000,0.364910,0.343106,1.060836
1615,13.458333,0.364907,0.343114,1.060819
1616,13.466667,0.364924,0.343116,1.060781
1617,13.475000,0.364928,0.343135,1.060744
1618,13.483333,0.364919,0.343133,1.060705
1619,13.491667,0.364922,0.343136,1.060683
1620,13.500000,0.364920,0.343137,1.060677
1621,13.508333,0.364924,0.343143,1.060671
1622,13.516667,0.364927,0.343145,1.060664
1623,13.525000,0.364924,0.343132,1.060667
1624,13.533333,0.364931,0.343135,1.060669
1625,13.541667,0.364923,0.343146,1.060650
1626,13.550000,0.364921,0.343150,1.060631
1627,13.558333,0.364929,0.343145,1.060613
1628,13.566667,0.364932,0.343149,1.060622
1629,13.575000,0.364928,0.343147,1.060622
1630,13.583333,0.364933,0.343137,1.060634
1631,13.591667,0.364930,0.343144,1.060642
1632,13.600000,0.364931,0.343138,1.060649
1633,13.608333,0.364928,0.343135,1.060643
1634,13.616667,0.364925,0.343142,1.060633
1635,13.625000,0.364922,0.343154,1.060607
1636,13.633333,0.364934,0.343161,1.060582
1637,13.641667,0.364929,0.343159,1.060573
1638,13.650000,0.364933,0.343162,1.060592
1639,13.658333,0.364917,0.343156,1.060634
1640,13.666667,0.364930,0.343133,1.060691
1641,13.675000,0.364920,0.343126,1.060722
1642,13.683333,0.364921,0.343120,1.060760
1643,13.691667,0.364926,0.343126,1.060773
1644,13.700000,0.364929,0.343121,1.060750
1645,13.708333,0.364928,0.343127,1.060690
1646,13.716667,0.364932,0.343147,1.060611
1647,13.725000,0.364934,0.343162,1.060524
1648,13.733333,0.364937,0.343169,1.060450
1649,13.741667,0.364933,0.343183,1.060407
1650,13.750000,0.364933,0.343183,1.060388
1651,13.758333,0.364938,0.343179,1.060379
1652,13.766667,0.364928,0.343177,1.060385
1653,13.775000,0.364929,0.343188,1.060391
1654,13.783333,0.364937,0.343178,1.060380
1655,13.791667,0.364942,0.343184,1.060334
1656,13.800000,0.364943,0.343188,1.060285
1657,13.808333,0.364937,0.343205,1.060218
1658,13.816667,0.364938,0.343202,1.060160
1659,13.825000,0.364935,0.343215,1.060102
1660,13.833333,0.364943,0.343220,1.060051
1661,13.841667,0.364940,0.343227,1.060028
1662,13.850000,0.364937,0.343221,1.060037
1663,13.858333,0.364955,0.343210,1.060055
1664,13.866667,0.364939,0.343218,1.060088
1665,13.875000,0.364945,0.343199,1.060128
1666,13.883333,0.364939,0.343193,1.060159
1667,13.891667,0.364944,0.343202,1.060183
1668,13.900000,0.364945,0.343203,1.060189
1669,13.908333,0.364944,0.343202,1.060170
1670,13.916667,0.364941,0.343197,1.060128
1671,13.925000,0.364946,0.343207,1.060080
1672,13.933333,0.364942,0.343223,1.060040
1673,13.941667,0.364952,0.343224,1.059997
1674,13.950000,0.364949,0.343225,1.059984
1675,13.958333,0.364950,0.343226,1.059991
1676,13.966667,0.364949,0.343219,1.060031
1677,13.975000,0.364953,0.343208,1.060093
1678,13.983333,0.364944,0.343194,1.060151
1679,13.991667,0.364944,0.343191,1.060194
1680,14.000000,0.364943,0.343198,1.060210
1681,14.008333,0.364951,0.343189,1.060197
1682,14.016667,0.364950,0.343195,1.060162
1683,14.025000,0.364944,0.343211,1.060123
1684,14.033333,0.364941,0.343215,1.060088
1685,14.041667,0.364934,0.343222,1.060069
1686,14.050000,0.364947,0.343217,1.060092
1687,14.058333,0.364947,0.343208,1.060156
1688,14.066667,0.364944,0.343200,1.060235
1689,14.075000,0.364943,0.343174,1.060317
1690,14.083333,0.364939,0.343181,1.060364
1691,14.091667,0.364938,0.343185,1.060383
1692,14.100000,0.364943,0.343177,1.060369
1693,14.108333,0.364937,0.343180,1.060329
1694,14.116667,0.364932,0.343193,1.060263
1695,14.125000,0.364940,0.343206,1.060194
1696,14.133333,0.364945,0.343207,1.060137
1697,14.141667,0.364935,0.343213,1.060115
1698,14.150000,0.364946,0.343209,1.060110
1699,14.158333,0.364943,0.343207,1.060133
1700,14.166667,0.364942,0.343210,1.060166
1701,14.175000,0.364949,0.343198,1.060212
1702,14.183333,0.364945,0.343188,1.060246
1703,14.191667,0.364945,0.343183,1.060245
1704,14.200000,0.364946,0.343187,1.060220
1705,14.208333,0.364941,0.343207,1.060188
1706,14.216667,0.364949,0.343199,1.060169
1707,14.225000,0.364949,0.343204,1.060146
1708,14.233333,0.364951,0.343200,1.060138
1709,14.241667,0.364944,0.343214,1.060141
1710,14.250000,0.364940,0.343206,1.060168
1711,14.258333,0.364952,0.343187,1.060197
1712,14.266667,0.364940,0.343189,1.060201
1713,14.275000,0.364942,0.343202,1.060181
1714,14.283333,0.364942,0.343207,1.060151
1715,14.291667,0.364947,0.343202,1.060106
1716,14.300000,0.364952,0.343203,1.060079
1717,14.308333,0.364938,0.343214,1.060062
1718,14.316667,0.364944,0.343218,1.060061
1719,14.325000,0.364950,0.343214,1.060068
1720,14.333333,0.364932,0.343214,1.060078
1721,14.341667,0.364931,0.343212,1.060084
1722,14.350000,0.364938,0.343218,1.060077
1723,14.358333,0.364941,0.343217,1.060075
1724,14.366667,0.364944,0.343216,1.060073
1725,14.375000,0.364941,0.343212,1.060090
1726,14.383333,0.364929,0.343213,1.060120
1727,14.391667,0.364945,0.343200,1.060147
1728,14.400000,0.364941,0.343204,1.060152
1729,14.408333,0.364944,0.343201,1.060140
1730,14.416667,0.364950,0.343198,1.060114
1731,14.425000,0.364935,0.343207,1.060075
1732,14.433333,0.364935,0.343218,1.060031
1733,14.441667,0.364941,0.343219,1.060026
1734,14.450000,0.364941,0.343203,1.060090
1735,14.458333,0.364941,0.343157,1.060293
1736,14.466667,0.364933,0.343090,1.060641
1737,14.475000,0.364930,0.343012,1.061030
1738,14.483333,0.364935,0.342916,1.061409
1739,14.491667,0.364933,0.342855,1.061655
1740,14.500000,0.364943,0.342843,1.061715
1741,14.508333,0.364941,0.342865,1.061604
1742,14.516667,0.364939,0.342903,1.061410
1743,14.525000,0.364931,0.342939,1.061217
1744,14.533333,0.364928,0.342966,1.061151
1745,14.541667,0.364928,0.342955,1.061192
1746,14.550000,0.364932,0.342932,1.061315
1747,14.558333,0.364943,0.342910,1.061424
1748,14.566667,0.364924,0.342945,1.061424
1749,14.575000,0.364937,0.342986,1.061296
1750,14.583333,0.364928,0.343056,1.061048
1751,14.591667,0.364954,0.343104,1.060773
1752,14.600000,0.364950,0.343181,1.060523
1753,14.608333,0.364949,0.343201,1.060390
1754,14.616667,0.364947,0.343194,1.060408
1755,14.625000,0.364945,0.343170,1.060572
1756,14.633333,0.364938,0.343113,1.060825
1757,14.641667,0.364939,0.343058,1.061076
1758,14.650000,0.364940,0.343009,1.061273
1759,14.658333,0.364939,0.342980,1.061387
1760,14.666667,0.364935,0.342986,1.061379
1761,14.675000,0.364935,0.343018,1.061240
1762,14.683333,0.364935,0.343064,1.061042
1763,14.691667,0.364932,0.343116,1.060825
1764,14.700000,0.364941,0.343159,1.060658
1765,14.708333,0.364953,0.343164,1.060570
1766,14.716667,0.364942,0.343165,1.060599
1767,14.725000,0.364937,0.343138,1.060727
1768,14.733333,0.364938,0.343101,1.060903
1769,14.741667,0.364932,0.343057,1.061070
1770,14.750000,0.364935,0.343026,1.061200
1771,14.758333,0.364938,0.343018,1.061262
1772,14.766667,0.364935,0.343022,1.061226
1773,14.775000,0.364935,0.343040,1.061113
1774,14.783333,0.364930,0.343081,1.060957
1775,14.791667,0.364932,0.343127,1.060806
1776,14.800000,0.364948,0.343149,1.060698
1777,14.808333,0.364941,0.343154,1.060664
1778,14.816667,0.364940,0.343130,1.060716
1779,14.825000,0.364935,0.343114,1.060828
1780,14.833333,0.364932,0.343083,1.060963
1781,14.841667,0.364936,0.343056,1.061080
1782,14.850000,0.364924,0.343048,1.061155
1783,14.858333,0.364932,0.343050,1.061160
1784,14.866667,0.364930,0.343059,1.061090
1785,14.875000,0.364930,0.343079,1.060986
1786,14.883333,0.364937,0.343108,1.060874
1787,14.891667,0.364940,0.343127,1.060775
1788,14.900000,0.364939,0.343141,1.060715
1789,14.908333,0.364940,0.343141,1.060729
