Format Version,1.21,Take Name,monitor_hatra_2,Capture Frame Rate,120.000000,Export Frame Rate,120.000000,Capture Start Time,2018-11-22 02.55.24 PM,Total Frames in Take,1875,Total Exported Frames,1875,Rotation Type,Quaternion,Length Units,Meters,Coordinate Space,Global

,,Marker,Marker,Marker
,,Unlabeled:5000,Unlabeled:5000,Unlabeled:5000
,,"8392B20CF49E35701388","8392B20CF49E35701388","8392B20CF49E35701388"
,,Position,Position,Position
Frame,Time,X,Y,Z
0,0.000000,0.362593,0.335719,0.878758
1,0.008333,0.362600,0.335717,0.878787
2,0.016667,0.362592,0.335712,0.878805
3,0.025000,0.362592,0.335710,0.878798
4,0.033333,0.362597,0.335713,0.878775
5,0.041667,0.362597,0.335719,0.878752
6,0.050000,0.362596,0.335722,0.878724
7,0.058333,0.362597,0.335729,0.878707
8,0.066667,0.362595,0.335727,0.878710
9,0.075000,0.362597,0.335726,0.878724
10,0.083333,0.362598,0.335722,0.878747
11,0.091667,0.362596,0.335718,0.878776
12,0.100000,0.362598,0.335714,0.878791
13,0.108333,0.362594,0.335707,0.878792
14,0.116667,0.362595,0.335716,0.878784
15,0.125000,0.362590,0.335715,0.878759
16,0.133333,0.362594,0.335722,0.878740
17,0.141667,0.362596,0.335729,0.878720
18,0.150000,0.362595,0.335726,0.878713
19,0.158333,0.362599,0.335726,0.878724
20,0.166667,0.362595,0.335724,0.878743
21,0.175000,0.362594,0.335719,0.878764
22,0.183333,0.362594,0.335711,0.878782
23,0.191667,0.362595,0.335709,0.878793
24,0.200000,0.362595,0.335717,0.878784
25,0.208333,0.362592,0.335725,0.878770
26,0.216667,0.362597,0.335720,0.878752
27,0.225000,0.362592,0.335722,0.878735
28,0.233333,0.362595,0.335725,0.878726
29,0.241667,0.362597,0.335722,0.878729
30,0.250000,0.362592,0.335724,0.878741
31,0.258333,0.362598,0.335714,0.878759
32,0.266667,0.362592,0.335716,0.878777
33,0.275000,0.362591,0.335712,0.878789
34,0.283333,0.362597,0.335713,0.878782
35,0.291667,0.362592,0.335719,0.878773
36,0.300000,0.362594,0.335715,0.878759
37,0.308333,0.362593,0.335718,0.878744
38,0.316667,0.362595,0.335719,0.878732
39,0.325000,0.362590,0.335727,0.878731
40,0.333333,0.362596,0.335720,0.878740
41,0.341667,0.362597,0.335714,0.878757
42,0.350000,0.362589,0.335718,0.878765
43,0.358333,0.362594,0.335720,0.878777
44,0.366667,0.362598,0.335710,0.878779
45,0.375000,0.362596,0.335715,0.878776
46,0.383333,0.362590,0.335723,0.878760
47,0.391667,0.362594,0.335725,0.878750
48,0.400000,0.362595,0.335720,0.878741
49,0.408333,0.362595,0.335724,0.878733
50,0.416667,0.362590,0.335733,0.878742
51,0.425000,0.362596,0.335727,0.878751
52,0.433333,0.362591,0.335715,0.878763
53,0.441667,0.362596,0.335719,0.878770
54,0.450000,0.362589,0.335720,0.878777
55,0.458333,0.362597,0.335719,0.878770
56,0.466667,0.362595,0.335716,0.878764
57,0.475000,0.362594,0.335719,0.878753
58,0.483333,0.362589,0.335727,0.878749
59,0.491667,0.362589,0.335721,0.878740
60,0.500000,0.362592,0.335725,0.878743
61,0.508333,0.362594,0.335721,0.878749
62,0.516667,0.362589,0.335722,0.878761
63,0.525000,0.362593,0.335717,0.878767
64,0.533333,0.362596,0.335714,0.878776
65,0.541667,0.362592,0.335717,0.878773
66,0.550000,0.362596,0.335720,0.878769
67,0.558333,0.362596,0.335719,0.878763
68,0.566667,0.362594,0.335716,0.878754
69,0.575000,0.362599,0.335722,0.878747
70,0.583333,0.362597,0.335722,0.878747
71,0.591667,0.362594,0.335718,0.878752
72,0.600000,0.362591,0.335719,0.878760
73,0.608333,0.362593,0.335721,0.878768
74,0.616667,0.362596,0.335716,0.878771
75,0.625000,0.362599,0.335711,0.878778
76,0.633333,0.362598,0.335712,0.878774
77,0.641667,0.362592,0.335716,0.878769
78,0.650000,0.362591,0.335718,0.878760
79,0.658333,0.362590,0.335718,0.878752
80,0.666667,0.362596,0.335717,0.878753
81,0.675000,0.362591,0.335714,0.878748
82,0.683333,0.362594,0.335714,0.878757
83,0.691667,0.362596,0.335712,0.878766
84,0.700000,0.362593,0.335719,0.878770
85,0.708333,0.362591,0.335714,0.878779
86,0.716667,0.362594,0.335712,0.878779
87,0.725000,0.362592,0.335711,0.878766
88,0.733333,0.362596,0.335720,0.878763
89,0.741667,0.362588,0.335720,0.878755
90,0.750000,0.362593,0.335714,0.878753
91,0.758333,0.362590,0.335723,0.878753
92,0.766667,0.362590,0.335716,0.878759
93,0.775000,0.362599,0.335722,0.878760
94,0.783333,0.362593,0.335720,0.878761
95,0.791667,0.362595,0.335716,0.878768
96,0.800000,0.362595,0.335713,0.878771
97,0.808333,0.362594,0.335716,0.878767
98,0.816667,0.362593,0.335719,0.878762
99,0.825000,0.362595,0.335717,0.878758
100,0.833333,0.362589,0.335716,0.878755
101,0.841667,0.362599,0.335715,0.878756
102,0.850000,0.362592,0.335718,0.878759
103,0.858333,0.362598,0.335717,0.878762
104,0.866667,0.362604,0.335719,0.878779
105,0.875000,0.362604,0.335716,0.878776
106,0.883333,0.362610,0.335714,0.878775
107,0.891667,0.362610,0.335716,0.878771
108,0.900000,0.362611,0.335721,0.878764
109,0.908333,0.362613,0.335723,0.878760
110,0.916667,0.362618,0.335718,0.878757
111,0.925000,0.362617,0.335725,0.878761
112,0.933333,0.362616,0.335719,0.878763
113,0.941667,0.362615,0.335719,0.878765
114,0.950000,0.362621,0.335716,0.878770
115,0.958333,0.362619,0.335725,0.878774
116,0.966667,0.362625,0.335724,0.878774
117,0.975000,0.362614,0.335720,0.878773
118,0.983333,0.362623,0.335718,0.878766
119,0.991667,0.362628,0.335726,0.878757
120,1.000000,0.362633,0.335732,0.878755
121,1.008333,0.362638,0.335727,0.878753
122,1.016667,0.362643,0.335730,0.878755
123,1.025000,0.362638,0.335730,0.878758
124,1.033333,0.362645,0.335730,0.878762
125,1.041667,0.362644,0.335731,0.878761
126,1.050000,0.362651,0.335735,0.878765
127,1.058333,0.362655,0.335734,0.878760
128,1.066667,0.362654,0.335737,0.878758
129,1.075000,0.362655,0.335740,0.878749
130,1.083333,0.362660,0.335738,0.878751
131,1.091667,0.362668,0.335740,0.878744
132,1.100000,0.362669,0.335744,0.878745
133,1.108333,0.362672,0.335744,0.878746
134,1.116667,0.362674,0.335741,0.878749
135,1.125000,0.362680,0.335747,0.878748
136,1.133333,0.362690,0.335749,0.878749
137,1.141667,0.362689,0.335746,0.878751
138,1.150000,0.362691,0.335747,0.878744
139,1.158333,0.362701,0.335754,0.878738
140,1.166667,0.362705,0.335758,0.878734
141,1.175000,0.362707,0.335757,0.878736
142,1.183333,0.362702,0.335764,0.878735
143,1.191667,0.362712,0.335765,0.878737
144,1.200000,0.362704,0.335757,0.878741
145,1.208333,0.362711,0.335753,0.878744
146,1.216667,0.362711,0.335761,0.878743
147,1.225000,0.362713,0.335761,0.878746
148,1.233333,0.362711,0.335755,0.878743
149,1.241667,0.362710,0.335763,0.878738
150,1.250000,0.362711,0.335759,0.878739
151,1.258333,0.362714,0.335757,0.878738
152,1.266667,0.362715,0.335756,0.878734
153,1.275000,0.362710,0.335762,0.878736
154,1.283333,0.362713,0.335766,0.878741
155,1.291667,0.362711,0.335761,0.878740
156,1.300000,0.362711,0.335758,0.878742
157,1.308333,0.362711,0.335760,0.878743
158,1.316667,0.362714,0.335759,0.878744
159,1.325000,0.362714,0.335757,0.878740
160,1.333333,0.362716,0.335760,0.878743
161,1.341667,0.362710,0.335761,0.878736
162,1.350000,0.362712,0.335761,0.878734
163,1.358333,0.362716,0.335759,0.878745
164,1.366667,0.362715,0.335762,0.878738
165,1.375000,0.362712,0.335766,0.878740
166,1.383333,0.362712,0.335762,0.878742
167,1.391667,0.362715,0.335758,0.878745
168,1.400000,0.362710,0.335761,0.878743
169,1.408333,0.362716,0.335764,0.878742
170,1.416667,0.362718,0.335760,0.878738
171,1.425000,0.362713,0.335763,0.878737
172,1.433333,0.362716,0.335764,0.878737
173,1.441667,0.362715,0.335763,0.878739
174,1.450000,0.362719,0.335762,0.878740
175,1.458333,0.362713,0.335767,0.878742
176,1.466667,0.362715,0.335763,0.878739
177,1.475000,0.362710,0.335763,0.878747
178,1.483333,0.362715,0.335754,0.878741
179,1.491667,0.362711,0.335764,0.878740
180,1.500000,0.362709,0.335765,0.878742
181,1.508333,0.362716,0.335761,0.878740
182,1.516667,0.362713,0.335761,0.878741
183,1.525000,0.362714,0.335766,0.878738
184,1.533333,0.362715,0.335768,0.878736
185,1.541667,0.362717,0.335764,0.878739
186,1.550000,0.362709,0.335765,0.878739
187,1.558333,0.362716,0.335765,0.878746
188,1.566667,0.362712,0.335765,0.878746
189,1.575000,0.362717,0.335765,0.878742
190,1.583333,0.362711,0.335762,0.878742
191,1.591667,0.362713,0.335766,0.878740
192,1.600000,0.362716,0.335762,0.878736
193,1.608333,0.362711,0.335764,0.878738
194,1.616667,0.362712,0.335765,0.878737
195,1.625000,0.362715,0.335769,0.878741
196,1.633333,0.362714,0.335765,0.878741
197,1.641667,0.362712,0.335762,0.878740
198,1.650000,0.362717,0.335760,0.878739
199,1.658333,0.362712,0.335766,0.878745
200,1.666667,0.362714,0.335760,0.878743
201,1.675000,0.362716,0.335764,0.878737
202,1.683333,0.362718,0.335763,0.878739
203,1.691667,0.362714,0.335763,0.878740
204,1.700000,0.362721,0.335765,0.878738
205,1.708333,0.362714,0.335759,0.878739
206,1.716667,0.362712,0.335761,0.878737
207,1.725000,0.362715,0.335761,0.878743
208,1.733333,0.362715,0.335762,0.878738
209,1.741667,0.362715,0.335758,0.878738
210,1.750000,0.362714,0.335761,0.878746
211,1.758333,0.362717,0.335761,0.878740
212,1.766667,0.362715,0.335760,0.878741
213,1.775000,0.362712,0.335761,0.878740
214,1.783333,0.362719,0.335764,0.878740
215,1.791667,0.362716,0.335763,0.878739
216,1.800000,0.362719,0.335765,0.878737
217,1.808333,0.362718,0.335767,0.878744
218,1.816667,0.362716,0.335759,0.878738
219,1.825000,0.362725,0.335756,0.878741
220,1.833333,0.362708,0.335768,0.878744
221,1.841667,0.362716,0.335769,0.878743
222,1.850000,0.362714,0.335761,0.878740
223,1.858333,0.362719,0.335762,0.878743
224,1.866667,0.362710,0.335764,0.878740
225,1.875000,0.362718,0.335759,0.878741
226,1.883333,0.362715,0.335763,0.878742
227,1.891667,0.362715,0.335764,0.878742
228,1.900000,0.362712,0.335771,0.878744
229,1.908333,0.362715,0.335762,0.878741
230,1.916667,0.362717,0.335757,0.878743
231,1.925000,0.362714,0.335762,0.878745
232,1.933333,0.362715,0.335762,0.878744
233,1.941667,0.362716,0.335763,0.878741
234,1.950000,0.362714,0.335764,0.878746
235,1.958333,0.362715,0.335770,0.878743
236,1.966667,0.362717,0.335764,0.878739
237,1.975000,0.362716,0.335760,0.878742
238,1.983333,0.362721,0.335761,0.878743
239,1.991667,0.362714,0.335772,0.878747
240,2.000000,0.362715,0.335771,0.878742
241,2.008333,0.362716,0.335765,0.878741
242,2.016667,0.362720,0.335770,0.878743
243,2.025000,0.362723,0.335764,0.878742
244,2.033333,0.362722,0.335767,0.878741
245,2.041667,0.362715,0.335764,0.878744
246,2.050000,0.362715,0.335767,0.878742
247,2.058333,0.362722,0.335770,0.878745
248,2.066667,0.362721,0.335769,0.878739
249,2.075000,0.362721,0.335764,0.878744
250,2.083333,0.362713,0.335764,0.878743
251,2.091667,0.362719,0.335763,0.878742
252,2.100000,0.362722,0.335767,0.878745
253,2.108333,0.362722,0.335769,0.878742
254,2.116667,0.362714,0.335770,0.878740
255,2.125000,0.362721,0.335765,0.878742
256,2.133333,0.362718,0.335761,0.878742
257,2.141667,0.362720,0.335768,0.878746
258,2.150000,0.362721,0.335773,0.878741
259,2.158333,0.362713,0.335765,0.878743
260,2.166667,0.362714,0.335761,0.878743
261,2.175000,0.362718,0.335765,0.878743
262,2.183333,0.362723,0.335767,0.878743
263,2.191667,0.362717,0.335759,0.878741
264,2.200000,0.362720,0.335759,0.878743
265,2.208333,0.362716,0.335763,0.878744
266,2.216667,0.362717,0.335765,0.878743
267,2.225000,0.362713,0.335762,0.878740
268,2.233333,0.362721,0.335761,0.878741
269,2.241667,0.362716,0.335767,0.878748
270,2.250000,0.362720,0.335765,0.878743
271,2.258333,0.362718,0.335763,0.878744
272,2.266667,0.362722,0.335765,0.878739
273,2.275000,0.362721,0.335762,0.878741
274,2.283333,0.362719,0.335761,0.878749
275,2.291667,0.362719,0.335761,0.878745
276,2.300000,0.362723,0.335756,0.878739
277,2.308333,0.362715,0.335763,0.878740
278,2.316667,0.362721,0.335760,0.878745
279,2.325000,0.362718,0.335762,0.878740
280,2.333333,0.362721,0.335766,0.878741
281,2.341667,0.362716,0.335756,0.878739
282,2.350000,0.362719,0.335752,0.878745
283,2.358333,0.362719,0.335761,0.878744
284,2.366667,0.362718,0.335760,0.878744
285,2.375000,0.362723,0.335762,0.878748
286,2.383333,0.362725,0.335761,0.878745
287,2.391667,0.362720,0.335756,0.878744
288,2.400000,0.362715,0.335758,0.878744
289,2.408333,0.362720,0.335755,0.878745
290,2.416667,0.362719,0.335765,0.878746
291,2.425000,0.362720,0.335763,0.878743
292,2.433333,0.362720,0.335755,0.878744
293,2.441667,0.362718,0.335758,0.878742
294,2.450000,0.362718,0.335762,0.878745
295,2.458333,0.362724,0.335755,0.878748
296,2.466667,0.362721,0.335754,0.878748
297,2.475000,0.362719,0.335763,0.878746
298,2.483333,0.362717,0.335762,0.878741
299,2.491667,0.362721,0.335759,0.878747
300,2.500000,0.362725,0.335755,0.878748
301,2.508333,0.362714,0.335764,0.878744
302,2.516667,0.362720,0.335757,0.878743
303,2.525000,0.362718,0.335756,0.878745
304,2.533333,0.362713,0.335769,0.878752
305,2.541667,0.362743,0.335785,0.878760
306,2.550000,0.362713,0.335737,0.878730
307,2.558333,0.362724,0.335755,0.878750
308,2.566667,0.362696,0.335781,0.878750
309,2.575000,0.362734,0.335795,0.878753
310,2.583333,0.362717,0.335738,0.878739
311,2.591667,0.362723,0.335753,0.878748
312,2.600000,0.362713,0.335774,0.878750
313,2.608333,0.362722,0.335778,0.878747
314,2.616667,0.362734,0.335743,0.878739
315,2.625000,0.362714,0.335767,0.878751
316,2.633333,0.362719,0.335778,0.878756
317,2.641667,0.362716,0.335764,0.878741
318,2.650000,0.362735,0.335741,0.878736
319,2.658333,0.362723,0.335769,0.878745
320,2.666667,0.362719,0.335778,0.878755
321,2.675000,0.362712,0.335765,0.878742
322,2.683333,0.362722,0.335752,0.878738
323,2.691667,0.362723,0.335772,0.878747
324,2.700000,0.362727,0.335776,0.878745
325,2.708333,0.362721,0.335757,0.878740
326,2.716667,0.362723,0.335752,0.878745
327,2.725000,0.362716,0.335778,0.878744
328,2.733333,0.362711,0.335779,0.878745
329,2.741667,0.362726,0.335758,0.878747
330,2.750000,0.362724,0.335750,0.878746
331,2.758333,0.362730,0.335771,0.878749
332,2.766667,0.362714,0.335770,0.878745
333,2.775000,0.362720,0.335762,0.878744
334,2.783333,0.362717,0.335762,0.878751
335,2.791667,0.362724,0.335769,0.878753
336,2.800000,0.362720,0.335767,0.878742
337,2.808333,0.362721,0.335759,0.878741
338,2.816667,0.362722,0.335766,0.878748
339,2.825000,0.362722,0.335765,0.878751
340,2.833333,0.362717,0.335770,0.878750
341,2.841667,0.362716,0.335759,0.878744
342,2.850000,0.362719,0.335761,0.878746
343,2.858333,0.362724,0.335770,0.878741
344,2.866667,0.362724,0.335747,0.878744
345,2.875000,0.362727,0.335775,0.878752
346,2.883333,0.362715,0.335766,0.878746
347,2.891667,0.362714,0.335765,0.878745
348,2.900000,0.362721,0.335761,0.878744
349,2.908333,0.362727,0.335764,0.878747
350,2.916667,0.362723,0.335763,0.878754
351,2.925000,0.362716,0.335765,0.878740
352,2.933333,0.362715,0.335767,0.878748
353,2.941667,0.362721,0.335762,0.878747
354,2.950000,0.362717,0.335770,0.878748
355,2.958333,0.362720,0.335760,0.878732
356,2.966667,0.362714,0.335761,0.878729
357,2.975000,0.362714,0.335762,0.878736
358,2.983333,0.362710,0.335774,0.878734
359,2.991667,0.362713,0.335770,0.878741
360,3.000000,0.362711,0.335760,0.878738
361,3.008333,0.362701,0.335771,0.878742
362,3.016667,0.362722,0.335758,0.878749
363,3.025000,0.362718,0.335758,0.878749
364,3.033333,0.362717,0.335764,0.878748
365,3.041667,0.362707,0.335771,0.878743
366,3.050000,0.362708,0.335768,0.878733
367,3.058333,0.362709,0.335767,0.878721
368,3.066667,0.362706,0.335759,0.878717
369,3.075000,0.362692,0.335766,0.878723
370,3.083333,0.362680,0.335765,0.878727
371,3.091667,0.362673,0.335767,0.878735
372,3.100000,0.362667,0.335762,0.878730
373,3.108333,0.362670,0.335777,0.878737
374,3.116667,0.362671,0.335758,0.878735
375,3.125000,0.362679,0.335765,0.878733
376,3.133333,0.362660,0.335773,0.878721
377,3.141667,0.362656,0.335777,0.878716
378,3.150000,0.362647,0.335774,0.878705
379,3.158333,0.362642,0.335786,0.878702
380,3.166667,0.362631,0.335791,0.878693
381,3.175000,0.362629,0.335790,0.878690
382,3.183333,0.362622,0.335795,0.878697
383,3.191667,0.362621,0.335797,0.878699
384,3.200000,0.362614,0.335799,0.878698
385,3.208333,0.362625,0.335802,0.878698
386,3.216667,0.362619,0.335803,0.878700
387,3.225000,0.362622,0.335798,0.878697
388,3.233333,0.362615,0.335803,0.878691
389,3.241667,0.362610,0.335811,0.878682
390,3.250000,0.362600,0.335819,0.878669
391,3.258333,0.362594,0.335825,0.878663
392,3.266667,0.362595,0.335829,0.878662
393,3.275000,0.362588,0.335839,0.878660
394,3.283333,0.362596,0.335830,0.878669
395,3.291667,0.362588,0.335822,0.878672
396,3.300000,0.362589,0.335831,0.878681
397,3.308333,0.362587,0.335843,0.878689
398,3.316667,0.362593,0.335832,0.878682
399,3.325000,0.362592,0.335822,0.878674
400,3.333333,0.362598,0.335829,0.878667
401,3.341667,0.362592,0.335832,0.878663
402,3.350000,0.362596,0.335839,0.878655
403,3.358333,0.362590,0.335835,0.878652
404,3.366667,0.362594,0.335845,0.878655
405,3.375000,0.362590,0.335836,0.878656
406,3.383333,0.362592,0.335841,0.878656
407,3.391667,0.362594,0.335844,0.878658
408,3.400000,0.362592,0.335849,0.878657
409,3.408333,0.362589,0.335852,0.878656
410,3.416667,0.362586,0.335857,0.878651
411,3.425000,0.362587,0.335860,0.878648
412,3.433333,0.362594,0.335853,0.878636
413,3.441667,0.362601,0.335858,0.878625
414,3.450000,0.362604,0.335859,0.878614
415,3.458333,0.362603,0.335866,0.878601
416,3.466667,0.362606,0.335864,0.878591
417,3.475000,0.362606,0.335866,0.878589
418,3.483333,0.362607,0.335867,0.878588
419,3.491667,0.362604,0.335865,0.878592
420,3.500000,0.362606,0.335867,0.878596
421,3.508333,0.362601,0.335873,0.878593
422,3.516667,0.362598,0.335869,0.878586
423,3.525000,0.362611,0.335874,0.878556
424,3.533333,0.362616,0.335871,0.878504
425,3.541667,0.362622,0.335878,0.878437
426,3.550000,0.362634,0.335875,0.878356
427,3.558333,0.362633,0.335886,0.878287
428,3.566667,0.362625,0.335889,0.878222
429,3.575000,0.362634,0.335891,0.878173
430,3.583333,0.362649,0.335882,0.878144
431,3.591667,0.362678,0.335862,0.878118
432,3.600000,0.362712,0.335850,0.878072
433,3.608333,0.362738,0.335840,0.877983
434,3.616667,0.362752,0.335847,0.877833
435,3.625000,0.362771,0.335858,0.877624
436,3.633333,0.362774,0.335887,0.877364
437,3.641667,0.362774,0.335925,0.877056
438,3.650000,0.362794,0.335937,0.876786
439,3.658333,0.362823,0.335939,0.876558
440,3.666667,0.362848,0.335917,0.876368
441,3.675000,0.362866,0.335895,0.876159
442,3.683333,0.362857,0.335879,0.875916
443,3.691667,0.362852,0.335850,0.875639
444,3.700000,0.362827,0.335853,0.875282
445,3.708333,0.362781,0.335884,0.874799
446,3.716667,0.362769,0.335917,0.874330
447,3.725000,0.362743,0.335951,0.873874
448,3.733333,0.362744,0.335959,0.873452
449,3.741667,0.362760,0.335945,0.873105
450,3.750000,0.362772,0.335913,0.872770
451,3.758333,0.362775,0.335907,0.872425
452,3.766667,0.362806,0.335877,0.872057
453,3.775000,0.362789,0.335867,0.871600
454,3.783333,0.362768,0.335889,0.871090
455,3.791667,0.362749,0.335919,0.870483
456,3.800000,0.362742,0.335919,0.869889
457,3.808333,0.362765,0.335937,0.869254
458,3.816667,0.362783,0.335954,0.868696
459,3.825000,0.362776,0.335972,0.868160
460,3.833333,0.362786,0.335962,0.867712
461,3.841667,0.362790,0.335930,0.867294
462,3.850000,0.362793,0.335904,0.866861
463,3.858333,0.362809,0.335895,0.866373
464,3.866667,0.362792,0.335875,0.865798
465,3.875000,0.362780,0.335909,0.865208
466,3.883333,0.362773,0.335968,0.864582
467,3.891667,0.362775,0.335960,0.863993
468,3.900000,0.362781,0.335943,0.863408
469,3.908333,0.362788,0.335937,0.862857
470,3.916667,0.362816,0.335913,0.862305
471,3.925000,0.362834,0.335938,0.861728
472,3.933333,0.362858,0.335945,0.861128
473,3.941667,0.362860,0.335965,0.860498
474,3.950000,0.362882,0.335966,0.859878
475,3.958333,0.362851,0.335982,0.859246
476,3.966667,0.362833,0.335988,0.858704
477,3.975000,0.362801,0.335997,0.858157
478,3.983333,0.362812,0.335986,0.857689
479,3.991667,0.362812,0.335975,0.857196
480,4.000000,0.362844,0.335956,0.856700
481,4.008333,0.362843,0.335963,0.856175
482,4.016667,0.362870,0.335977,0.855626
483,4.025000,0.362876,0.335986,0.855061
484,4.033333,0.362877,0.335983,0.854518
485,4.041667,0.362873,0.335977,0.853936
486,4.050000,0.362866,0.335976,0.853397
487,4.058333,0.362863,0.335980,0.852854
488,4.066667,0.362852,0.336000,0.852313
489,4.075000,0.362845,0.335996,0.851798
490,4.083333,0.362869,0.335992,0.851241
491,4.091667,0.362886,0.335971,0.850713
492,4.100000,0.362897,0.335963,0.850123
493,4.108333,0.362875,0.335986,0.849522
494,4.116667,0.362868,0.335999,0.848919
495,4.125000,0.362854,0.336033,0.848318
496,4.133333,0.362841,0.336011,0.847772
497,4.141667,0.362840,0.335999,0.847215
498,4.150000,0.362849,0.335990,0.846720
499,4.158333,0.362853,0.335973,0.846216
500,4.166667,0.362864,0.335971,0.845692
501,4.175000,0.362875,0.335975,0.845146
502,4.183333,0.362894,0.335966,0.844547
503,4.191667,0.362907,0.335971,0.843931
504,4.200000,0.362915,0.336004,0.843314
505,4.208333,0.362902,0.336027,0.842683
506,4.216667,0.362894,0.336025,0.842160
507,4.225000,0.362887,0.335999,0.841592
508,4.233333,0.362893,0.335973,0.841145
509,4.241667,0.362867,0.335960,0.840636
510,4.250000,0.362861,0.335946,0.840113
511,4.258333,0.362880,0.335967,0.839567
512,4.266667,0.362899,0.335986,0.838960
513,4.275000,0.362911,0.335975,0.838325
514,4.283333,0.362919,0.335987,0.837688
515,4.291667,0.362907,0.335990,0.837019
516,4.300000,0.362902,0.336012,0.836430
517,4.308333,0.362880,0.336011,0.835829
518,4.316667,0.362885,0.336006,0.835324
519,4.325000,0.362897,0.335999,0.834787
520,4.333333,0.362910,0.335978,0.834316
521,4.341667,0.362910,0.335981,0.833789
522,4.350000,0.362933,0.335981,0.833270
523,4.358333,0.362934,0.335986,0.832670
524,4.366667,0.362953,0.335976,0.832058
525,4.375000,0.362946,0.335979,0.831419
526,4.383333,0.362934,0.336015,0.830814
527,4.391667,0.362927,0.336028,0.830226
528,4.400000,0.362915,0.336029,0.829732
529,4.408333,0.362929,0.335990,0.829215
530,4.416667,0.362932,0.335970,0.828752
531,4.425000,0.362930,0.335955,0.828236
532,4.433333,0.362947,0.335954,0.827703
533,4.441667,0.362949,0.335979,0.827112
534,4.450000,0.362953,0.335986,0.826496
535,4.458333,0.362957,0.335980,0.825829
536,4.466667,0.362963,0.335984,0.825199
537,4.475000,0.362945,0.335993,0.824533
538,4.483333,0.362927,0.335997,0.823901
539,4.491667,0.362931,0.335999,0.823309
540,4.500000,0.362929,0.335974,0.822733
541,4.508333,0.362946,0.335972,0.822138
542,4.516667,0.362936,0.335959,0.821536
543,4.525000,0.362940,0.335983,0.820920
544,4.533333,0.362924,0.335974,0.820209
545,4.541667,0.362926,0.335975,0.819537
546,4.550000,0.362903,0.335970,0.818837
547,4.558333,0.362881,0.335993,0.818163
548,4.566667,0.362891,0.336012,0.817511
549,4.575000,0.362886,0.335991,0.816858
550,4.583333,0.362902,0.335974,0.816213
551,4.591667,0.362901,0.335960,0.815572
552,4.600000,0.362917,0.335964,0.814886
553,4.608333,0.362925,0.335978,0.814205
554,4.616667,0.362934,0.335986,0.813460
555,4.625000,0.362917,0.335976,0.812786
556,4.633333,0.362921,0.335995,0.812081
557,4.641667,0.362892,0.335995,0.811379
558,4.650000,0.362881,0.335984,0.810698
559,4.658333,0.362858,0.335974,0.810017
560,4.666667,0.362869,0.335980,0.809313
561,4.675000,0.362855,0.335996,0.808619
562,4.683333,0.362864,0.335982,0.807848
563,4.691667,0.362869,0.335984,0.807094
564,4.700000,0.362917,0.335991,0.806315
565,4.708333,0.362929,0.336007,0.805520
566,4.716667,0.362990,0.336007,0.804716
567,4.725000,0.363012,0.336016,0.803971
568,4.733333,0.363012,0.336018,0.803199
569,4.741667,0.363031,0.336022,0.802463
570,4.750000,0.363045,0.335997,0.801748
571,4.758333,0.363072,0.336001,0.801007
572,4.766667,0.363077,0.336010,0.800255
573,4.775000,0.363129,0.336000,0.799464
574,4.783333,0.363159,0.336003,0.798619
575,4.791667,0.363204,0.336037,0.797745
576,4.800000,0.363257,0.336063,0.796893
577,4.808333,0.363299,0.336071,0.796087
578,4.816667,0.363309,0.336056,0.795268
579,4.825000,0.363302,0.336083,0.794581
580,4.833333,0.363289,0.336072,0.793938
581,4.841667,0.363286,0.336041,0.793354
582,4.850000,0.363274,0.336025,0.792800
583,4.858333,0.363277,0.336010,0.792196
584,4.866667,0.363274,0.336011,0.791597
585,4.875000,0.363269,0.336018,0.790881
586,4.883333,0.363251,0.336020,0.790195
587,4.891667,0.363246,0.336021,0.789453
588,4.900000,0.363246,0.336053,0.788763
589,4.908333,0.363240,0.336068,0.788111
590,4.916667,0.363229,0.336075,0.787478
591,4.925000,0.363228,0.336046,0.786919
592,4.933333,0.363214,0.336014,0.786336
593,4.941667,0.363207,0.336018,0.785815
594,4.950000,0.363192,0.335998,0.785210
595,4.958333,0.363184,0.336002,0.784584
596,4.966667,0.363208,0.336013,0.783874
597,4.975000,0.363208,0.336028,0.783146
598,4.983333,0.363185,0.336058,0.782439
599,4.991667,0.363161,0.336074,0.781744
600,5.000000,0.363143,0.336055,0.781123
601,5.008333,0.363138,0.336029,0.780540
602,5.016667,0.363137,0.336030,0.780031
603,5.025000,0.363150,0.336028,0.779462
604,5.033333,0.363153,0.336002,0.778897
605,5.041667,0.363174,0.335997,0.778257
606,5.050000,0.363158,0.336015,0.777552
607,5.058333,0.363143,0.336028,0.776847
608,5.066667,0.363141,0.336048,0.776084
609,5.075000,0.363117,0.336052,0.775364
610,5.083333,0.363129,0.336066,0.774687
611,5.091667,0.363111,0.336066,0.774074
612,5.100000,0.363128,0.336058,0.773499
613,5.108333,0.363114,0.336026,0.772919
614,5.116667,0.363121,0.336011,0.772368
615,5.125000,0.363109,0.335995,0.771742
616,5.133333,0.363118,0.336003,0.771137
617,5.141667,0.363141,0.336030,0.770421
618,5.150000,0.363126,0.336028,0.769723
619,5.158333,0.363152,0.336040,0.769010
620,5.166667,0.363144,0.336043,0.768287
621,5.175000,0.363161,0.336063,0.767602
622,5.183333,0.363143,0.336058,0.766952
623,5.191667,0.363135,0.336050,0.766313
624,5.200000,0.363127,0.336055,0.765733
625,5.208333,0.363119,0.336045,0.765175
626,5.216667,0.363121,0.336041,0.764584
627,5.225000,0.363130,0.336020,0.764000
628,5.233333,0.363157,0.336022,0.763350
629,5.241667,0.363160,0.336036,0.762687
630,5.250000,0.363180,0.336068,0.762018
631,5.258333,0.363171,0.336092,0.761352
632,5.266667,0.363167,0.336071,0.760734
633,5.275000,0.363169,0.336062,0.760135
634,5.283333,0.363163,0.336069,0.759632
635,5.291667,0.363154,0.336048,0.759078
636,5.300000,0.363178,0.336045,0.758582
637,5.308333,0.363198,0.336019,0.758024
638,5.316667,0.363225,0.336029,0.757423
639,5.325000,0.363220,0.336038,0.756793
640,5.333333,0.363233,0.336071,0.756128
641,5.341667,0.363208,0.336072,0.755445
642,5.350000,0.363225,0.336078,0.754787
643,5.358333,0.363215,0.336087,0.754197
644,5.366667,0.363216,0.336096,0.753694
645,5.375000,0.363252,0.336093,0.753218
646,5.383333,0.363278,0.336061,0.752806
647,5.391667,0.363294,0.336035,0.752349
648,5.400000,0.363315,0.336031,0.751849
649,5.408333,0.363301,0.336038,0.751272
650,5.416667,0.363291,0.336065,0.750668
651,5.425000,0.363267,0.336070,0.750018
652,5.433333,0.363246,0.336079,0.749429
653,5.441667,0.363257,0.336099,0.748850
654,5.450000,0.363273,0.336112,0.748365
655,5.458333,0.363261,0.336094,0.747905
656,5.466667,0.363289,0.336089,0.747433
657,5.475000,0.363299,0.336056,0.747012
658,5.483333,0.363279,0.336042,0.746502
659,5.491667,0.363294,0.336044,0.745985
660,5.500000,0.363288,0.336058,0.745410
661,5.508333,0.363292,0.336063,0.744845
662,5.516667,0.363304,0.336098,0.744222
663,5.525000,0.363302,0.336105,0.743702
664,5.533333,0.363285,0.336109,0.743171
665,5.541667,0.363286,0.336092,0.742716
666,5.550000,0.363279,0.336087,0.742291
667,5.558333,0.363272,0.336062,0.741834
668,5.566667,0.363305,0.336046,0.741362
669,5.575000,0.363295,0.336034,0.740807
670,5.583333,0.363295,0.336056,0.740213
671,5.591667,0.363286,0.336089,0.739558
672,5.600000,0.363291,0.336107,0.738936
673,5.608333,0.363288,0.336114,0.738281
674,5.616667,0.363289,0.336114,0.737749
675,5.625000,0.363280,0.336101,0.737204
676,5.633333,0.363280,0.336098,0.736772
677,5.641667,0.363265,0.336090,0.736331
678,5.650000,0.363257,0.336073,0.735874
679,5.658333,0.363268,0.336071,0.735392
680,5.666667,0.363286,0.336076,0.734869
681,5.675000,0.363311,0.336094,0.734323
682,5.683333,0.363320,0.336104,0.733723
683,5.691667,0.363331,0.336119,0.733200
684,5.700000,0.363339,0.336113,0.732650
685,5.708333,0.363348,0.336111,0.732213
686,5.716667,0.363345,0.336103,0.731824
687,5.725000,0.363350,0.336094,0.731445
688,5.733333,0.363355,0.336090,0.731089
689,5.741667,0.363351,0.336074,0.730706
690,5.750000,0.363344,0.336064,0.730267
691,5.758333,0.363392,0.336067,0.729783
692,5.766667,0.363403,0.336069,0.729234
693,5.775000,0.363444,0.336075,0.728680
694,5.783333,0.363463,0.336091,0.728058
695,5.791667,0.363482,0.336096,0.727500
696,5.800000,0.363486,0.336113,0.726899
697,5.808333,0.363468,0.336117,0.726393
698,5.816667,0.363407,0.336111,0.725903
699,5.825000,0.363406,0.336096,0.725440
700,5.833333,0.363403,0.336081,0.724995
701,5.841667,0.363405,0.336058,0.724511
702,5.850000,0.363441,0.336060,0.724001
703,5.858333,0.363466,0.336064,0.723408
704,5.866667,0.363491,0.336092,0.722812
705,5.875000,0.363508,0.336122,0.722133
706,5.883333,0.363493,0.336134,0.721497
707,5.891667,0.363492,0.336120,0.720845
708,5.900000,0.363476,0.336132,0.720298
709,5.908333,0.363435,0.336134,0.719766
710,5.916667,0.363451,0.336116,0.719285
711,5.925000,0.363445,0.336108,0.718787
712,5.933333,0.363447,0.336090,0.718308
713,5.941667,0.363453,0.336096,0.717746
714,5.950000,0.363446,0.336116,0.717196
715,5.958333,0.363430,0.336099,0.716564
716,5.966667,0.363439,0.336118,0.715931
717,5.975000,0.363424,0.336122,0.715269
718,5.983333,0.363444,0.336130,0.714640
719,5.991667,0.363428,0.336139,0.714026
720,6.000000,0.363430,0.336134,0.713464
721,6.008333,0.363414,0.336134,0.712911
722,6.016667,0.363394,0.336111,0.712417
723,6.025000,0.363386,0.336091,0.711847
724,6.033333,0.363396,0.336084,0.711296
725,6.041667,0.363390,0.336089,0.710667
726,6.050000,0.363403,0.336101,0.710015
727,6.058333,0.363385,0.336127,0.709346
728,6.066667,0.363394,0.336148,0.708675
729,6.075000,0.363377,0.336157,0.708049
730,6.083333,0.363367,0.336146,0.707455
731,6.091667,0.363353,0.336124,0.706871
732,6.100000,0.363347,0.336128,0.706329
733,6.108333,0.363363,0.336118,0.705735
734,6.116667,0.363378,0.336115,0.705151
735,6.125000,0.363388,0.336124,0.704530
736,6.133333,0.363396,0.336136,0.703860
737,6.141667,0.363384,0.336145,0.703217
738,6.150000,0.363348,0.336145,0.702485
739,6.158333,0.363332,0.336159,0.701865
740,6.166667,0.363325,0.336157,0.701208
741,6.175000,0.363316,0.336156,0.700649
742,6.183333,0.363308,0.336148,0.700065
743,6.191667,0.363323,0.336158,0.699501
744,6.200000,0.363321,0.336150,0.698922
745,6.208333,0.363323,0.336133,0.698336
746,6.216667,0.363302,0.336123,0.697675
747,6.225000,0.363313,0.336130,0.697017
748,6.233333,0.363315,0.336158,0.696299
749,6.241667,0.363311,0.336189,0.695630
750,6.250000,0.363323,0.336194,0.694988
751,6.258333,0.363300,0.336178,0.694388
752,6.266667,0.363293,0.336184,0.693879
753,6.275000,0.363288,0.336161,0.693364
754,6.283333,0.363267,0.336141,0.692891
755,6.291667,0.363282,0.336134,0.692407
756,6.300000,0.363304,0.336122,0.691845
757,6.308333,0.363323,0.336130,0.691303
758,6.316667,0.363338,0.336149,0.690686
759,6.325000,0.363334,0.336172,0.690094
760,6.333333,0.363301,0.336184,0.689506
761,6.341667,0.363319,0.336192,0.688976
762,6.350000,0.363296,0.336178,0.688498
763,6.358333,0.363299,0.336153,0.688088
764,6.366667,0.363320,0.336132,0.687686
765,6.375000,0.363328,0.336110,0.687249
766,6.383333,0.363320,0.336102,0.686787
767,6.391667,0.363341,0.336120,0.686208
768,6.400000,0.363364,0.336138,0.685593
769,6.408333,0.363332,0.336154,0.684929
770,6.416667,0.363322,0.336169,0.684271
771,6.425000,0.363299,0.336173,0.683663
772,6.433333,0.363307,0.336179,0.683127
773,6.441667,0.363319,0.336183,0.682619
774,6.450000,0.363322,0.336150,0.682204
775,6.458333,0.363351,0.336136,0.681767
776,6.466667,0.363364,0.336118,0.681277
777,6.475000,0.363364,0.336111,0.680760
778,6.483333,0.363350,0.336101,0.680120
779,6.491667,0.363343,0.336118,0.679439
780,6.500000,0.363313,0.336145,0.678697
781,6.508333,0.363324,0.336187,0.677964
782,6.516667,0.363320,0.336197,0.677319
783,6.525000,0.363327,0.336204,0.676702
784,6.533333,0.363300,0.336192,0.676210
785,6.541667,0.363297,0.336158,0.675729
786,6.550000,0.363296,0.336141,0.675256
787,6.558333,0.363290,0.336123,0.674756
788,6.566667,0.363286,0.336105,0.674168
789,6.575000,0.363316,0.336108,0.673536
790,6.583333,0.363310,0.336132,0.672848
791,6.591667,0.363311,0.336178,0.672092
792,6.600000,0.363295,0.336192,0.671394
793,6.608333,0.363283,0.336171,0.670692
794,6.616667,0.363277,0.336187,0.670102
795,6.625000,0.363263,0.336176,0.669504
796,6.633333,0.363290,0.336159,0.668955
797,6.641667,0.363281,0.336160,0.668382
798,6.650000,0.363284,0.336152,0.667813
799,6.658333,0.363287,0.336162,0.667184
800,6.666667,0.363280,0.336153,0.666538
801,6.675000,0.363267,0.336148,0.665829
802,6.683333,0.363239,0.336176,0.665174
803,6.691667,0.363223,0.336188,0.664519
804,6.700000,0.363213,0.336196,0.663916
805,6.708333,0.363200,0.336179,0.663381
806,6.716667,0.363195,0.336161,0.662832
807,6.725000,0.363183,0.336170,0.662327
808,6.733333,0.363180,0.336154,0.661793
809,6.741667,0.363186,0.336133,0.661186
810,6.750000,0.363199,0.336148,0.660573
811,6.758333,0.363214,0.336159,0.659882
812,6.766667,0.363206,0.336184,0.659192
813,6.775000,0.363200,0.336219,0.658555
814,6.783333,0.363177,0.336219,0.657941
815,6.791667,0.363190,0.336221,0.657454
816,6.800000,0.363183,0.336198,0.657005
817,6.808333,0.363196,0.336162,0.656548
818,6.816667,0.363219,0.336134,0.656117
819,6.825000,0.363220,0.336119,0.655617
820,6.833333,0.363212,0.336135,0.655037
821,6.841667,0.363189,0.336174,0.654410
822,6.850000,0.363189,0.336197,0.653776
823,6.858333,0.363160,0.336204,0.653137
824,6.866667,0.363161,0.336218,0.652600
825,6.875000,0.363150,0.336215,0.652102
826,6.883333,0.363153,0.336196,0.651679
827,6.891667,0.363158,0.336171,0.651325
828,6.900000,0.363156,0.336160,0.650950
829,6.908333,0.363166,0.336157,0.650538
830,6.916667,0.363168,0.336146,0.650104
831,6.925000,0.363162,0.336164,0.649624
832,6.933333,0.363175,0.336187,0.649148
833,6.941667,0.363179,0.336201,0.648654
834,6.950000,0.363159,0.336198,0.648214
835,6.958333,0.363158,0.336215,0.647841
836,6.966667,0.363162,0.336186,0.647500
837,6.975000,0.363165,0.336171,0.647186
838,6.983333,0.363176,0.336154,0.646883
839,6.991667,0.363180,0.336148,0.646563
840,7.000000,0.363174,0.336131,0.646159
841,7.008333,0.363180,0.336142,0.645690
842,7.016667,0.363167,0.336165,0.645212
843,7.025000,0.363155,0.336193,0.644720
844,7.033333,0.363158,0.336229,0.644285
845,7.041667,0.363146,0.336231,0.643905
846,7.050000,0.363133,0.336213,0.643609
847,7.058333,0.363119,0.336187,0.643350
848,7.066667,0.363123,0.336159,0.643098
849,7.075000,0.363118,0.336132,0.642781
850,7.083333,0.363111,0.336123,0.642404
851,7.091667,0.363103,0.336130,0.641972
852,7.100000,0.363106,0.336149,0.641475
853,7.108333,0.363126,0.336184,0.640939
854,7.116667,0.363141,0.336207,0.640458
855,7.125000,0.363139,0.336218,0.640012
856,7.133333,0.363151,0.336222,0.639656
857,7.141667,0.363153,0.336203,0.639360
858,7.150000,0.363138,0.336178,0.639097
859,7.158333,0.363121,0.336148,0.638822
860,7.166667,0.363122,0.336134,0.638507
861,7.175000,0.363117,0.336129,0.638095
862,7.183333,0.363105,0.336133,0.637596
863,7.191667,0.363066,0.336166,0.637085
864,7.200000,0.363072,0.336199,0.636563
865,7.208333,0.363076,0.336215,0.636106
866,7.216667,0.363061,0.336206,0.635719
867,7.225000,0.363034,0.336188,0.635369
868,7.233333,0.363010,0.336166,0.635058
869,7.241667,0.362980,0.336157,0.634749
870,7.250000,0.362950,0.336150,0.634380
871,7.258333,0.362903,0.336160,0.633986
872,7.266667,0.362876,0.336183,0.633561
873,7.275000,0.362861,0.336178,0.633090
874,7.283333,0.362841,0.336183,0.632614
875,7.291667,0.362842,0.336177,0.632200
876,7.300000,0.362848,0.336176,0.631798
877,7.308333,0.362880,0.336175,0.631435
878,7.316667,0.362894,0.336148,0.631074
879,7.325000,0.362887,0.336134,0.630666
880,7.333333,0.362888,0.336134,0.630227
881,7.341667,0.362879,0.336148,0.629715
882,7.350000,0.362848,0.336166,0.629159
883,7.358333,0.362837,0.336187,0.628590
884,7.366667,0.362826,0.336179,0.627984
885,7.375000,0.362828,0.336186,0.627461
886,7.383333,0.362827,0.336201,0.626968
887,7.391667,0.362844,0.336194,0.626567
888,7.400000,0.362847,0.336178,0.626206
889,7.408333,0.362851,0.336154,0.625822
890,7.416667,0.362854,0.336132,0.625417
891,7.425000,0.362870,0.336125,0.624908
892,7.433333,0.362863,0.336138,0.624356
893,7.441667,0.362857,0.336172,0.623765
894,7.450000,0.362833,0.336193,0.623131
895,7.458333,0.362819,0.336201,0.622591
896,7.466667,0.362837,0.336199,0.622075
897,7.475000,0.362849,0.336186,0.621670
898,7.483333,0.362857,0.336168,0.621303
899,7.491667,0.362869,0.336144,0.620923
900,7.500000,0.362889,0.336132,0.620497
901,7.508333,0.362900,0.336122,0.619969
902,7.516667,0.362885,0.336149,0.619430
903,7.525000,0.362874,0.336169,0.618846
904,7.533333,0.362852,0.336173,0.618241
905,7.541667,0.362846,0.336176,0.617706
906,7.550000,0.362849,0.336184,0.617164
907,7.558333,0.362860,0.336172,0.616706
908,7.566667,0.362858,0.336184,0.616272
909,7.575000,0.362866,0.336187,0.615863
910,7.583333,0.362886,0.336170,0.615423
911,7.591667,0.362876,0.336148,0.614968
912,7.600000,0.362875,0.336157,0.614497
913,7.608333,0.362876,0.336161,0.613989
914,7.616667,0.362863,0.336161,0.613451
915,7.625000,0.362868,0.336161,0.612951
916,7.633333,0.362870,0.336170,0.612420
917,7.641667,0.362861,0.336170,0.611943
918,7.650000,0.362858,0.336178,0.611464
919,7.658333,0.362871,0.336167,0.610969
920,7.666667,0.362884,0.336154,0.610432
921,7.675000,0.362877,0.336137,0.609887
922,7.683333,0.362889,0.336149,0.609317
923,7.691667,0.362878,0.336165,0.608708
924,7.700000,0.362881,0.336174,0.608130
925,7.708333,0.362898,0.336158,0.607514
926,7.716667,0.362909,0.336163,0.606954
927,7.725000,0.362903,0.336174,0.606367
928,7.733333,0.362904,0.336164,0.605757
929,7.741667,0.362867,0.336163,0.605147
930,7.750000,0.362847,0.336170,0.604517
931,7.758333,0.362830,0.336192,0.603874
932,7.766667,0.362838,0.336203,0.603260
933,7.775000,0.362872,0.336188,0.602626
934,7.783333,0.362885,0.336191,0.602076
935,7.791667,0.362875,0.336202,0.601538
936,7.800000,0.362856,0.336191,0.601007
937,7.808333,0.362842,0.336172,0.600460
938,7.816667,0.362834,0.336156,0.599855
939,7.825000,0.362827,0.336160,0.599189
940,7.833333,0.362826,0.336182,0.598522
941,7.841667,0.362826,0.336203,0.597783
942,7.850000,0.362831,0.336235,0.597107
943,7.858333,0.362828,0.336240,0.596458
944,7.866667,0.362822,0.336228,0.595864
945,7.875000,0.362813,0.336193,0.595301
946,7.883333,0.362817,0.336178,0.594774
947,7.891667,0.362821,0.336190,0.594221
948,7.900000,0.362823,0.336189,0.593651
949,7.908333,0.362834,0.336183,0.592980
950,7.916667,0.362842,0.336195,0.592321
951,7.925000,0.362838,0.336217,0.591617
952,7.933333,0.362854,0.336216,0.590904
953,7.941667,0.362878,0.336219,0.590191
954,7.950000,0.362899,0.336240,0.589510
955,7.958333,0.362924,0.336226,0.588889
956,7.966667,0.362949,0.336213,0.588210
957,7.975000,0.362954,0.336206,0.587560
958,7.983333,0.362922,0.336225,0.586862
959,7.991667,0.362901,0.336233,0.586149
960,8.000000,0.362885,0.336229,0.585409
961,8.008333,0.362867,0.336251,0.584682
962,8.016667,0.362828,0.336258,0.584001
963,8.025000,0.362807,0.336263,0.583317
964,8.033333,0.362806,0.336261,0.582691
965,8.041667,0.362833,0.336243,0.582092
966,8.050000,0.362852,0.336227,0.581456
967,8.058333,0.362841,0.336194,0.580768
968,8.066667,0.362842,0.336200,0.580042
969,8.075000,0.362826,0.336235,0.579260
970,8.083333,0.362836,0.336240,0.578398
971,8.091667,0.362845,0.336267,0.577579
972,8.100000,0.362859,0.336293,0.576759
973,8.108333,0.362851,0.336299,0.575973
974,8.116667,0.362849,0.336293,0.575282
975,8.125000,0.362846,0.336298,0.574642
976,8.133333,0.362867,0.336274,0.574016
977,8.141667,0.362889,0.336237,0.573375
978,8.150000,0.362880,0.336239,0.572700
979,8.158333,0.362869,0.336252,0.571946
980,8.166667,0.362845,0.336265,0.571136
981,8.175000,0.362860,0.336289,0.570315
982,8.183333,0.362854,0.336314,0.569558
983,8.191667,0.362866,0.336323,0.568816
984,8.200000,0.362872,0.336319,0.568161
985,8.208333,0.362872,0.336286,0.567575
986,8.216667,0.362885,0.336257,0.566951
987,8.225000,0.362879,0.336224,0.566306
988,8.233333,0.362893,0.336230,0.565603
989,8.241667,0.362885,0.336254,0.564803
990,8.250000,0.362879,0.336279,0.563948
991,8.258333,0.362845,0.336308,0.563099
992,8.266667,0.362828,0.336328,0.562282
993,8.275000,0.362836,0.336312,0.561566
994,8.283333,0.362854,0.336314,0.560970
995,8.291667,0.362877,0.336308,0.560448
996,8.300000,0.362872,0.336260,0.559967
997,8.308333,0.362883,0.336212,0.559441
998,8.316667,0.362899,0.336189,0.558832
999,8.325000,0.362891,0.336198,0.558157
1000,8.333333,0.362893,0.336214,0.557338
1001,8.341667,0.362886,0.336249,0.556489
1002,8.350000,0.362897,0.336279,0.555638
1003,8.358333,0.362868,0.336264,0.554834
1004,8.366667,0.362877,0.336271,0.554099
1005,8.375000,0.362874,0.336279,0.553439
1006,8.383333,0.362886,0.336238,0.552840
1007,8.391667,0.362910,0.336210,0.552208
1008,8.400000,0.362899,0.336187,0.551549
1009,8.408333,0.362882,0.336185,0.550810
1010,8.416667,0.362875,0.336192,0.549974
1011,8.425000,0.362863,0.336255,0.549107
1012,8.433333,0.362837,0.336271,0.548257
1013,8.441667,0.362821,0.336276,0.547464
1014,8.450000,0.362815,0.336261,0.546799
1015,8.458333,0.362835,0.336266,0.546215
1016,8.466667,0.362856,0.336229,0.545658
1017,8.475000,0.362865,0.336209,0.545093
1018,8.483333,0.362874,0.336202,0.544463
1019,8.491667,0.362868,0.336192,0.543738
1020,8.500000,0.362829,0.336183,0.542955
1021,8.508333,0.362821,0.336238,0.542122
1022,8.516667,0.362822,0.336272,0.541292
1023,8.525000,0.362850,0.336272,0.540501
1024,8.533333,0.362825,0.336279,0.539821
1025,8.541667,0.362828,0.336266,0.539208
1026,8.550000,0.362826,0.336243,0.538636
1027,8.558333,0.362839,0.336226,0.538115
1028,8.566667,0.362865,0.336231,0.537548
1029,8.575000,0.362884,0.336227,0.536942
1030,8.583333,0.362898,0.336206,0.536281
1031,8.591667,0.362892,0.336234,0.535557
1032,8.600000,0.362866,0.336265,0.534838
1033,8.608333,0.362858,0.336263,0.534139
1034,8.616667,0.362851,0.336271,0.533479
1035,8.625000,0.362863,0.336264,0.532886
1036,8.633333,0.362877,0.336252,0.532309
1037,8.641667,0.362856,0.336215,0.531722
1038,8.650000,0.362846,0.336208,0.531130
1039,8.658333,0.362846,0.336234,0.530489
1040,8.666667,0.362841,0.336239,0.529805
1041,8.675000,0.362864,0.336223,0.529096
1042,8.683333,0.362855,0.336229,0.528363
1043,8.691667,0.362852,0.336254,0.527604
1044,8.700000,0.362837,0.336264,0.526861
1045,8.708333,0.362840,0.336275,0.526172
1046,8.716667,0.362862,0.336275,0.525503
1047,8.725000,0.362873,0.336251,0.524883
1048,8.733333,0.362884,0.336218,0.524269
1049,8.741667,0.362879,0.336208,0.523617
1050,8.750000,0.362873,0.336202,0.522880
1051,8.758333,0.362886,0.336218,0.522095
1052,8.766667,0.362868,0.336223,0.521279
1053,8.775000,0.362878,0.336243,0.520393
1054,8.783333,0.362836,0.336265,0.519503
1055,8.791667,0.362826,0.336295,0.518647
1056,8.800000,0.362819,0.336302,0.517867
1057,8.808333,0.362831,0.336300,0.517144
1058,8.816667,0.362823,0.336280,0.516487
1059,8.825000,0.362827,0.336262,0.515823
1060,8.833333,0.362842,0.336257,0.515189
1061,8.841667,0.362842,0.336245,0.514499
1062,8.850000,0.362873,0.336246,0.513747
1063,8.858333,0.362857,0.336243,0.512956
1064,8.866667,0.362854,0.336278,0.512124
1065,8.875000,0.362834,0.336290,0.511290
1066,8.883333,0.362854,0.336318,0.510501
1067,8.891667,0.362835,0.336315,0.509762
1068,8.900000,0.362841,0.336311,0.509092
1069,8.908333,0.362835,0.336281,0.508477
1070,8.916667,0.362831,0.336274,0.507871
1071,8.925000,0.362833,0.336256,0.507242
1072,8.933333,0.362843,0.336263,0.506571
1073,8.941667,0.362851,0.336270,0.505833
1074,8.950000,0.362860,0.336283,0.505070
1075,8.958333,0.362830,0.336310,0.504260
1076,8.966667,0.362833,0.336350,0.503512
1077,8.975000,0.362837,0.336352,0.502851
1078,8.983333,0.362855,0.336344,0.502295
1079,8.991667,0.362877,0.336321,0.501801
1080,9.000000,0.362873,0.336280,0.501375
1081,9.008333,0.362874,0.336285,0.500898
1082,9.016667,0.362881,0.336260,0.500406
1083,9.025000,0.362893,0.336279,0.499834
1084,9.033333,0.362897,0.336284,0.499242
1085,9.041667,0.362917,0.336304,0.498606
1086,9.050000,0.362907,0.336314,0.498007
1087,9.058333,0.362879,0.336311,0.497427
1088,9.066667,0.362858,0.336326,0.496905
1089,9.075000,0.362857,0.336316,0.496443
1090,9.083333,0.362839,0.336304,0.495989
1091,9.091667,0.362858,0.336289,0.495571
1092,9.100000,0.362885,0.336297,0.495103
1093,9.108333,0.362886,0.336289,0.494598
1094,9.116667,0.362900,0.336290,0.494073
1095,9.125000,0.362887,0.336300,0.493532
1096,9.133333,0.362871,0.336315,0.493005
1097,9.141667,0.362855,0.336330,0.492529
1098,9.150000,0.362844,0.336319,0.492096
1099,9.158333,0.362851,0.336313,0.491734
1100,9.166667,0.362844,0.336304,0.491410
1101,9.175000,0.362828,0.336284,0.491067
1102,9.183333,0.362836,0.336260,0.490674
1103,9.191667,0.362848,0.336245,0.490235
1104,9.200000,0.362846,0.336261,0.489685
1105,9.208333,0.362844,0.336266,0.489082
1106,9.216667,0.362846,0.336289,0.488447
1107,9.225000,0.362834,0.336319,0.487802
1108,9.233333,0.362822,0.336326,0.487210
1109,9.241667,0.362803,0.336334,0.486678
1110,9.250000,0.362787,0.336311,0.486233
1111,9.258333,0.362761,0.336297,0.485800
1112,9.266667,0.362750,0.336271,0.485375
1113,9.275000,0.362762,0.336268,0.484920
1114,9.283333,0.362768,0.336261,0.484380
1115,9.291667,0.362786,0.336279,0.483769
1116,9.300000,0.362800,0.336301,0.483087
1117,9.308333,0.362779,0.336313,0.482415
1118,9.316667,0.362793,0.336342,0.481755
1119,9.325000,0.362808,0.336339,0.481189
1120,9.333333,0.362807,0.336341,0.480669
1121,9.341667,0.362824,0.336314,0.480262
1122,9.350000,0.362848,0.336293,0.479851
1123,9.358333,0.362846,0.336271,0.479407
1124,9.366667,0.362857,0.336246,0.478902
1125,9.375000,0.362854,0.336236,0.478293
1126,9.383333,0.362857,0.336249,0.477593
1127,9.391667,0.362846,0.336285,0.476808
1128,9.400000,0.362862,0.336339,0.476050
1129,9.408333,0.362834,0.336338,0.475307
1130,9.416667,0.362855,0.336360,0.474677
1131,9.425000,0.362857,0.336347,0.474151
1132,9.433333,0.362876,0.336308,0.473721
1133,9.441667,0.362890,0.336280,0.473289
1134,9.450000,0.362901,0.336254,0.472823
1135,9.458333,0.362905,0.336260,0.472283
1136,9.466667,0.362887,0.336280,0.471649
1137,9.475000,0.362892,0.336307,0.470979
1138,9.483333,0.362863,0.336317,0.470280
1139,9.491667,0.362855,0.336370,0.469662
1140,9.500000,0.362870,0.336366,0.469146
1141,9.508333,0.362879,0.336353,0.468722
1142,9.516667,0.362882,0.336313,0.468383
1143,9.525000,0.362895,0.336281,0.468072
1144,9.533333,0.362896,0.336264,0.467710
1145,9.541667,0.362891,0.336249,0.467288
1146,9.550000,0.362881,0.336244,0.466765
1147,9.558333,0.362867,0.336262,0.466153
1148,9.566667,0.362857,0.336301,0.465495
1149,9.575000,0.362851,0.336334,0.464842
1150,9.583333,0.362841,0.336348,0.464240
1151,9.591667,0.362826,0.336361,0.463724
1152,9.600000,0.362823,0.336351,0.463315
1153,9.608333,0.362826,0.336323,0.462978
1154,9.616667,0.362838,0.336295,0.462658
1155,9.625000,0.362843,0.336272,0.462337
1156,9.633333,0.362832,0.336250,0.461960
1157,9.641667,0.362828,0.336265,0.461480
1158,9.650000,0.362815,0.336291,0.460984
1159,9.658333,0.362797,0.336338,0.460432
1160,9.666667,0.362780,0.336362,0.459926
1161,9.675000,0.362769,0.336371,0.459519
1162,9.683333,0.362773,0.336373,0.459216
1163,9.691667,0.362785,0.336349,0.459012
1164,9.700000,0.362813,0.336324,0.458846
1165,9.708333,0.362843,0.336291,0.458674
1166,9.716667,0.362857,0.336265,0.458453
1167,9.725000,0.362867,0.336264,0.458139
1168,9.733333,0.362871,0.336282,0.457738
1169,9.741667,0.362867,0.336314,0.457330
1170,9.750000,0.362854,0.336356,0.456938
1171,9.758333,0.362833,0.336376,0.456581
1172,9.766667,0.362831,0.336370,0.456326
1173,9.775000,0.362840,0.336357,0.456168
1174,9.783333,0.362851,0.336335,0.456063
1175,9.791667,0.362863,0.336316,0.455964
1176,9.800000,0.362873,0.336304,0.455841
1177,9.808333,0.362895,0.336296,0.455677
1178,9.816667,0.362906,0.336309,0.455463
1179,9.825000,0.362896,0.336325,0.455216
1180,9.833333,0.362879,0.336328,0.454970
1181,9.841667,0.362870,0.336338,0.454729
1182,9.850000,0.362866,0.336350,0.454511
1183,9.858333,0.362851,0.336341,0.454314
1184,9.866667,0.362843,0.336337,0.454132
1185,9.875000,0.362840,0.336325,0.453968
1186,9.883333,0.362841,0.336318,0.453790
1187,9.891667,0.362857,0.336311,0.453584
1188,9.900000,0.362870,0.336310,0.453372
1189,9.908333,0.362877,0.336323,0.453126
1190,9.916667,0.362859,0.336331,0.452869
1191,9.925000,0.362845,0.336339,0.452625
1192,9.933333,0.362828,0.336355,0.452400
1193,9.941667,0.362832,0.336353,0.452202
1194,9.950000,0.362837,0.336345,0.452016
1195,9.958333,0.362842,0.336337,0.451850
1196,9.966667,0.362855,0.336319,0.451679
1197,9.975000,0.362856,0.336313,0.451482
1198,9.983333,0.362863,0.336307,0.451254
1199,9.991667,0.362870,0.336307,0.451006
1200,10.000000,0.362877,0.336327,0.450747
1201,10.008333,0.362873,0.336340,0.450457
1202,10.016667,0.362860,0.336339,0.450143
1203,10.025000,0.362835,0.336334,0.449834
1204,10.033333,0.362830,0.336342,0.449538
1205,10.041667,0.362831,0.336331,0.449270
1206,10.050000,0.362823,0.336331,0.449000
1207,10.058333,0.362827,0.336324,0.448719
1208,10.066667,0.362823,0.336327,0.448406
1209,10.075000,0.362836,0.336332,0.448075
1210,10.083333,0.362829,0.336312,0.447696
1211,10.091667,0.362836,0.336311,0.447277
1212,10.100000,0.362846,0.336334,0.446881
1213,10.108333,0.362845,0.336345,0.446479
1214,10.116667,0.362839,0.336344,0.446060
1215,10.125000,0.362849,0.336336,0.445699
1216,10.133333,0.362853,0.336338,0.445345
1217,10.141667,0.362842,0.336335,0.444972
1218,10.150000,0.362840,0.336329,0.444579
1219,10.158333,0.362857,0.336336,0.444172
1220,10.166667,0.362858,0.336333,0.443721
1221,10.175000,0.362872,0.336331,0.443219
1222,10.183333,0.362883,0.336327,0.442715
1223,10.191667,0.362876,0.336337,0.442192
1224,10.200000,0.362889,0.336344,0.441707
1225,10.208333,0.362882,0.336347,0.441192
1226,10.216667,0.362860,0.336357,0.440667
1227,10.225000,0.362864,0.336373,0.440196
1228,10.233333,0.362858,0.336371,0.439709
1229,10.241667,0.362859,0.336361,0.439238
1230,10.250000,0.362855,0.336343,0.438792
1231,10.258333,0.362863,0.336350,0.438329
1232,10.266667,0.362865,0.336336,0.437857
1233,10.275000,0.362877,0.336325,0.437340
1234,10.283333,0.362876,0.336333,0.436771
1235,10.291667,0.362904,0.336370,0.436236
1236,10.300000,0.362890,0.336377,0.435643
1237,10.308333,0.362905,0.336373,0.435112
1238,10.316667,0.362901,0.336379,0.434601
1239,10.325000,0.362913,0.336378,0.434121
1240,10.333333,0.362920,0.336371,0.433688
1241,10.341667,0.362930,0.336345,0.433238
1242,10.350000,0.362945,0.336321,0.432789
1243,10.358333,0.362971,0.336317,0.432323
1244,10.366667,0.362953,0.336316,0.431767
1245,10.375000,0.362971,0.336328,0.431187
1246,10.383333,0.362978,0.336335,0.430543
1247,10.391667,0.362962,0.336349,0.429910
1248,10.400000,0.362937,0.336369,0.429249
1249,10.408333,0.362933,0.336377,0.428615
1250,10.416667,0.362931,0.336369,0.428037
1251,10.425000,0.362943,0.336367,0.427507
1252,10.433333,0.362973,0.336338,0.426974
1253,10.441667,0.362973,0.336326,0.426408
1254,10.450000,0.362984,0.336338,0.425860
1255,10.458333,0.362979,0.336333,0.425203
1256,10.466667,0.362983,0.336327,0.424518
1257,10.475000,0.362981,0.336364,0.423787
1258,10.483333,0.362979,0.336372,0.423048
1259,10.491667,0.362973,0.336383,0.422327
1260,10.500000,0.362973,0.336382,0.421690
1261,10.508333,0.362979,0.336376,0.421063
1262,10.516667,0.362999,0.336353,0.420512
1263,10.525000,0.363007,0.336349,0.419928
1264,10.533333,0.363022,0.336330,0.419328
1265,10.541667,0.363021,0.336315,0.418623
1266,10.550000,0.363022,0.336323,0.417896
1267,10.558333,0.363037,0.336338,0.417065
1268,10.566667,0.363051,0.336374,0.416230
1269,10.575000,0.363018,0.336415,0.415427
1270,10.583333,0.363010,0.336418,0.414623
1271,10.591667,0.363000,0.336405,0.413942
1272,10.600000,0.362994,0.336396,0.413309
1273,10.608333,0.363015,0.336350,0.412706
1274,10.616667,0.363006,0.336342,0.412082
1275,10.625000,0.363021,0.336343,0.411456
1276,10.633333,0.363035,0.336346,0.410684
1277,10.641667,0.363060,0.336371,0.409922
1278,10.650000,0.363056,0.336380,0.409065
1279,10.658333,0.363039,0.336397,0.408212
1280,10.666667,0.363042,0.336429,0.407425
1281,10.675000,0.363039,0.336414,0.406639
1282,10.683333,0.363059,0.336434,0.405994
1283,10.691667,0.363037,0.336421,0.405337
1284,10.700000,0.363048,0.336392,0.404737
1285,10.708333,0.363051,0.336384,0.404106
1286,10.716667,0.363082,0.336383,0.403480
1287,10.725000,0.363099,0.336367,0.402757
1288,10.733333,0.363131,0.336398,0.402059
1289,10.741667,0.363138,0.336427,0.401313
1290,10.750000,0.363156,0.336428,0.400630
1291,10.758333,0.363155,0.336449,0.399947
1292,10.766667,0.363160,0.336450,0.399379
1293,10.775000,0.363158,0.336426,0.398775
1294,10.783333,0.363177,0.336414,0.398264
1295,10.791667,0.363167,0.336402,0.397722
1296,10.800000,0.363189,0.336395,0.397183
1297,10.808333,0.363234,0.336389,0.396597
1298,10.816667,0.363266,0.336412,0.395971
1299,10.825000,0.363304,0.336432,0.395346
1300,10.833333,0.363331,0.336433,0.394654
1301,10.841667,0.363327,0.336458,0.394065
1302,10.850000,0.363304,0.336460,0.393452
1303,10.858333,0.363317,0.336447,0.392929
1304,10.866667,0.363316,0.336439,0.392432
1305,10.875000,0.363332,0.336429,0.391983
1306,10.883333,0.363368,0.336430,0.391542
1307,10.891667,0.363375,0.336408,0.391032
1308,10.900000,0.363367,0.336415,0.390497
1309,10.908333,0.363359,0.336433,0.389915
1310,10.916667,0.363382,0.336441,0.389274
1311,10.925000,0.363394,0.336444,0.388660
1312,10.933333,0.363403,0.336462,0.388054
1313,10.941667,0.363417,0.336468,0.387492
1314,10.950000,0.363407,0.336456,0.386952
1315,10.958333,0.363401,0.336462,0.386467
1316,10.966667,0.363423,0.336464,0.385994
1317,10.975000,0.363420,0.336452,0.385481
1318,10.983333,0.363435,0.336430,0.384960
1319,10.991667,0.363452,0.336430,0.384398
1320,11.000000,0.363460,0.336433,0.383765
1321,11.008333,0.363477,0.336429,0.383106
1322,11.016667,0.363512,0.336450,0.382417
1323,11.025000,0.363541,0.336492,0.381759
1324,11.033333,0.363549,0.336497,0.381099
1325,11.041667,0.363561,0.336499,0.380538
1326,11.050000,0.363540,0.336498,0.379985
1327,11.058333,0.363539,0.336468,0.379506
1328,11.066667,0.363534,0.336444,0.378995
1329,11.075000,0.363556,0.336444,0.378497
1330,11.083333,0.363580,0.336447,0.377979
1331,11.091667,0.363606,0.336437,0.377357
1332,11.100000,0.363686,0.336472,0.376752
1333,11.108333,0.363702,0.336493,0.376079
1334,11.116667,0.363749,0.336492,0.375437
1335,11.125000,0.363768,0.336500,0.374798
1336,11.133333,0.363775,0.336499,0.374240
1337,11.141667,0.363792,0.336481,0.373659
1338,11.150000,0.363785,0.336480,0.373138
1339,11.158333,0.363773,0.336481,0.372640
1340,11.166667,0.363770,0.336483,0.372084
1341,11.175000,0.363810,0.336471,0.371486
1342,11.183333,0.363825,0.336486,0.370868
1343,11.191667,0.363835,0.336500,0.370205
1344,11.200000,0.363836,0.336505,0.369524
1345,11.208333,0.363804,0.336515,0.368900
1346,11.216667,0.363801,0.336537,0.368309
1347,11.225000,0.363803,0.336510,0.367756
1348,11.233333,0.363809,0.336514,0.367292
1349,11.241667,0.363807,0.336500,0.366828
1350,11.250000,0.363822,0.336493,0.366315
1351,11.258333,0.363839,0.336478,0.365808
1352,11.266667,0.363830,0.336484,0.365207
1353,11.275000,0.363885,0.336490,0.364598
1354,11.283333,0.363908,0.336480,0.363904
1355,11.291667,0.363934,0.336518,0.363282
1356,11.300000,0.363931,0.336512,0.362590
1357,11.308333,0.363937,0.336522,0.361963
1358,11.316667,0.363905,0.336522,0.361329
1359,11.325000,0.363909,0.336532,0.360713
1360,11.333333,0.363874,0.336505,0.360066
1361,11.341667,0.363836,0.336511,0.359454
1362,11.350000,0.363824,0.336521,0.358764
1363,11.358333,0.363846,0.336508,0.358090
1364,11.366667,0.363866,0.336525,0.357407
1365,11.375000,0.363892,0.336552,0.356734
1366,11.383333,0.363870,0.336566,0.356107
1367,11.391667,0.363830,0.336568,0.355524
1368,11.400000,0.363836,0.336552,0.355007
1369,11.408333,0.363827,0.336524,0.354474
1370,11.416667,0.363857,0.336501,0.353993
1371,11.425000,0.363898,0.336491,0.353425
1372,11.433333,0.363925,0.336475,0.352815
1373,11.441667,0.363949,0.336499,0.352165
1374,11.450000,0.363987,0.336546,0.351442
1375,11.458333,0.363989,0.336559,0.350769
1376,11.466667,0.363965,0.336573,0.350129
1377,11.475000,0.363946,0.336561,0.349570
1378,11.483333,0.363912,0.336542,0.349050
1379,11.491667,0.363896,0.336504,0.348612
1380,11.500000,0.363897,0.336484,0.348135
1381,11.508333,0.363906,0.336463,0.347584
1382,11.516667,0.363920,0.336480,0.346998
1383,11.525000,0.363929,0.336511,0.346321
1384,11.533333,0.363972,0.336531,0.345627
1385,11.541667,0.363971,0.336546,0.344909
1386,11.550000,0.363990,0.336551,0.344275
1387,11.558333,0.363962,0.336542,0.343632
1388,11.566667,0.363934,0.336528,0.343109
1389,11.575000,0.363913,0.336527,0.342573
1390,11.583333,0.363926,0.336500,0.342037
1391,11.591667,0.363970,0.336488,0.341491
1392,11.600000,0.364004,0.336505,0.340862
1393,11.608333,0.364048,0.336504,0.340197
1394,11.616667,0.364033,0.336517,0.339462
1395,11.625000,0.364060,0.336535,0.338753
1396,11.633333,0.364050,0.336540,0.338031
1397,11.641667,0.364039,0.336558,0.337406
1398,11.650000,0.363998,0.336564,0.336818
1399,11.658333,0.363954,0.336558,0.336305
1400,11.666667,0.363873,0.336539,0.335844
1401,11.675000,0.363820,0.336532,0.335399
1402,11.683333,0.363805,0.336521,0.334977
1403,11.691667,0.363788,0.336503,0.334464
1404,11.700000,0.363783,0.336512,0.333960
1405,11.708333,0.363796,0.336511,0.333434
1406,11.716667,0.363804,0.336522,0.332824
1407,11.725000,0.363828,0.336526,0.332270
1408,11.733333,0.363842,0.336533,0.331715
1409,11.741667,0.363840,0.336537,0.331216
1410,11.750000,0.363854,0.336536,0.330761
1411,11.758333,0.363840,0.336531,0.330373
1412,11.766667,0.363835,0.336539,0.329996
1413,11.775000,0.363836,0.336524,0.329653
1414,11.783333,0.363850,0.336517,0.329274
1415,11.791667,0.363849,0.336515,0.328811
1416,11.800000,0.363858,0.336506,0.328371
1417,11.808333,0.363868,0.336504,0.327886
1418,11.816667,0.363875,0.336503,0.327361
1419,11.825000,0.363894,0.336501,0.326850
1420,11.833333,0.363903,0.336515,0.326339
1421,11.841667,0.363908,0.336525,0.325847
1422,11.850000,0.363931,0.336529,0.325361
1423,11.858333,0.363905,0.336530,0.324906
1424,11.866667,0.363894,0.336533,0.324447
1425,11.875000,0.363894,0.336523,0.324005
1426,11.883333,0.363901,0.336514,0.323478
1427,11.891667,0.363905,0.336510,0.322989
1428,11.900000,0.363925,0.336500,0.322499
1429,11.908333,0.363940,0.336485,0.321928
1430,11.916667,0.363989,0.336504,0.321381
1431,11.925000,0.363999,0.336524,0.320808
1432,11.933333,0.364027,0.336556,0.320237
1433,11.941667,0.364072,0.336551,0.319704
1434,11.950000,0.364086,0.336559,0.319212
1435,11.958333,0.364107,0.336548,0.318798
1436,11.966667,0.364136,0.336519,0.318406
1437,11.975000,0.364154,0.336497,0.317975
1438,11.983333,0.364148,0.336496,0.317554
1439,11.991667,0.364151,0.336484,0.317128
1440,12.000000,0.364162,0.336495,0.316645
1441,12.008333,0.364191,0.336497,0.316108
1442,12.016667,0.364233,0.336522,0.315608
1443,12.025000,0.364251,0.336541,0.315084
1444,12.033333,0.364295,0.336551,0.314576
1445,12.041667,0.364321,0.336552,0.314140
1446,12.050000,0.364317,0.336550,0.313703
1447,12.058333,0.364311,0.336544,0.313345
1448,12.066667,0.364319,0.336521,0.313016
1449,12.075000,0.364319,0.336497,0.312692
1450,12.083333,0.364318,0.336503,0.312344
1451,12.091667,0.364314,0.336497,0.311986
1452,12.100000,0.364315,0.336496,0.311637
1453,12.108333,0.364314,0.336516,0.311240
1454,12.116667,0.364306,0.336534,0.310867
1455,12.125000,0.364310,0.336555,0.310498
1456,12.133333,0.364315,0.336558,0.310208
1457,12.141667,0.364313,0.336540,0.309957
1458,12.150000,0.364299,0.336519,0.309744
1459,12.158333,0.364296,0.336503,0.309519
1460,12.166667,0.364304,0.336486,0.309276
1461,12.175000,0.364323,0.336476,0.308992
1462,12.183333,0.364350,0.336483,0.308633
1463,12.191667,0.364348,0.336491,0.308164
1464,12.200000,0.364360,0.336515,0.307705
1465,12.208333,0.364371,0.336546,0.307255
1466,12.216667,0.364380,0.336574,0.306838
1467,12.225000,0.364379,0.336573,0.306535
1468,12.233333,0.364369,0.336544,0.306326
1469,12.241667,0.364377,0.336521,0.306187
1470,12.250000,0.364370,0.336506,0.306060
1471,12.258333,0.364369,0.336473,0.305905
1472,12.266667,0.364364,0.336483,0.305693
1473,12.275000,0.364361,0.336506,0.305463
1474,12.283333,0.364371,0.336536,0.305164
1475,12.291667,0.364384,0.336552,0.304891
1476,12.300000,0.364399,0.336564,0.304692
1477,12.308333,0.364415,0.336567,0.304565
1478,12.316667,0.364430,0.336544,0.304509
1479,12.325000,0.364443,0.336518,0.304489
1480,12.333333,0.364457,0.336488,0.304444
1481,12.341667,0.364459,0.336483,0.304342
1482,12.350000,0.364451,0.336495,0.304147
1483,12.358333,0.364450,0.336518,0.303886
1484,12.366667,0.364453,0.336542,0.303633
1485,12.375000,0.364467,0.336566,0.303424
1486,12.383333,0.364494,0.336570,0.303284
1487,12.391667,0.364503,0.336557,0.303224
1488,12.400000,0.364506,0.336543,0.303221
1489,12.408333,0.364506,0.336514,0.303223
1490,12.416667,0.364510,0.336486,0.303201
1491,12.425000,0.364510,0.336489,0.303132
1492,12.433333,0.364505,0.336491,0.302982
1493,12.441667,0.364492,0.336499,0.302780
1494,12.450000,0.364473,0.336514,0.302543
1495,12.458333,0.364471,0.336525,0.302292
1496,12.466667,0.364484,0.336543,0.302105
1497,12.475000,0.364495,0.336549,0.301972
1498,12.483333,0.364518,0.336543,0.301905
1499,12.491667,0.364539,0.336518,0.301884
1500,12.500000,0.364563,0.336498,0.301864
1501,12.508333,0.364593,0.336468,0.301810
1502,12.516667,0.364629,0.336455,0.301676
1503,12.525000,0.364662,0.336457,0.301456
1504,12.533333,0.364672,0.336468,0.301111
1505,12.541667,0.364679,0.336508,0.300697
1506,12.550000,0.364701,0.336561,0.300286
1507,12.558333,0.364700,0.336588,0.299877
1508,12.566667,0.364727,0.336627,0.299564
1509,12.575000,0.364743,0.336645,0.299406
1510,12.583333,0.364771,0.336632,0.299413
1511,12.591667,0.364785,0.336588,0.299569
1512,12.600000,0.364774,0.336541,0.299799
1513,12.608333,0.364773,0.336495,0.300030
1514,12.616667,0.364779,0.336472,0.300175
1515,12.625000,0.364783,0.336465,0.300218
1516,12.633333,0.364793,0.336477,0.300131
1517,12.641667,0.364811,0.336505,0.299955
1518,12.650000,0.364837,0.336538,0.299723
1519,12.658333,0.364882,0.336574,0.299496
1520,12.666667,0.364902,0.336588,0.299347
1521,12.675000,0.364928,0.336605,0.299286
1522,12.683333,0.364936,0.336592,0.299299
1523,12.691667,0.364943,0.336572,0.299381
1524,12.700000,0.364943,0.336536,0.299521
1525,12.708333,0.364948,0.336513,0.299665
1526,12.716667,0.364950,0.336497,0.299749
1527,12.725000,0.364944,0.336490,0.299765
1528,12.733333,0.364946,0.336502,0.299692
1529,12.741667,0.364949,0.336530,0.299574
1530,12.750000,0.364946,0.336560,0.299442
1531,12.758333,0.364939,0.336583,0.299358
1532,12.766667,0.364940,0.336587,0.299335
1533,12.775000,0.364945,0.336579,0.299371
1534,12.783333,0.364959,0.336561,0.299453
1535,12.791667,0.364958,0.336536,0.299553
1536,12.800000,0.364960,0.336521,0.299644
1537,12.808333,0.364961,0.336511,0.299677
1538,12.816667,0.364964,0.336515,0.299655
1539,12.825000,0.364968,0.336523,0.299570
1540,12.833333,0.364968,0.336550,0.299475
1541,12.841667,0.364965,0.336567,0.299397
1542,12.850000,0.364961,0.336572,0.299357
1543,12.858333,0.364965,0.336565,0.299364
1544,12.866667,0.364968,0.336555,0.299417
1545,12.875000,0.364975,0.336539,0.299498
1546,12.883333,0.364972,0.336514,0.299583
1547,12.891667,0.364975,0.336503,0.299640
1548,12.900000,0.364979,0.336503,0.299640
1549,12.908333,0.364983,0.336508,0.299599
1550,12.916667,0.364983,0.336521,0.299524
1551,12.925000,0.364985,0.336540,0.299450
1552,12.933333,0.364984,0.336552,0.299402
1553,12.941667,0.364983,0.336551,0.299383
1554,12.950000,0.364994,0.336543,0.299411
1555,12.958333,0.364999,0.336537,0.299474
1556,12.966667,0.365003,0.336523,0.299536
1557,12.975000,0.365006,0.336505,0.299592
1558,12.983333,0.365007,0.336499,0.299607
1559,12.991667,0.365007,0.336503,0.299595
1560,13.000000,0.365008,0.336510,0.299546
1561,13.008333,0.365005,0.336520,0.299490
1562,13.016667,0.365004,0.336526,0.299451
1563,13.025000,0.365004,0.336533,0.299429
1564,13.033333,0.365005,0.336529,0.299446
1565,13.041667,0.365012,0.336514,0.299484
1566,13.050000,0.365008,0.336496,0.299542
1567,13.058333,0.365017,0.336488,0.299598
1568,13.066667,0.365017,0.336484,0.299626
1569,13.075000,0.365024,0.336485,0.299621
1570,13.083333,0.365036,0.336481,0.299602
1571,13.091667,0.365043,0.336497,0.299573
1572,13.100000,0.365041,0.336499,0.299541
1573,13.108333,0.365046,0.336497,0.299521
1574,13.116667,0.365041,0.336502,0.299525
1575,13.125000,0.365047,0.336503,0.299542
1576,13.133333,0.365040,0.336495,0.299575
1577,13.141667,0.365041,0.336490,0.299612
1578,13.150000,0.365044,0.336480,0.299627
1579,13.158333,0.365041,0.336490,0.299627
1580,13.166667,0.365042,0.336483,0.299611
1581,13.175000,0.365041,0.336492,0.299585
1582,13.183333,0.365043,0.336496,0.299559
1583,13.191667,0.365044,0.336499,0.299539
1584,13.200000,0.365042,0.336500,0.299530
1585,13.208333,0.365046,0.336498,0.299542
1586,13.216667,0.365045,0.336494,0.299571
1587,13.225000,0.365040,0.336487,0.299600
1588,13.233333,0.365046,0.336482,0.299615
1589,13.241667,0.365049,0.336481,0.299623
1590,13.250000,0.365043,0.336487,0.299620
1591,13.258333,0.365042,0.336489,0.299598
1592,13.266667,0.365043,0.336495,0.299569
1593,13.275000,0.365044,0.336498,0.299545
1594,13.283333,0.365043,0.336493,0.299546
1595,13.291667,0.365043,0.336500,0.299548
1596,13.300000,0.365041,0.336490,0.299569
1597,13.308333,0.365046,0.336489,0.299585
1598,13.316667,0.365043,0.336489,0.299603
1599,13.325000,0.365043,0.336483,0.299609
1600,13.333333,0.365041,0.336483,0.299609
1601,13.341667,0.365042,0.336484,0.299595
1602,13.350000,0.365042,0.336491,0.299575
1603,13.358333,0.365046,0.336491,0.299557
1604,13.366667,0.365041,0.336491,0.299544
1605,13.375000,0.365040,0.336498,0.299542
1606,13.383333,0.365040,0.336499,0.299556
1607,13.391667,0.365045,0.336490,0.299566
1608,13.400000,0.365041,0.336486,0.299587
1609,13.408333,0.365041,0.336485,0.299591
1610,13.416667,0.365037,0.336489,0.299580
1611,13.425000,0.365032,0.336490,0.299570
1612,13.433333,0.365032,0.336492,0.299553
1613,13.441667,0.365035,0.336497,0.299529
1614,13.450000,0.365029,0.336501,0.299510
1615,13.458333,0.365027,0.336505,0.299502
1616,13.466667,0.365024,0.336508,0.299511
1617,13.475000,0.365027,0.336501,0.299518
1618,13.483333,0.365033,0.336496,0.299533
1619,13.491667,0.365031,0.336493,0.299546
1620,13.500000,0.365025,0.336494,0.299549
1621,13.508333,0.365028,0.336493,0.299545
1622,13.516667,0.365024,0.336492,0.299528
1623,13.525000,0.365029,0.336497,0.299512
1624,13.533333,0.365026,0.336510,0.299495
1625,13.541667,0.365029,0.336506,0.299494
1626,13.550000,0.365027,0.336502,0.299493
1627,13.558333,0.365026,0.336502,0.299504
1628,13.566667,0.365026,0.336501,0.299516
1629,13.575000,0.365027,0.336501,0.299523
1630,13.583333,0.365027,0.336502,0.299530
1631,13.591667,0.365021,0.336495,0.299525
1632,13.600000,0.365024,0.336501,0.299519
1633,13.608333,0.365024,0.336503,0.299514
1634,13.616667,0.365030,0.336503,0.299498
1635,13.625000,0.365023,0.336503,0.299491
1636,13.633333,0.365022,0.336501,0.299490
1637,13.641667,0.365019,0.336506,0.299493
1638,13.650000,0.365028,0.336504,0.299507
1639,13.658333,0.365024,0.336499,0.299517
1640,13.666667,0.365024,0.336498,0.299522
1641,13.675000,0.365025,0.336500,0.299524
1642,13.683333,0.365023,0.336500,0.299521
1643,13.691667,0.365021,0.336497,0.299510
1644,13.700000,0.365020,0.336502,0.299500
1645,13.708333,0.365022,0.336506,0.299490
1646,13.716667,0.365023,0.336504,0.299499
1647,13.725000,0.365024,0.336499,0.299501
1648,13.733333,0.365028,0.336500,0.299502
1649,13.741667,0.365028,0.336500,0.299507
1650,13.750000,0.365024,0.336494,0.299518
1651,13.758333,0.365025,0.336493,0.299524
1652,13.766667,0.365021,0.336498,0.299519
1653,13.775000,0.365024,0.336496,0.299515
1654,13.783333,0.365022,0.336492,0.299508
1655,13.791667,0.365025,0.336493,0.299504
1656,13.800000,0.365026,0.336491,0.299499
1657,13.808333,0.365026,0.336491,0.299502
1658,13.816667,0.365025,0.336491,0.299510
1659,13.825000,0.365025,0.336493,0.299516
1660,13.833333,0.365022,0.336482,0.299523
1661,13.841667,0.365022,0.336481,0.299531
1662,13.850000,0.365020,0.336492,0.299525
1663,13.858333,0.365023,0.336491,0.299514
1664,13.866667,0.365023,0.336493,0.299510
1665,13.875000,0.365023,0.336490,0.299506
1666,13.883333,0.365017,0.336493,0.299506
1667,13.891667,0.365021,0.336499,0.299506
1668,13.900000,0.365023,0.336493,0.299509
1669,13.908333,0.365019,0.336489,0.299514
1670,13.916667,0.365024,0.336494,0.299517
1671,13.925000,0.365020,0.336493,0.299520
1672,13.933333,0.365020,0.336490,0.299521
1673,13.941667,0.365022,0.336494,0.299522
1674,13.950000,0.365021,0.336495,0.299514
1675,13.958333,0.365017,0.336496,0.299508
1676,13.966667,0.365017,0.336497,0.299499
1677,13.975000,0.365021,0.336501,0.299504
1678,13.983333,0.365018,0.336497,0.299510
1679,13.991667,0.365017,0.336495,0.299510
1680,14.000000,0.365014,0.336498,0.299512
1681,14.008333,0.365019,0.336502,0.299520
1682,14.016667,0.365018,0.336495,0.299524
1683,14.025000,0.365020,0.336491,0.299517
1684,14.033333,0.365015,0.336503,0.299507
1685,14.041667,0.365016,0.336506,0.299508
1686,14.050000,0.365017,0.336503,0.299509
1687,14.058333,0.365019,0.336498,0.299500
1688,14.066667,0.365016,0.336502,0.299504
1689,14.075000,0.365018,0.336497,0.299510
1690,14.083333,0.365017,0.336497,0.299511
1691,14.091667,0.365016,0.336494,0.299516
1692,14.100000,0.365021,0.336501,0.299512
1693,14.108333,0.365017,0.336500,0.299516
1694,14.116667,0.365019,0.336491,0.299515
1695,14.125000,0.365021,0.336497,0.299509
1696,14.133333,0.365017,0.336504,0.299508
1697,14.141667,0.365016,0.336504,0.299506
1698,14.150000,0.365019,0.336497,0.299507
1699,14.158333,0.365020,0.336498,0.299512
1700,14.166667,0.365018,0.336495,0.299513
1701,14.175000,0.365023,0.336496,0.299516
1702,14.183333,0.365015,0.336493,0.299515
1703,14.191667,0.365017,0.336497,0.299520
1704,14.200000,0.365017,0.336492,0.299517
1705,14.208333,0.365019,0.336486,0.299511
1706,14.216667,0.365017,0.336493,0.299511
1707,14.225000,0.365019,0.336497,0.299504
1708,14.233333,0.365019,0.336497,0.299512
1709,14.241667,0.365017,0.336488,0.299512
1710,14.250000,0.365019,0.336488,0.299510
1711,14.258333,0.365017,0.336491,0.299513
1712,14.266667,0.365020,0.336494,0.299514
1713,14.275000,0.365021,0.336486,0.299517
1714,14.283333,0.365020,0.336483,0.299512
1715,14.291667,0.365020,0.336491,0.299514
1716,14.300000,0.365021,0.336485,0.299510
1717,14.308333,0.365022,0.336488,0.299510
1718,14.316667,0.365022,0.336484,0.299511
1719,14.325000,0.365026,0.336487,0.299507
1720,14.333333,0.365026,0.336487,0.299506
1721,14.341667,0.365025,0.336491,0.299515
1722,14.350000,0.365020,0.336480,0.299522
1723,14.358333,0.365020,0.336486,0.299517
1724,14.366667,0.365023,0.336486,0.299515
1725,14.375000,0.365025,0.336488,0.299510
1726,14.383333,0.365027,0.336483,0.299500
1727,14.391667,0.365018,0.336492,0.299491
1728,14.400000,0.365019,0.336496,0.299470
1729,14.408333,0.365023,0.336494,0.299453
1730,14.416667,0.365022,0.336499,0.299439
1731,14.425000,0.365021,0.336502,0.299425
1732,14.433333,0.365020,0.336502,0.299419
1733,14.441667,0.365021,0.336504,0.299417
1734,14.450000,0.365023,0.336501,0.299423
1735,14.458333,0.365021,0.336500,0.299417
1736,14.466667,0.365021,0.336500,0.299405
1737,14.475000,0.365020,0.336500,0.299396
1738,14.483333,0.365018,0.336511,0.299376
1739,14.491667,0.365020,0.336513,0.299354
1740,14.500000,0.365021,0.336510,0.299337
1741,14.508333,0.365017,0.336511,0.299337
1742,14.516667,0.365016,0.336511,0.299341
1743,14.525000,0.365020,0.336507,0.299356
1744,14.533333,0.365019,0.336505,0.299366
1745,14.541667,0.365022,0.336507,0.299366
1746,14.550000,0.365016,0.336505,0.299362
1747,14.558333,0.365021,0.336506,0.299342
1748,14.566667,0.365017,0.336509,0.299325
1749,14.575000,0.365019,0.336512,0.299314
1750,14.583333,0.365017,0.336514,0.299298
1751,14.591667,0.365020,0.336511,0.299298
1752,14.600000,0.365022,0.336511,0.299300
1753,14.608333,0.365022,0.336513,0.299304
1754,14.616667,0.365018,0.336512,0.299315
1755,14.625000,0.365023,0.336506,0.299317
1756,14.633333,0.365019,0.336510,0.299325
1757,14.641667,0.365021,0.336511,0.299307
1758,14.650000,0.365018,0.336512,0.299294
1759,14.658333,0.365017,0.336508,0.299285
1760,14.666667,0.365021,0.336513,0.299275
1761,14.675000,0.365018,0.336511,0.299274
1762,14.683333,0.365022,0.336513,0.299278
1763,14.691667,0.365021,0.336509,0.299285
1764,14.700000,0.365022,0.336508,0.299295
1765,14.708333,0.365023,0.336508,0.299294
1766,14.716667,0.365020,0.336508,0.299284
1767,14.725000,0.365022,0.336509,0.299276
1768,14.733333,0.365018,0.336511,0.299268
1769,14.741667,0.365021,0.336516,0.299268
1770,14.750000,0.365023,0.336510,0.299276
1771,14.758333,0.365021,0.336506,0.299280
1772,14.766667,0.365023,0.336510,0.299285
1773,14.775000,0.365022,0.336508,0.299288
1774,14.783333,0.365021,0.336513,0.299284
1775,14.791667,0.365022,0.336511,0.299278
1776,14.800000,0.365026,0.336511,0.299262
1777,14.808333,0.365024,0.336515,0.299257
1778,14.816667,0.365019,0.336514,0.299264
1779,14.825000,0.365025,0.336508,0.299266
1780,14.833333,0.365022,0.336510,0.299271
1781,14.841667,0.365018,0.336509,0.299273
1782,14.850000,0.365022,0.336509,0.299270
1783,14.858333,0.365025,0.336513,0.299259
1784,14.866667,0.365027,0.336514,0.299254
1785,14.875000,0.365023,0.336512,0.299256
1786,14.883333,0.365018,0.336515,0.299260
1787,14.891667,0.365025,0.336510,0.299275
1788,14.900000,0.365021,0.336505,0.299288
1789,14.908333,0.365024,0.336502,0.299285
1790,14.916667,0.365017,0.336507,0.299272
1791,14.925000,0.365022,0.336516,0.299252
1792,14.933333,0.365023,0.336515,0.299230
1793,14.941667,0.365019,0.336513,0.299215
1794,14.950000,0.365023,0.336519,0.299220
1795,14.958333,0.365025,0.336514,0.299240
1796,14.966667,0.365027,0.336510,0.299278
1797,14.975000,0.365023,0.336501,0.299311
1798,14.983333,0.365027,0.336500,0.299326
1799,14.991667,0.365026,0.336504,0.299320
1800,15.000000,0.365027,0.336508,0.299288
1801,15.008333,0.365021,0.336510,0.299245
1802,15.016667,0.365018,0.336516,0.299211
1803,15.025000,0.365021,0.336525,0.299193
1804,15.033333,0.365019,0.336526,0.299205
1805,15.041667,0.365018,0.336521,0.299240
1806,15.050000,0.365020,0.336510,0.299283
1807,15.058333,0.365027,0.336502,0.299319
1808,15.066667,0.365027,0.336498,0.299338
1809,15.075000,0.365029,0.336503,0.299321
1810,15.083333,0.365024,0.336508,0.299272
1811,15.091667,0.365018,0.336519,0.299202
1812,15.100000,0.365017,0.336528,0.299150
1813,15.108333,0.365021,0.336532,0.299123
1814,15.116667,0.365020,0.336528,0.299127
1815,15.125000,0.365020,0.336526,0.299165
1816,15.133333,0.365021,0.336516,0.299210
1817,15.141667,0.365025,0.336507,0.299242
1818,15.150000,0.365024,0.336507,0.299247
1819,15.158333,0.365020,0.336511,0.299221
1820,15.166667,0.365019,0.336518,0.299165
1821,15.175000,0.365020,0.336524,0.299101
1822,15.183333,0.365018,0.336535,0.299056
1823,15.191667,0.365021,0.336539,0.299044
1824,15.200000,0.365018,0.336535,0.299076
1825,15.208333,0.365018,0.336521,0.299130
1826,15.216667,0.365018,0.336516,0.299187
1827,15.225000,0.365024,0.336509,0.299233
1828,15.233333,0.365023,0.336505,0.299249
1829,15.241667,0.365023,0.336505,0.299222
1830,15.250000,0.365020,0.336518,0.299175
1831,15.258333,0.365016,0.336524,0.299118
1832,15.266667,0.365016,0.336531,0.299073
1833,15.275000,0.365015,0.336534,0.299052
1834,15.283333,0.365018,0.336528,0.299082
1835,15.291667,0.365021,0.336522,0.299137
1836,15.300000,0.365024,0.336513,0.299195
1837,15.308333,0.365017,0.336507,0.299238
1838,15.316667,0.365024,0.336508,0.299246
1839,15.325000,0.365025,0.336506,0.299223
1840,15.333333,0.365021,0.336508,0.299178
1841,15.341667,0.365016,0.336527,0.299104
1842,15.350000,0.365018,0.336540,0.299058
1843,15.358333,0.365020,0.336536,0.299041
1844,15.366667,0.365019,0.336536,0.299059
1845,15.375000,0.365022,0.336525,0.299111
1846,15.383333,0.365023,0.336516,0.299169
1847,15.391667,0.365023,0.336507,0.299214
1848,15.400000,0.365025,0.336504,0.299231
1849,15.408333,0.365022,0.336504,0.299207
1850,15.416667,0.365021,0.336516,0.299153
1851,15.425000,0.365017,0.336528,0.299096
1852,15.433333,0.365020,0.336538,0.299053
1853,15.441667,0.365020,0.336530,0.299048
1854,15.450000,0.365022,0.336530,0.299081
1855,15.458333,0.365017,0.336517,0.299141
1856,15.466667,0.365026,0.336512,0.299192
1857,15.475000,0.365028,0.336501,0.299222
1858,15.483333,0.365021,0.336505,0.299226
1859,15.491667,0.365018,0.336509,0.299179
1860,15.500000,0.365016,0.336524,0.299112
1861,15.508333,0.365017,0.336530,0.299052
1862,15.516667,0.365019,0.336533,0.299016
1863,15.525000,0.365014,0.336537,0.299023
1864,15.533333,0.365017,0.336527,0.299061
1865,15.541667,0.365018,0.336521,0.299114
1866,15.550000,0.365020,0.336507,0.299180
1867,15.558333,0.365021,0.336496,0.299236
1868,15.566667,0.365021,0.336473,0.299327
1869,15.575000,0.365024,0.336428,0.299490
1870,15.583333,0.365025,0.336372,0.299767
1871,15.591667,0.365022,0.336314,0.300096
1872,15.600000,0.365016,0.336244,0.300402
1873,15.608333,0.365007,0.336185,0.300657
1874,15.616667,,,
