Format Version,1.21,Take Name,monitor_elore_2,Capture Frame Rate,120.000000,Export Frame Rate,120.000000,Capture Start Time,2018-11-22 02.53.37 PM,Total Frames in Take,1634,Total Exported Frames,1634,Rotation Type,Quaternion,Length Units,Meters,Coordinate Space,Global

,,Marker,Marker,Marker
,,Unlabeled:5001,Unlabeled:5001,Unlabeled:5001
,,"8392B20CF49E35701389","8392B20CF49E35701389","8392B20CF49E35701389"
,,Position,Position,Position
Frame,Time,X,Y,Z
0,0.000000,0.355962,0.337538,0.390399
1,0.008333,0.355962,0.337544,0.390389
2,0.016667,0.355961,0.337545,0.390404
3,0.025000,0.355961,0.337526,0.390429
4,0.033333,0.355957,0.337526,0.390464
5,0.041667,0.355958,0.337523,0.390497
6,0.050000,0.355962,0.337521,0.390506
7,0.058333,0.355962,0.337521,0.390500
8,0.066667,0.355961,0.337523,0.390477
9,0.075000,0.355961,0.337531,0.390447
10,0.083333,0.355957,0.337535,0.390423
11,0.091667,0.355966,0.337531,0.390409
12,0.100000,0.355962,0.337529,0.390411
13,0.108333,0.355963,0.337528,0.390428
14,0.116667,0.355965,0.337525,0.390450
15,0.125000,0.355963,0.337522,0.390482
16,0.133333,0.355965,0.337509,0.390500
17,0.141667,0.355964,0.337518,0.390495
18,0.150000,0.355963,0.337515,0.390483
19,0.158333,0.355965,0.337516,0.390465
20,0.166667,0.355967,0.337524,0.390441
21,0.175000,0.355964,0.337535,0.390423
22,0.183333,0.355962,0.337532,0.390414
23,0.191667,0.355962,0.337521,0.390422
24,0.200000,0.355967,0.337523,0.390435
25,0.208333,0.355967,0.337526,0.390461
26,0.216667,0.355964,0.337515,0.390483
27,0.225000,0.355966,0.337506,0.390489
28,0.233333,0.355967,0.337514,0.390491
29,0.241667,0.355966,0.337520,0.390478
30,0.250000,0.355965,0.337517,0.390460
31,0.258333,0.355966,0.337518,0.390444
32,0.266667,0.355967,0.337526,0.390425
33,0.275000,0.355971,0.337529,0.390420
34,0.283333,0.355966,0.337521,0.390437
35,0.291667,0.355965,0.337515,0.390451
36,0.300000,0.355965,0.337518,0.390468
37,0.308333,0.355963,0.337518,0.390482
38,0.316667,0.355963,0.337518,0.390483
39,0.325000,0.355964,0.337520,0.390477
40,0.333333,0.355960,0.337522,0.390466
41,0.341667,0.355960,0.337527,0.390450
42,0.350000,0.355959,0.337533,0.390436
43,0.358333,0.355955,0.337534,0.390428
44,0.366667,0.355958,0.337533,0.390428
45,0.375000,0.355958,0.337538,0.390438
46,0.383333,0.355958,0.337539,0.390452
47,0.391667,0.355961,0.337528,0.390469
48,0.400000,0.355970,0.337528,0.390471
49,0.408333,0.355958,0.337527,0.390469
50,0.416667,0.355965,0.337532,0.390463
51,0.425000,0.355963,0.337534,0.390452
52,0.433333,0.355964,0.337534,0.390441
53,0.441667,0.355965,0.337530,0.390433
54,0.450000,0.355961,0.337534,0.390431
55,0.458333,0.355964,0.337534,0.390437
56,0.466667,0.355963,0.337529,0.390443
57,0.475000,0.355964,0.337535,0.390452
58,0.483333,0.355965,0.337536,0.390461
59,0.491667,0.355964,0.337525,0.390471
60,0.500000,0.355964,0.337528,0.390467
61,0.508333,0.355965,0.337533,0.390452
62,0.516667,0.355965,0.337532,0.390446
63,0.525000,0.355965,0.337536,0.390439
64,0.533333,0.355967,0.337530,0.390432
65,0.541667,0.355964,0.337536,0.390434
66,0.550000,0.355963,0.337535,0.390442
67,0.558333,0.355963,0.337532,0.390455
68,0.566667,0.355967,0.337537,0.390460
69,0.575000,0.355966,0.337527,0.390465
70,0.583333,0.355966,0.337530,0.390465
71,0.591667,0.355970,0.337528,0.390463
72,0.600000,0.355967,0.337530,0.390457
73,0.608333,0.355965,0.337532,0.390443
74,0.616667,0.355965,0.337532,0.390439
75,0.625000,0.355969,0.337538,0.390438
76,0.633333,0.355965,0.337538,0.390437
77,0.641667,0.355969,0.337536,0.390450
78,0.650000,0.355966,0.337530,0.390456
79,0.658333,0.355965,0.337532,0.390458
80,0.666667,0.355969,0.337531,0.390464
81,0.675000,0.355966,0.337532,0.390462
82,0.683333,0.355971,0.337528,0.390455
83,0.691667,0.355969,0.337527,0.390450
84,0.700000,0.355966,0.337535,0.390445
85,0.708333,0.355969,0.337536,0.390439
86,0.716667,0.355973,0.337537,0.390436
87,0.725000,0.355966,0.337536,0.390448
88,0.733333,0.355968,0.337535,0.390452
89,0.741667,0.355968,0.337535,0.390455
90,0.750000,0.355968,0.337528,0.390462
91,0.758333,0.355967,0.337532,0.390465
92,0.766667,0.355967,0.337537,0.390464
93,0.775000,0.355969,0.337533,0.390451
94,0.783333,0.355965,0.337535,0.390449
95,0.791667,0.355971,0.337538,0.390444
96,0.800000,0.355972,0.337536,0.390442
97,0.808333,0.355970,0.337537,0.390444
98,0.816667,0.355968,0.337535,0.390449
99,0.825000,0.355969,0.337537,0.390458
100,0.833333,0.355970,0.337533,0.390458
101,0.841667,0.355974,0.337529,0.390459
102,0.850000,0.355969,0.337532,0.390459
103,0.858333,0.355972,0.337540,0.390457
104,0.866667,0.355975,0.337535,0.390453
105,0.875000,0.355976,0.337535,0.390447
106,0.883333,0.355970,0.337537,0.390449
107,0.891667,0.355972,0.337539,0.390442
108,0.900000,0.355975,0.337532,0.390445
109,0.908333,0.355971,0.337539,0.390449
110,0.916667,0.355968,0.337539,0.390456
111,0.925000,0.355971,0.337534,0.390458
112,0.933333,0.355974,0.337534,0.390454
113,0.941667,0.355974,0.337534,0.390453
114,0.950000,0.355974,0.337535,0.390454
115,0.958333,0.355973,0.337541,0.390451
116,0.966667,0.355972,0.337536,0.390449
117,0.975000,0.355973,0.337534,0.390448
118,0.983333,0.355971,0.337535,0.390447
119,0.991667,0.355978,0.337542,0.390451
120,1.000000,0.355971,0.337537,0.390448
121,1.008333,0.355974,0.337540,0.390450
122,1.016667,0.355973,0.337539,0.390455
123,1.025000,0.355975,0.337536,0.390456
124,1.033333,0.355975,0.337538,0.390456
125,1.041667,0.355974,0.337536,0.390449
126,1.050000,0.355975,0.337536,0.390449
127,1.058333,0.355975,0.337538,0.390448
128,1.066667,0.355976,0.337542,0.390449
129,1.075000,0.355976,0.337539,0.390453
130,1.083333,0.355973,0.337541,0.390450
131,1.091667,0.355972,0.337536,0.390458
132,1.100000,0.355974,0.337530,0.390456
133,1.108333,0.355974,0.337535,0.390458
134,1.116667,0.355975,0.337532,0.390455
135,1.125000,0.355976,0.337538,0.390452
136,1.133333,0.355979,0.337536,0.390453
137,1.141667,0.355974,0.337537,0.390447
138,1.150000,0.355975,0.337541,0.390453
139,1.158333,0.355977,0.337538,0.390447
140,1.166667,0.355977,0.337535,0.390447
141,1.175000,0.355976,0.337534,0.390451
142,1.183333,0.355974,0.337540,0.390455
143,1.191667,0.355978,0.337539,0.390461
144,1.200000,0.355977,0.337537,0.390456
145,1.208333,0.355977,0.337536,0.390459
146,1.216667,0.355970,0.337536,0.390457
147,1.225000,0.355978,0.337540,0.390449
148,1.233333,0.355977,0.337540,0.390449
149,1.241667,0.355977,0.337536,0.390448
150,1.250000,0.355973,0.337535,0.390451
151,1.258333,0.355979,0.337533,0.390453
152,1.266667,0.355973,0.337539,0.390456
153,1.275000,0.355977,0.337533,0.390460
154,1.283333,0.355972,0.337532,0.390452
155,1.291667,0.355975,0.337538,0.390457
156,1.300000,0.355975,0.337539,0.390452
157,1.308333,0.355974,0.337539,0.390453
158,1.316667,0.355971,0.337534,0.390449
159,1.325000,0.355972,0.337541,0.390454
160,1.333333,0.355973,0.337538,0.390451
161,1.341667,0.355977,0.337537,0.390451
162,1.350000,0.355974,0.337537,0.390451
163,1.358333,0.355976,0.337532,0.390455
164,1.366667,0.355977,0.337533,0.390461
165,1.375000,0.355977,0.337537,0.390461
166,1.383333,0.355974,0.337540,0.390451
167,1.391667,0.355971,0.337537,0.390453
168,1.400000,0.355972,0.337535,0.390450
169,1.408333,0.355972,0.337539,0.390450
170,1.416667,0.355978,0.337535,0.390449
171,1.425000,0.355981,0.337541,0.390452
172,1.433333,0.355971,0.337534,0.390455
173,1.441667,0.355974,0.337535,0.390453
174,1.450000,0.355971,0.337534,0.390456
175,1.458333,0.355978,0.337537,0.390453
176,1.466667,0.355977,0.337541,0.390455
177,1.475000,0.355973,0.337537,0.390454
178,1.483333,0.355976,0.337540,0.390448
179,1.491667,0.355975,0.337537,0.390455
180,1.500000,0.355979,0.337538,0.390448
181,1.508333,0.355973,0.337540,0.390456
182,1.516667,0.355976,0.337535,0.390453
183,1.525000,0.355977,0.337531,0.390455
184,1.533333,0.355976,0.337539,0.390454
185,1.541667,0.355973,0.337537,0.390454
186,1.550000,0.355970,0.337534,0.390450
187,1.558333,0.355978,0.337532,0.390452
188,1.566667,0.355971,0.337535,0.390457
189,1.575000,0.355979,0.337536,0.390456
190,1.583333,0.355977,0.337533,0.390455
191,1.591667,0.355974,0.337530,0.390448
192,1.600000,0.355974,0.337538,0.390453
193,1.608333,0.355975,0.337537,0.390457
194,1.616667,0.355974,0.337539,0.390457
195,1.625000,0.355973,0.337533,0.390451
196,1.633333,0.355975,0.337531,0.390453
197,1.641667,0.355976,0.337530,0.390455
198,1.650000,0.355978,0.337535,0.390455
199,1.658333,0.355975,0.337538,0.390453
200,1.666667,0.355977,0.337535,0.390451
201,1.675000,0.355978,0.337531,0.390453
202,1.683333,0.355973,0.337534,0.390459
203,1.691667,0.355978,0.337533,0.390452
204,1.700000,0.355979,0.337535,0.390456
205,1.708333,0.355974,0.337532,0.390461
206,1.716667,0.355974,0.337531,0.390456
207,1.725000,0.355977,0.337531,0.390456
208,1.733333,0.355977,0.337532,0.390459
209,1.741667,0.355976,0.337536,0.390455
210,1.750000,0.355977,0.337528,0.390456
211,1.758333,0.355980,0.337529,0.390460
212,1.766667,0.355980,0.337528,0.390452
213,1.775000,0.355983,0.337536,0.390455
214,1.783333,0.355986,0.337532,0.390455
215,1.791667,0.355981,0.337529,0.390455
216,1.800000,0.355983,0.337534,0.390450
217,1.808333,0.355982,0.337536,0.390443
218,1.816667,0.355980,0.337534,0.390448
219,1.825000,0.355983,0.337531,0.390449
220,1.833333,0.355978,0.337533,0.390454
221,1.841667,0.355982,0.337529,0.390457
222,1.850000,0.355981,0.337527,0.390460
223,1.858333,0.355980,0.337530,0.390457
224,1.866667,0.355985,0.337530,0.390458
225,1.875000,0.355979,0.337532,0.390457
226,1.883333,0.355984,0.337529,0.390459
227,1.891667,0.355981,0.337528,0.390453
228,1.900000,0.355983,0.337531,0.390453
229,1.908333,0.355982,0.337529,0.390449
230,1.916667,0.355981,0.337535,0.390457
231,1.925000,0.355980,0.337536,0.390456
232,1.933333,0.355979,0.337529,0.390458
233,1.941667,0.355982,0.337525,0.390458
234,1.950000,0.355981,0.337527,0.390461
235,1.958333,0.355984,0.337527,0.390454
236,1.966667,0.355984,0.337528,0.390460
237,1.975000,0.355981,0.337531,0.390457
238,1.983333,0.355983,0.337529,0.390455
239,1.991667,0.355974,0.337527,0.390448
240,2.000000,0.355980,0.337529,0.390459
241,2.008333,0.355979,0.337534,0.390457
242,2.016667,0.355978,0.337534,0.390456
243,2.025000,0.355978,0.337532,0.390457
244,2.033333,0.355975,0.337532,0.390460
245,2.041667,0.355971,0.337533,0.390457
246,2.050000,0.355975,0.337528,0.390455
247,2.058333,0.355973,0.337539,0.390454
248,2.066667,0.355978,0.337530,0.390455
249,2.075000,0.355969,0.337532,0.390455
250,2.083333,0.355978,0.337527,0.390456
251,2.091667,0.355977,0.337530,0.390458
252,2.100000,0.355975,0.337528,0.390459
253,2.108333,0.355972,0.337522,0.390464
254,2.116667,0.355972,0.337521,0.390461
255,2.125000,0.355966,0.337525,0.390463
256,2.133333,0.355966,0.337518,0.390470
257,2.141667,0.355963,0.337513,0.390469
258,2.150000,0.355960,0.337519,0.390465
259,2.158333,0.355959,0.337516,0.390472
260,2.166667,0.355957,0.337510,0.390477
261,2.175000,0.355963,0.337513,0.390474
262,2.183333,0.355960,0.337518,0.390473
263,2.191667,0.355958,0.337511,0.390474
264,2.200000,0.355952,0.337510,0.390472
265,2.208333,0.355944,0.337511,0.390477
266,2.216667,0.355951,0.337511,0.390479
267,2.225000,0.355949,0.337508,0.390489
268,2.233333,0.355949,0.337505,0.390483
269,2.241667,0.355944,0.337506,0.390489
270,2.250000,0.355946,0.337504,0.390492
271,2.258333,0.355945,0.337503,0.390490
272,2.266667,0.355947,0.337501,0.390494
273,2.275000,0.355943,0.337504,0.390483
274,2.283333,0.355941,0.337500,0.390479
275,2.291667,0.355943,0.337502,0.390482
276,2.300000,0.355943,0.337504,0.390483
277,2.308333,0.355938,0.337499,0.390490
278,2.316667,0.355940,0.337493,0.390492
279,2.325000,0.355938,0.337499,0.390501
280,2.333333,0.355938,0.337500,0.390506
281,2.341667,0.355938,0.337497,0.390504
282,2.350000,0.355934,0.337496,0.390500
283,2.358333,0.355938,0.337494,0.390497
284,2.366667,0.355940,0.337499,0.390495
285,2.375000,0.355935,0.337500,0.390497
286,2.383333,0.355936,0.337491,0.390494
287,2.391667,0.355932,0.337503,0.390488
288,2.400000,0.355931,0.337501,0.390493
289,2.408333,0.355933,0.337496,0.390504
290,2.416667,0.355934,0.337492,0.390504
291,2.425000,0.355933,0.337493,0.390510
292,2.433333,0.355928,0.337495,0.390507
293,2.441667,0.355937,0.337495,0.390504
294,2.450000,0.355936,0.337497,0.390505
295,2.458333,0.355937,0.337491,0.390506
296,2.466667,0.355933,0.337496,0.390499
297,2.475000,0.355930,0.337489,0.390500
298,2.483333,0.355936,0.337493,0.390502
299,2.491667,0.355937,0.337492,0.390499
300,2.500000,0.355929,0.337496,0.390502
301,2.508333,0.355935,0.337492,0.390511
302,2.516667,0.355938,0.337486,0.390509
303,2.525000,0.355938,0.337494,0.390506
304,2.533333,0.355940,0.337494,0.390507
305,2.541667,0.355938,0.337494,0.390507
306,2.550000,0.355936,0.337486,0.390509
307,2.558333,0.355936,0.337490,0.390503
308,2.566667,0.355935,0.337499,0.390506
309,2.575000,0.355936,0.337492,0.390504
310,2.583333,0.355937,0.337490,0.390502
311,2.591667,0.355936,0.337497,0.390506
312,2.600000,0.355938,0.337490,0.390506
313,2.608333,0.355936,0.337490,0.390503
314,2.616667,0.355937,0.337492,0.390506
315,2.625000,0.355935,0.337494,0.390508
316,2.633333,0.355935,0.337491,0.390504
317,2.641667,0.355938,0.337488,0.390498
318,2.650000,0.355935,0.337492,0.390507
319,2.658333,0.355935,0.337498,0.390506
320,2.666667,0.355935,0.337493,0.390511
321,2.675000,0.355932,0.337490,0.390509
322,2.683333,0.355933,0.337490,0.390512
323,2.691667,0.355933,0.337486,0.390515
324,2.700000,0.355935,0.337481,0.390514
325,2.708333,0.355929,0.337489,0.390520
326,2.716667,0.355929,0.337486,0.390516
327,2.725000,0.355932,0.337488,0.390518
328,2.733333,0.355933,0.337483,0.390521
329,2.741667,0.355930,0.337482,0.390524
330,2.750000,0.355931,0.337485,0.390521
331,2.758333,0.355923,0.337490,0.390524
332,2.766667,0.355923,0.337481,0.390532
333,2.775000,0.355929,0.337477,0.390538
334,2.783333,0.355923,0.337478,0.390542
335,2.791667,0.355921,0.337481,0.390549
336,2.800000,0.355924,0.337479,0.390547
337,2.808333,0.355920,0.337475,0.390555
338,2.816667,0.355922,0.337482,0.390563
339,2.825000,0.355912,0.337484,0.390564
340,2.833333,0.355911,0.337481,0.390567
341,2.841667,0.355909,0.337478,0.390576
342,2.850000,0.355908,0.337486,0.390600
343,2.858333,0.355906,0.337496,0.390631
344,2.866667,0.355913,0.337488,0.390679
345,2.875000,0.355913,0.337487,0.390743
346,2.883333,0.355909,0.337489,0.390818
347,2.891667,0.355910,0.337485,0.390882
348,2.900000,0.355906,0.337486,0.390932
349,2.908333,0.355901,0.337487,0.390981
350,2.916667,0.355897,0.337512,0.391021
351,2.925000,0.355904,0.337520,0.391078
352,2.933333,0.355909,0.337530,0.391165
353,2.941667,0.355906,0.337543,0.391297
354,2.950000,0.355914,0.337555,0.391492
355,2.958333,0.355907,0.337542,0.391736
356,2.966667,0.355898,0.337529,0.392061
357,2.975000,0.355886,0.337515,0.392419
358,2.983333,0.355872,0.337524,0.392791
359,2.991667,0.355854,0.337520,0.393176
360,3.000000,0.355853,0.337513,0.393591
361,3.008333,0.355847,0.337509,0.393996
362,3.016667,0.355842,0.337512,0.394414
363,3.025000,0.355847,0.337527,0.394870
364,3.033333,0.355868,0.337542,0.395393
365,3.041667,0.355853,0.337533,0.395955
366,3.050000,0.355854,0.337528,0.396627
367,3.058333,0.355838,0.337514,0.397312
368,3.066667,0.355846,0.337485,0.398033
369,3.075000,0.355845,0.337465,0.398709
370,3.083333,0.355836,0.337468,0.399390
371,3.091667,0.355829,0.337455,0.399967
372,3.100000,0.355850,0.337489,0.400582
373,3.108333,0.355855,0.337528,0.401190
374,3.116667,0.355881,0.337530,0.401872
375,3.125000,0.355883,0.337543,0.402605
376,3.133333,0.355854,0.337513,0.403450
377,3.141667,0.355876,0.337490,0.404359
378,3.150000,0.355880,0.337459,0.405291
379,3.158333,0.355891,0.337434,0.406175
380,3.166667,0.355889,0.337432,0.407065
381,3.175000,0.355905,0.337438,0.407821
382,3.183333,0.355896,0.337435,0.408560
383,3.191667,0.355889,0.337466,0.409262
384,3.200000,0.355869,0.337475,0.409961
385,3.208333,0.355849,0.337501,0.410749
386,3.216667,0.355868,0.337497,0.411574
387,3.225000,0.355859,0.337482,0.412506
388,3.233333,0.355853,0.337469,0.413514
389,3.241667,0.355839,0.337421,0.414481
390,3.250000,0.355846,0.337410,0.415468
391,3.258333,0.355856,0.337397,0.416371
392,3.266667,0.355850,0.337416,0.417237
393,3.275000,0.355860,0.337415,0.418020
394,3.283333,0.355882,0.337441,0.418825
395,3.291667,0.355856,0.337444,0.419610
396,3.300000,0.355868,0.337449,0.420421
397,3.308333,0.355868,0.337452,0.421316
398,3.316667,0.355874,0.337427,0.422213
399,3.325000,0.355842,0.337415,0.423161
400,3.333333,0.355831,0.337388,0.424075
401,3.341667,0.355803,0.337371,0.424940
402,3.350000,0.355814,0.337378,0.425747
403,3.358333,0.355814,0.337381,0.426484
404,3.366667,0.355813,0.337409,0.427184
405,3.375000,0.355818,0.337413,0.427879
406,3.383333,0.355812,0.337403,0.428548
407,3.391667,0.355819,0.337419,0.429289
408,3.400000,0.355799,0.337405,0.429988
409,3.408333,0.355808,0.337395,0.430706
410,3.416667,0.355794,0.337406,0.431426
411,3.425000,0.355816,0.337384,0.432121
412,3.433333,0.355825,0.337379,0.432778
413,3.441667,0.355799,0.337370,0.433418
414,3.450000,0.355785,0.337373,0.433984
415,3.458333,0.355785,0.337377,0.434527
416,3.466667,0.355771,0.337397,0.435030
417,3.475000,0.355767,0.337398,0.435554
418,3.483333,0.355782,0.337409,0.436039
419,3.491667,0.355776,0.337401,0.436562
420,3.500000,0.355776,0.337401,0.437117
421,3.508333,0.355777,0.337391,0.437667
422,3.516667,0.355785,0.337384,0.438232
423,3.525000,0.355780,0.337380,0.438733
424,3.533333,0.355776,0.337371,0.439232
425,3.541667,0.355797,0.337393,0.439691
426,3.550000,0.355787,0.337394,0.440106
427,3.558333,0.355785,0.337390,0.440534
428,3.566667,0.355788,0.337395,0.440966
429,3.575000,0.355788,0.337403,0.441404
430,3.583333,0.355785,0.337402,0.441887
431,3.591667,0.355776,0.337396,0.442352
432,3.600000,0.355769,0.337381,0.442803
433,3.608333,0.355778,0.337386,0.443292
434,3.616667,0.355756,0.337386,0.443759
435,3.625000,0.355745,0.337379,0.444207
436,3.633333,0.355742,0.337370,0.444664
437,3.641667,0.355739,0.337367,0.445083
438,3.650000,0.355721,0.337380,0.445498
439,3.658333,0.355721,0.337389,0.445909
440,3.666667,0.355729,0.337404,0.446326
441,3.675000,0.355726,0.337402,0.446751
442,3.683333,0.355740,0.337402,0.447208
443,3.691667,0.355724,0.337406,0.447710
444,3.700000,0.355730,0.337408,0.448221
445,3.708333,0.355729,0.337389,0.448760
446,3.716667,0.355710,0.337371,0.449288
447,3.725000,0.355716,0.337370,0.449836
448,3.733333,0.355704,0.337375,0.450334
449,3.741667,0.355700,0.337381,0.450828
450,3.750000,0.355693,0.337375,0.451318
451,3.758333,0.355699,0.337381,0.451788
452,3.766667,0.355706,0.337398,0.452274
453,3.775000,0.355709,0.337383,0.452778
454,3.783333,0.355729,0.337374,0.453279
455,3.791667,0.355741,0.337376,0.453831
456,3.800000,0.355717,0.337381,0.454333
457,3.808333,0.355706,0.337375,0.454850
458,3.816667,0.355712,0.337369,0.455329
459,3.825000,0.355702,0.337387,0.455824
460,3.833333,0.355696,0.337376,0.456344
461,3.841667,0.355695,0.337377,0.456847
462,3.850000,0.355694,0.337367,0.457364
463,3.858333,0.355678,0.337350,0.457884
464,3.866667,0.355672,0.337365,0.458383
465,3.875000,0.355681,0.337363,0.458902
466,3.883333,0.355677,0.337372,0.459353
467,3.891667,0.355668,0.337366,0.459838
468,3.900000,0.355671,0.337368,0.460302
469,3.908333,0.355675,0.337373,0.460775
470,3.916667,0.355667,0.337371,0.461260
471,3.925000,0.355674,0.337357,0.461746
472,3.933333,0.355666,0.337369,0.462273
473,3.941667,0.355654,0.337360,0.462805
474,3.950000,0.355637,0.337357,0.463312
475,3.958333,0.355648,0.337340,0.463820
476,3.966667,0.355648,0.337358,0.464301
477,3.975000,0.355638,0.337351,0.464783
478,3.983333,0.355648,0.337357,0.465237
479,3.991667,0.355657,0.337356,0.465684
480,4.000000,0.355659,0.337361,0.466150
481,4.008333,0.355647,0.337372,0.466623
482,4.016667,0.355642,0.337372,0.467132
483,4.025000,0.355652,0.337384,0.467681
484,4.033333,0.355638,0.337362,0.468248
485,4.041667,0.355632,0.337337,0.468853
486,4.050000,0.355634,0.337328,0.469448
487,4.058333,0.355611,0.337319,0.470004
488,4.066667,0.355599,0.337336,0.470502
489,4.075000,0.355605,0.337355,0.470958
490,4.083333,0.355614,0.337379,0.471391
491,4.091667,0.355613,0.337392,0.471864
492,4.100000,0.355596,0.337387,0.472351
493,4.108333,0.355614,0.337396,0.472947
494,4.116667,0.355604,0.337377,0.473560
495,4.125000,0.355619,0.337365,0.474242
496,4.133333,0.355626,0.337352,0.474895
497,4.141667,0.355614,0.337354,0.475562
498,4.150000,0.355605,0.337346,0.476181
499,4.158333,0.355606,0.337333,0.476792
500,4.166667,0.355604,0.337351,0.477372
501,4.175000,0.355623,0.337354,0.477977
502,4.183333,0.355617,0.337375,0.478561
503,4.191667,0.355597,0.337375,0.479221
504,4.200000,0.355589,0.337391,0.479903
505,4.208333,0.355572,0.337361,0.480625
506,4.216667,0.355579,0.337346,0.481363
507,4.225000,0.355570,0.337332,0.482103
508,4.233333,0.355553,0.337327,0.482817
509,4.241667,0.355545,0.337337,0.483481
510,4.250000,0.355541,0.337325,0.484137
511,4.258333,0.355546,0.337334,0.484739
512,4.266667,0.355546,0.337346,0.485363
513,4.275000,0.355532,0.337356,0.485979
514,4.283333,0.355527,0.337361,0.486641
515,4.291667,0.355507,0.337343,0.487324
516,4.300000,0.355491,0.337328,0.488060
517,4.308333,0.355475,0.337315,0.488776
518,4.316667,0.355487,0.337305,0.489475
519,4.325000,0.355483,0.337301,0.490143
520,4.333333,0.355488,0.337309,0.490771
521,4.341667,0.355475,0.337314,0.491364
522,4.350000,0.355478,0.337324,0.491953
523,4.358333,0.355482,0.337340,0.492533
524,4.366667,0.355488,0.337326,0.493148
525,4.375000,0.355500,0.337336,0.493777
526,4.383333,0.355484,0.337328,0.494436
527,4.391667,0.355470,0.337329,0.495113
528,4.400000,0.355469,0.337317,0.495783
529,4.408333,0.355470,0.337308,0.496453
530,4.416667,0.355485,0.337296,0.497118
531,4.425000,0.355478,0.337307,0.497711
532,4.433333,0.355466,0.337312,0.498302
533,4.441667,0.355470,0.337335,0.498874
534,4.450000,0.355463,0.337337,0.499462
535,4.458333,0.355460,0.337323,0.500068
536,4.466667,0.355482,0.337328,0.500729
537,4.475000,0.355485,0.337317,0.501398
538,4.483333,0.355485,0.337306,0.502091
539,4.491667,0.355459,0.337301,0.502747
540,4.500000,0.355466,0.337311,0.503406
541,4.508333,0.355473,0.337296,0.504043
542,4.516667,0.355487,0.337303,0.504662
543,4.525000,0.355476,0.337298,0.505280
544,4.533333,0.355470,0.337317,0.505899
545,4.541667,0.355459,0.337318,0.506528
546,4.550000,0.355455,0.337311,0.507195
547,4.558333,0.355459,0.337295,0.507881
548,4.566667,0.355466,0.337282,0.508544
549,4.575000,0.355473,0.337269,0.509208
550,4.583333,0.355453,0.337272,0.509821
551,4.591667,0.355452,0.337281,0.510419
552,4.600000,0.355460,0.337282,0.510985
553,4.608333,0.355460,0.337299,0.511554
554,4.616667,0.355471,0.337308,0.512147
555,4.625000,0.355462,0.337301,0.512749
556,4.633333,0.355456,0.337295,0.513382
557,4.641667,0.355457,0.337290,0.514035
558,4.650000,0.355450,0.337293,0.514717
559,4.658333,0.355456,0.337279,0.515394
560,4.666667,0.355472,0.337279,0.516080
561,4.675000,0.355474,0.337270,0.516727
562,4.683333,0.355475,0.337274,0.517348
563,4.691667,0.355448,0.337276,0.517959
564,4.700000,0.355441,0.337290,0.518552
565,4.708333,0.355453,0.337299,0.519173
566,4.716667,0.355468,0.337281,0.519788
567,4.725000,0.355473,0.337283,0.520430
568,4.733333,0.355462,0.337284,0.521097
569,4.741667,0.355444,0.337282,0.521769
570,4.750000,0.355438,0.337281,0.522406
571,4.758333,0.355437,0.337277,0.523085
572,4.766667,0.355441,0.337268,0.523724
573,4.775000,0.355435,0.337264,0.524359
574,4.783333,0.355406,0.337265,0.525012
575,4.791667,0.355389,0.337285,0.525657
576,4.800000,0.355385,0.337291,0.526312
577,4.808333,0.355387,0.337262,0.526979
578,4.816667,0.355405,0.337265,0.527652
579,4.825000,0.355411,0.337249,0.528275
580,4.833333,0.355401,0.337241,0.528873
581,4.841667,0.355408,0.337260,0.529400
582,4.850000,0.355386,0.337279,0.529957
583,4.858333,0.355400,0.337314,0.530491
584,4.866667,0.355416,0.337310,0.531054
585,4.875000,0.355433,0.337292,0.531687
586,4.883333,0.355439,0.337283,0.532372
587,4.891667,0.355423,0.337274,0.533089
588,4.900000,0.355406,0.337243,0.533816
589,4.908333,0.355426,0.337246,0.534513
590,4.916667,0.355441,0.337251,0.535167
591,4.925000,0.355451,0.337239,0.535779
592,4.933333,0.355446,0.337252,0.536344
593,4.941667,0.355423,0.337266,0.536926
594,4.950000,0.355425,0.337287,0.537514
595,4.958333,0.355423,0.337285,0.538119
596,4.966667,0.355435,0.337269,0.538787
597,4.975000,0.355453,0.337275,0.539476
598,4.983333,0.355458,0.337271,0.540187
599,4.991667,0.355455,0.337252,0.540895
600,5.000000,0.355436,0.337250,0.541615
601,5.008333,0.355433,0.337262,0.542278
602,5.016667,0.355440,0.337245,0.542933
603,5.025000,0.355448,0.337238,0.543600
604,5.033333,0.355454,0.337261,0.544242
605,5.041667,0.355447,0.337268,0.544916
606,5.050000,0.355431,0.337271,0.545596
607,5.058333,0.355457,0.337265,0.546317
608,5.066667,0.355476,0.337239,0.547030
609,5.075000,0.355491,0.337243,0.547746
610,5.083333,0.355461,0.337242,0.548477
611,5.091667,0.355463,0.337260,0.549180
612,5.100000,0.355475,0.337241,0.549902
613,5.108333,0.355493,0.337240,0.550643
614,5.116667,0.355485,0.337239,0.551360
615,5.125000,0.355477,0.337241,0.552043
616,5.133333,0.355468,0.337239,0.552721
617,5.141667,0.355457,0.337253,0.553429
618,5.150000,0.355477,0.337255,0.554087
619,5.158333,0.355490,0.337246,0.554745
620,5.166667,0.355485,0.337259,0.555408
621,5.175000,0.355480,0.337276,0.556025
622,5.183333,0.355456,0.337266,0.556654
623,5.191667,0.355437,0.337271,0.557274
624,5.200000,0.355441,0.337277,0.557908
625,5.208333,0.355453,0.337271,0.558542
626,5.216667,0.355461,0.337266,0.559158
627,5.225000,0.355443,0.337278,0.559787
628,5.233333,0.355415,0.337286,0.560402
629,5.241667,0.355429,0.337277,0.560999
630,5.250000,0.355432,0.337257,0.561561
631,5.258333,0.355439,0.337241,0.562130
632,5.266667,0.355450,0.337269,0.562642
633,5.275000,0.355444,0.337278,0.563163
634,5.283333,0.355447,0.337291,0.563648
635,5.291667,0.355449,0.337292,0.564133
636,5.300000,0.355430,0.337299,0.564641
637,5.308333,0.355414,0.337294,0.565153
638,5.316667,0.355419,0.337277,0.565648
639,5.325000,0.355430,0.337255,0.566131
640,5.333333,0.355433,0.337262,0.566571
641,5.341667,0.355440,0.337257,0.566988
642,5.350000,0.355451,0.337279,0.567357
643,5.358333,0.355447,0.337296,0.567704
644,5.366667,0.355449,0.337297,0.568089
645,5.375000,0.355445,0.337302,0.568454
646,5.383333,0.355437,0.337293,0.568829
647,5.391667,0.355454,0.337289,0.569226
648,5.400000,0.355450,0.337281,0.569617
649,5.408333,0.355442,0.337268,0.570000
650,5.416667,0.355446,0.337278,0.570321
651,5.425000,0.355456,0.337289,0.570639
652,5.433333,0.355448,0.337298,0.570960
653,5.441667,0.355435,0.337312,0.571280
654,5.450000,0.355424,0.337333,0.571670
655,5.458333,0.355423,0.337336,0.572107
656,5.466667,0.355426,0.337328,0.572578
657,5.475000,0.355423,0.337296,0.573110
658,5.483333,0.355442,0.337266,0.573653
659,5.491667,0.355444,0.337275,0.574180
660,5.500000,0.355426,0.337273,0.574704
661,5.508333,0.355426,0.337292,0.575155
662,5.516667,0.355427,0.337291,0.575592
663,5.525000,0.355417,0.337297,0.576040
664,5.533333,0.355404,0.337302,0.576540
665,5.541667,0.355414,0.337310,0.577093
666,5.550000,0.355416,0.337294,0.577669
667,5.558333,0.355430,0.337275,0.578282
668,5.566667,0.355447,0.337264,0.578885
669,5.575000,0.355441,0.337261,0.579508
670,5.583333,0.355431,0.337259,0.580049
671,5.591667,0.355438,0.337231,0.580583
672,5.600000,0.355432,0.337240,0.581092
673,5.608333,0.355425,0.337279,0.581646
674,5.616667,0.355442,0.337291,0.582183
675,5.625000,0.355448,0.337285,0.582804
676,5.633333,0.355444,0.337278,0.583446
677,5.641667,0.355445,0.337264,0.584135
678,5.650000,0.355446,0.337223,0.584795
679,5.658333,0.355448,0.337201,0.585433
680,5.666667,0.355448,0.337210,0.586035
681,5.675000,0.355447,0.337237,0.586600
682,5.683333,0.355456,0.337241,0.587115
683,5.691667,0.355465,0.337238,0.587626
684,5.700000,0.355475,0.337232,0.588163
685,5.708333,0.355464,0.337260,0.588715
686,5.716667,0.355452,0.337251,0.589332
687,5.725000,0.355456,0.337230,0.589927
688,5.733333,0.355465,0.337218,0.590549
689,5.741667,0.355467,0.337220,0.591182
690,5.750000,0.355500,0.337222,0.591786
691,5.758333,0.355497,0.337227,0.592358
692,5.766667,0.355489,0.337225,0.592917
693,5.775000,0.355489,0.337266,0.593474
694,5.783333,0.355481,0.337270,0.594118
695,5.791667,0.355488,0.337264,0.594783
696,5.800000,0.355489,0.337253,0.595520
697,5.808333,0.355493,0.337264,0.596354
698,5.816667,0.355495,0.337246,0.597180
699,5.825000,0.355499,0.337216,0.598054
700,5.833333,0.355504,0.337193,0.598953
701,5.841667,0.355510,0.337169,0.599787
702,5.850000,0.355494,0.337165,0.600554
703,5.858333,0.355502,0.337213,0.601293
704,5.866667,0.355497,0.337211,0.601969
705,5.875000,0.355503,0.337207,0.602650
706,5.883333,0.355495,0.337212,0.603306
707,5.891667,0.355483,0.337233,0.604014
708,5.900000,0.355485,0.337238,0.604733
709,5.908333,0.355467,0.337238,0.605516
710,5.916667,0.355469,0.337238,0.606352
711,5.925000,0.355446,0.337204,0.607225
712,5.933333,0.355434,0.337190,0.608074
713,5.941667,0.355406,0.337185,0.608945
714,5.950000,0.355404,0.337160,0.609778
715,5.958333,0.355397,0.337154,0.610554
716,5.966667,0.355397,0.337177,0.611279
717,5.975000,0.355392,0.337190,0.612005
718,5.983333,0.355410,0.337188,0.612675
719,5.991667,0.355400,0.337200,0.613423
720,6.000000,0.355416,0.337205,0.614183
721,6.008333,0.355422,0.337199,0.614980
722,6.016667,0.355442,0.337208,0.615833
723,6.025000,0.355439,0.337188,0.616736
724,6.033333,0.355430,0.337154,0.617608
725,6.041667,0.355407,0.337164,0.618486
726,6.050000,0.355424,0.337166,0.619332
727,6.058333,0.355422,0.337179,0.620136
728,6.066667,0.355422,0.337176,0.620926
729,6.075000,0.355426,0.337171,0.621728
730,6.083333,0.355417,0.337165,0.622465
731,6.091667,0.355407,0.337193,0.623261
732,6.100000,0.355416,0.337203,0.624072
733,6.108333,0.355414,0.337179,0.624878
734,6.116667,0.355420,0.337173,0.625688
735,6.125000,0.355397,0.337186,0.626527
736,6.133333,0.355404,0.337158,0.627305
737,6.141667,0.355412,0.337152,0.628080
738,6.150000,0.355426,0.337175,0.628835
739,6.158333,0.355419,0.337180,0.629549
740,6.166667,0.355432,0.337175,0.630242
741,6.175000,0.355423,0.337196,0.630965
742,6.183333,0.355427,0.337178,0.631656
743,6.191667,0.355443,0.337179,0.632406
744,6.200000,0.355442,0.337176,0.633110
745,6.208333,0.355443,0.337193,0.633845
746,6.216667,0.355439,0.337185,0.634534
747,6.225000,0.355439,0.337151,0.635213
748,6.233333,0.355452,0.337151,0.635915
749,6.241667,0.355454,0.337161,0.636510
750,6.250000,0.355456,0.337172,0.637157
751,6.258333,0.355450,0.337175,0.637716
752,6.266667,0.355456,0.337189,0.638312
753,6.275000,0.355461,0.337191,0.638895
754,6.283333,0.355468,0.337189,0.639463
755,6.291667,0.355466,0.337191,0.640018
756,6.300000,0.355463,0.337198,0.640641
757,6.308333,0.355470,0.337193,0.641222
758,6.316667,0.355474,0.337202,0.641877
759,6.325000,0.355480,0.337174,0.642474
760,6.333333,0.355486,0.337179,0.643108
761,6.341667,0.355472,0.337191,0.643720
762,6.350000,0.355472,0.337191,0.644310
763,6.358333,0.355462,0.337183,0.644870
764,6.366667,0.355465,0.337173,0.645454
765,6.375000,0.355469,0.337176,0.645985
766,6.383333,0.355464,0.337198,0.646580
767,6.391667,0.355468,0.337197,0.647142
768,6.400000,0.355476,0.337194,0.647732
769,6.408333,0.355469,0.337200,0.648350
770,6.416667,0.355473,0.337191,0.648962
771,6.425000,0.355467,0.337170,0.649541
772,6.433333,0.355455,0.337168,0.650115
773,6.441667,0.355453,0.337174,0.650613
774,6.450000,0.355435,0.337194,0.651141
775,6.458333,0.355438,0.337222,0.651664
776,6.466667,0.355431,0.337228,0.652187
777,6.475000,0.355446,0.337222,0.652770
778,6.483333,0.355457,0.337206,0.653367
779,6.491667,0.355452,0.337191,0.653992
780,6.500000,0.355443,0.337193,0.654629
781,6.508333,0.355451,0.337189,0.655232
782,6.516667,0.355463,0.337182,0.655851
783,6.525000,0.355470,0.337199,0.656446
784,6.533333,0.355477,0.337199,0.657017
785,6.541667,0.355463,0.337203,0.657610
786,6.550000,0.355470,0.337204,0.658173
787,6.558333,0.355461,0.337210,0.658767
788,6.566667,0.355447,0.337215,0.659388
789,6.575000,0.355456,0.337207,0.660004
790,6.583333,0.355464,0.337201,0.660670
791,6.591667,0.355477,0.337214,0.661331
792,6.600000,0.355476,0.337214,0.662037
793,6.608333,0.355476,0.337211,0.662687
794,6.616667,0.355475,0.337191,0.663372
795,6.625000,0.355472,0.337190,0.664050
796,6.633333,0.355475,0.337204,0.664709
797,6.641667,0.355476,0.337222,0.665420
798,6.650000,0.355485,0.337221,0.666088
799,6.658333,0.355472,0.337229,0.666827
800,6.666667,0.355474,0.337218,0.667551
801,6.675000,0.355463,0.337199,0.668320
802,6.683333,0.355481,0.337206,0.669097
803,6.691667,0.355490,0.337218,0.669885
804,6.700000,0.355527,0.337216,0.670660
805,6.708333,0.355530,0.337205,0.671493
806,6.716667,0.355517,0.337218,0.672262
807,6.725000,0.355486,0.337218,0.673072
808,6.733333,0.355507,0.337219,0.673883
809,6.741667,0.355519,0.337230,0.674759
810,6.750000,0.355526,0.337225,0.675604
811,6.758333,0.355504,0.337214,0.676523
812,6.766667,0.355493,0.337191,0.677462
813,6.775000,0.355518,0.337200,0.678391
814,6.783333,0.355515,0.337185,0.679304
815,6.791667,0.355532,0.337195,0.680178
816,6.800000,0.355512,0.337181,0.681087
817,6.808333,0.355527,0.337171,0.681968
818,6.816667,0.355520,0.337192,0.682824
819,6.825000,0.355521,0.337205,0.683692
820,6.833333,0.355538,0.337209,0.684573
821,6.841667,0.355503,0.337196,0.685502
822,6.850000,0.355491,0.337192,0.686414
823,6.858333,0.355479,0.337181,0.687349
824,6.866667,0.355493,0.337180,0.688310
825,6.875000,0.355509,0.337173,0.689226
826,6.883333,0.355483,0.337166,0.690145
827,6.891667,0.355470,0.337177,0.690997
828,6.900000,0.355473,0.337175,0.691845
829,6.908333,0.355515,0.337187,0.692706
830,6.916667,0.355518,0.337211,0.693533
831,6.925000,0.355512,0.337210,0.694388
832,6.933333,0.355516,0.337181,0.695268
833,6.941667,0.355524,0.337185,0.696193
834,6.950000,0.355555,0.337192,0.697108
835,6.958333,0.355559,0.337179,0.698011
836,6.966667,0.355541,0.337167,0.698908
837,6.975000,0.355531,0.337151,0.699771
838,6.983333,0.355518,0.337160,0.700629
839,6.991667,0.355530,0.337167,0.701416
840,7.000000,0.355534,0.337177,0.702230
841,7.008333,0.355537,0.337171,0.703020
842,7.016667,0.355506,0.337169,0.703831
843,7.025000,0.355482,0.337162,0.704625
844,7.033333,0.355490,0.337168,0.705473
845,7.041667,0.355506,0.337161,0.706294
846,7.050000,0.355502,0.337160,0.707100
847,7.058333,0.355488,0.337140,0.707932
848,7.066667,0.355493,0.337125,0.708725
849,7.075000,0.355477,0.337118,0.709499
850,7.083333,0.355507,0.337128,0.710253
851,7.091667,0.355527,0.337138,0.711008
852,7.100000,0.355530,0.337145,0.711713
853,7.108333,0.355511,0.337129,0.712451
854,7.116667,0.355507,0.337126,0.713187
855,7.125000,0.355495,0.337131,0.713920
856,7.133333,0.355502,0.337148,0.714698
857,7.141667,0.355513,0.337134,0.715481
858,7.150000,0.355537,0.337131,0.716242
859,7.158333,0.355527,0.337115,0.717037
860,7.166667,0.355537,0.337118,0.717796
861,7.175000,0.355522,0.337117,0.718544
862,7.183333,0.355547,0.337116,0.719286
863,7.191667,0.355540,0.337127,0.719999
864,7.200000,0.355551,0.337145,0.720696
865,7.208333,0.355541,0.337138,0.721412
866,7.216667,0.355546,0.337127,0.722119
867,7.225000,0.355535,0.337127,0.722876
868,7.233333,0.355542,0.337129,0.723635
869,7.241667,0.355554,0.337122,0.724405
870,7.250000,0.355579,0.337125,0.725202
871,7.258333,0.355556,0.337111,0.726000
872,7.266667,0.355546,0.337086,0.726739
873,7.275000,0.355537,0.337091,0.727490
874,7.283333,0.355548,0.337099,0.728197
875,7.291667,0.355545,0.337118,0.728902
876,7.300000,0.355558,0.337109,0.729611
877,7.308333,0.355562,0.337091,0.730309
878,7.316667,0.355544,0.337095,0.731014
879,7.325000,0.355540,0.337129,0.731739
880,7.333333,0.355524,0.337106,0.732447
881,7.341667,0.355538,0.337101,0.733208
882,7.350000,0.355523,0.337101,0.733961
883,7.358333,0.355530,0.337094,0.734675
884,7.366667,0.355535,0.337074,0.735396
885,7.375000,0.355533,0.337068,0.736040
886,7.383333,0.355518,0.337087,0.736721
887,7.391667,0.355511,0.337104,0.737325
888,7.400000,0.355514,0.337105,0.737955
889,7.408333,0.355506,0.337080,0.738587
890,7.416667,0.355489,0.337081,0.739233
891,7.425000,0.355486,0.337088,0.739882
892,7.433333,0.355481,0.337067,0.740476
893,7.441667,0.355486,0.337071,0.741118
894,7.450000,0.355482,0.337073,0.741669
895,7.458333,0.355471,0.337072,0.742255
896,7.466667,0.355478,0.337072,0.742771
897,7.475000,0.355496,0.337068,0.743297
898,7.483333,0.355486,0.337060,0.743806
899,7.491667,0.355504,0.337063,0.744325
900,7.500000,0.355496,0.337062,0.744829
901,7.508333,0.355471,0.337071,0.745329
902,7.516667,0.355490,0.337071,0.745820
903,7.525000,0.355492,0.337072,0.746237
904,7.533333,0.355477,0.337062,0.746711
905,7.541667,0.355469,0.337076,0.747119
906,7.550000,0.355469,0.337087,0.747535
907,7.558333,0.355478,0.337087,0.747989
908,7.566667,0.355470,0.337082,0.748422
909,7.575000,0.355497,0.337085,0.748891
910,7.583333,0.355496,0.337087,0.749365
911,7.591667,0.355489,0.337085,0.749878
912,7.600000,0.355503,0.337074,0.750391
913,7.608333,0.355484,0.337077,0.750903
914,7.616667,0.355471,0.337080,0.751435
915,7.625000,0.355482,0.337064,0.751918
916,7.633333,0.355484,0.337037,0.752434
917,7.641667,0.355468,0.337033,0.752913
918,7.650000,0.355491,0.337062,0.753376
919,7.658333,0.355500,0.337059,0.753829
920,7.666667,0.355498,0.337065,0.754245
921,7.675000,0.355510,0.337076,0.754678
922,7.683333,0.355518,0.337101,0.755085
923,7.691667,0.355490,0.337086,0.755537
924,7.700000,0.355500,0.337078,0.756032
925,7.708333,0.355494,0.337073,0.756514
926,7.716667,0.355494,0.337068,0.757078
927,7.725000,0.355506,0.337055,0.757568
928,7.733333,0.355545,0.337049,0.758091
929,7.741667,0.355552,0.337052,0.758577
930,7.750000,0.355565,0.337059,0.759060
931,7.758333,0.355576,0.337078,0.759512
932,7.766667,0.355543,0.337081,0.759962
933,7.775000,0.355527,0.337091,0.760434
934,7.783333,0.355513,0.337071,0.760881
935,7.791667,0.355499,0.337062,0.761398
936,7.800000,0.355486,0.337057,0.761895
937,7.808333,0.355522,0.337069,0.762389
938,7.816667,0.355510,0.337062,0.762920
939,7.825000,0.355509,0.337061,0.763375
940,7.833333,0.355531,0.337067,0.763882
941,7.841667,0.355533,0.337075,0.764354
942,7.850000,0.355520,0.337063,0.764839
943,7.858333,0.355506,0.337058,0.765312
944,7.866667,0.355474,0.337070,0.765831
945,7.875000,0.355477,0.337071,0.766329
946,7.883333,0.355479,0.337045,0.766818
947,7.891667,0.355473,0.337052,0.767385
948,7.900000,0.355473,0.337068,0.767894
949,7.908333,0.355485,0.337085,0.768465
950,7.916667,0.355494,0.337066,0.769000
951,7.925000,0.355504,0.337055,0.769552
952,7.933333,0.355487,0.337046,0.770109
953,7.941667,0.355486,0.337061,0.770679
954,7.950000,0.355473,0.337059,0.771223
955,7.958333,0.355489,0.337066,0.771840
956,7.966667,0.355496,0.337048,0.772389
957,7.975000,0.355482,0.337047,0.773012
958,7.983333,0.355475,0.337059,0.773598
959,7.991667,0.355465,0.337056,0.774216
960,8.000000,0.355456,0.337048,0.774817
961,8.008333,0.355462,0.337039,0.775425
962,8.016667,0.355437,0.337035,0.776054
963,8.025000,0.355452,0.337048,0.776663
964,8.033333,0.355463,0.337046,0.777300
965,8.041667,0.355458,0.337022,0.777878
966,8.050000,0.355466,0.337008,0.778447
967,8.058333,0.355448,0.337015,0.779006
968,8.066667,0.355462,0.337053,0.779528
969,8.075000,0.355457,0.337035,0.780047
970,8.083333,0.355442,0.337045,0.780571
971,8.091667,0.355455,0.337060,0.781107
972,8.100000,0.355439,0.337039,0.781664
973,8.108333,0.355444,0.337022,0.782239
974,8.116667,0.355452,0.337033,0.782806
975,8.125000,0.355434,0.337017,0.783374
976,8.133333,0.355448,0.336995,0.783869
977,8.141667,0.355471,0.336998,0.784388
978,8.150000,0.355462,0.337001,0.784832
979,8.158333,0.355462,0.336997,0.785285
980,8.166667,0.355460,0.337017,0.785665
981,8.175000,0.355439,0.337023,0.786063
982,8.183333,0.355431,0.337032,0.786445
983,8.191667,0.355430,0.337023,0.786812
984,8.200000,0.355421,0.337012,0.787199
985,8.208333,0.355428,0.337006,0.787618
986,8.216667,0.355433,0.337002,0.788022
987,8.225000,0.355449,0.337010,0.788414
988,8.233333,0.355436,0.337011,0.788835
989,8.241667,0.355424,0.337009,0.789183
990,8.250000,0.355427,0.337007,0.789487
991,8.258333,0.355434,0.337010,0.789788
992,8.266667,0.355437,0.337027,0.790047
993,8.275000,0.355421,0.337042,0.790305
994,8.283333,0.355407,0.337045,0.790594
995,8.291667,0.355399,0.337039,0.790916
996,8.300000,0.355390,0.337030,0.791259
997,8.308333,0.355376,0.337031,0.791634
998,8.316667,0.355397,0.337024,0.792045
999,8.325000,0.355405,0.337014,0.792406
1000,8.333333,0.355402,0.337010,0.792723
1001,8.341667,0.355404,0.337011,0.793067
1002,8.350000,0.355410,0.337017,0.793380
1003,8.358333,0.355404,0.337031,0.793660
1004,8.366667,0.355400,0.337044,0.793953
1005,8.375000,0.355401,0.337062,0.794294
1006,8.383333,0.355398,0.337063,0.794634
1007,8.391667,0.355393,0.337059,0.794987
1008,8.400000,0.355392,0.337042,0.795380
1009,8.408333,0.355391,0.337038,0.795769
1010,8.416667,0.355372,0.337028,0.796192
1011,8.425000,0.355384,0.337038,0.796607
1012,8.433333,0.355396,0.337033,0.797008
1013,8.441667,0.355388,0.337052,0.797423
1014,8.450000,0.355389,0.337055,0.797861
1015,8.458333,0.355403,0.337044,0.798246
1016,8.466667,0.355400,0.337039,0.798675
1017,8.475000,0.355396,0.337043,0.799135
1018,8.483333,0.355393,0.337034,0.799542
1019,8.491667,0.355389,0.337040,0.799980
1020,8.500000,0.355375,0.337034,0.800382
1021,8.508333,0.355371,0.337044,0.800780
1022,8.516667,0.355389,0.337048,0.801207
1023,8.525000,0.355371,0.337051,0.801613
1024,8.533333,0.355376,0.337045,0.802085
1025,8.541667,0.355391,0.337056,0.802541
1026,8.550000,0.355387,0.337046,0.803054
1027,8.558333,0.355391,0.337053,0.803575
1028,8.566667,0.355379,0.337030,0.804065
1029,8.575000,0.355371,0.337023,0.804567
1030,8.583333,0.355378,0.336990,0.805031
1031,8.591667,0.355400,0.337013,0.805473
1032,8.600000,0.355379,0.337029,0.805905
1033,8.608333,0.355368,0.337050,0.806321
1034,8.616667,0.355383,0.337059,0.806794
1035,8.625000,0.355382,0.337066,0.807248
1036,8.633333,0.355380,0.337040,0.807774
1037,8.641667,0.355385,0.337013,0.808268
1038,8.650000,0.355392,0.337016,0.808817
1039,8.658333,0.355378,0.337017,0.809337
1040,8.666667,0.355381,0.337021,0.809813
1041,8.675000,0.355384,0.337018,0.810300
1042,8.683333,0.355388,0.337018,0.810715
1043,8.691667,0.355403,0.337024,0.811153
1044,8.700000,0.355400,0.337040,0.811562
1045,8.708333,0.355379,0.337040,0.812023
1046,8.716667,0.355390,0.337054,0.812479
1047,8.725000,0.355394,0.337034,0.812962
1048,8.733333,0.355399,0.337028,0.813469
1049,8.741667,0.355394,0.336996,0.813944
1050,8.750000,0.355406,0.337002,0.814456
1051,8.758333,0.355395,0.337007,0.814934
1052,8.766667,0.355393,0.337020,0.815353
1053,8.775000,0.355404,0.337026,0.815790
1054,8.783333,0.355407,0.337043,0.816192
1055,8.791667,0.355400,0.337038,0.816616
1056,8.800000,0.355407,0.337034,0.817048
1057,8.808333,0.355396,0.337024,0.817514
1058,8.816667,0.355415,0.337030,0.818020
1059,8.825000,0.355416,0.337035,0.818511
1060,8.833333,0.355416,0.337030,0.819075
1061,8.841667,0.355420,0.337019,0.819552
1062,8.850000,0.355422,0.337009,0.820061
1063,8.858333,0.355425,0.337010,0.820507
1064,8.866667,0.355421,0.337012,0.820924
1065,8.875000,0.355405,0.337018,0.821317
1066,8.883333,0.355378,0.337031,0.821735
1067,8.891667,0.355387,0.337054,0.822152
1068,8.900000,0.355401,0.337030,0.822597
1069,8.908333,0.355404,0.337012,0.823043
1070,8.916667,0.355420,0.337015,0.823538
1071,8.925000,0.355422,0.337020,0.823965
1072,8.933333,0.355409,0.337022,0.824423
1073,8.941667,0.355403,0.337029,0.824850
1074,8.950000,0.355396,0.337033,0.825231
1075,8.958333,0.355399,0.337021,0.825632
1076,8.966667,0.355390,0.337021,0.826015
1077,8.975000,0.355394,0.337024,0.826401
1078,8.983333,0.355406,0.337028,0.826826
1079,8.991667,0.355403,0.337035,0.827249
1080,9.000000,0.355402,0.337037,0.827683
1081,9.008333,0.355416,0.337047,0.828112
1082,9.016667,0.355409,0.337030,0.828506
1083,9.025000,0.355404,0.337024,0.828922
1084,9.033333,0.355406,0.337025,0.829285
1085,9.041667,0.355395,0.337033,0.829629
1086,9.050000,0.355389,0.337037,0.830011
1087,9.058333,0.355384,0.337036,0.830388
1088,9.066667,0.355383,0.337028,0.830753
1089,9.075000,0.355400,0.337046,0.831149
1090,9.083333,0.355383,0.337029,0.831568
1091,9.091667,0.355382,0.337024,0.831929
1092,9.100000,0.355392,0.337018,0.832313
1093,9.108333,0.355397,0.337021,0.832640
1094,9.116667,0.355387,0.337034,0.832938
1095,9.125000,0.355394,0.337043,0.833240
1096,9.133333,0.355399,0.337059,0.833542
1097,9.141667,0.355406,0.337062,0.833854
1098,9.150000,0.355385,0.337058,0.834223
1099,9.158333,0.355384,0.337053,0.834634
1100,9.166667,0.355392,0.337025,0.835035
1101,9.175000,0.355407,0.337000,0.835445
1102,9.183333,0.355408,0.336999,0.835854
1103,9.191667,0.355406,0.337011,0.836182
1104,9.200000,0.355407,0.337014,0.836469
1105,9.208333,0.355416,0.337043,0.836755
1106,9.216667,0.355409,0.337081,0.837019
1107,9.225000,0.355403,0.337095,0.837322
1108,9.233333,0.355405,0.337085,0.837691
1109,9.241667,0.355405,0.337075,0.838125
1110,9.250000,0.355397,0.337051,0.838624
1111,9.258333,0.355405,0.337032,0.839143
1112,9.266667,0.355397,0.337016,0.839635
1113,9.275000,0.355396,0.337000,0.840139
1114,9.283333,0.355381,0.337006,0.840537
1115,9.291667,0.355371,0.337027,0.840869
1116,9.300000,0.355371,0.337037,0.841217
1117,9.308333,0.355375,0.337064,0.841521
1118,9.316667,0.355390,0.337076,0.841850
1119,9.325000,0.355407,0.337074,0.842284
1120,9.333333,0.355416,0.337058,0.842735
1121,9.341667,0.355407,0.337049,0.843246
1122,9.350000,0.355384,0.337039,0.843727
1123,9.358333,0.355373,0.337021,0.844209
1124,9.366667,0.355390,0.337025,0.844679
1125,9.375000,0.355395,0.337018,0.845074
1126,9.383333,0.355389,0.337035,0.845460
1127,9.391667,0.355405,0.337049,0.845823
1128,9.400000,0.355401,0.337061,0.846180
1129,9.408333,0.355411,0.337055,0.846575
1130,9.416667,0.355394,0.337054,0.847016
1131,9.425000,0.355380,0.337045,0.847450
1132,9.433333,0.355397,0.337032,0.847936
1133,9.441667,0.355401,0.337019,0.848412
1134,9.450000,0.355418,0.337020,0.848894
1135,9.458333,0.355415,0.337019,0.849325
1136,9.466667,0.355403,0.337017,0.849736
1137,9.475000,0.355415,0.337031,0.850134
1138,9.483333,0.355420,0.337046,0.850466
1139,9.491667,0.355408,0.337028,0.850835
1140,9.500000,0.355392,0.337042,0.851227
1141,9.508333,0.355390,0.337040,0.851623
1142,9.516667,0.355398,0.337041,0.852061
1143,9.525000,0.355389,0.337036,0.852529
1144,9.533333,0.355387,0.337026,0.852970
1145,9.541667,0.355397,0.337025,0.853416
1146,9.550000,0.355385,0.337022,0.853838
1147,9.558333,0.355389,0.337017,0.854235
1148,9.566667,0.355395,0.337020,0.854637
1149,9.575000,0.355385,0.337032,0.855012
1150,9.583333,0.355383,0.337028,0.855414
1151,9.591667,0.355388,0.337031,0.855814
1152,9.600000,0.355388,0.337017,0.856206
1153,9.608333,0.355379,0.337024,0.856658
1154,9.616667,0.355369,0.337020,0.857063
1155,9.625000,0.355369,0.337011,0.857475
1156,9.633333,0.355380,0.337013,0.857919
1157,9.641667,0.355370,0.337020,0.858287
1158,9.650000,0.355367,0.337026,0.858691
1159,9.658333,0.355378,0.337039,0.859073
1160,9.666667,0.355366,0.337026,0.859491
1161,9.675000,0.355359,0.337029,0.859919
1162,9.683333,0.355341,0.337016,0.860365
1163,9.691667,0.355336,0.337011,0.860846
1164,9.700000,0.355346,0.337001,0.861336
1165,9.708333,0.355360,0.336997,0.861758
1166,9.716667,0.355345,0.336993,0.862199
1167,9.725000,0.355347,0.337009,0.862562
1168,9.733333,0.355359,0.337014,0.862885
1169,9.741667,0.355365,0.337024,0.863226
1170,9.750000,0.355360,0.337042,0.863565
1171,9.758333,0.355341,0.337037,0.863932
1172,9.766667,0.355354,0.337036,0.864361
1173,9.775000,0.355342,0.337032,0.864809
1174,9.783333,0.355350,0.337022,0.865291
1175,9.791667,0.355349,0.337006,0.865750
1176,9.800000,0.355339,0.337005,0.866188
1177,9.808333,0.355339,0.337008,0.866623
1178,9.816667,0.355343,0.337015,0.866980
1179,9.825000,0.355329,0.337018,0.867344
1180,9.833333,0.355328,0.337032,0.867699
1181,9.841667,0.355319,0.337033,0.868049
1182,9.850000,0.355330,0.337033,0.868434
1183,9.858333,0.355348,0.337030,0.868848
1184,9.866667,0.355337,0.337019,0.869262
1185,9.875000,0.355339,0.337022,0.869661
1186,9.883333,0.355338,0.337007,0.870079
1187,9.891667,0.355338,0.336999,0.870433
1188,9.900000,0.355337,0.337002,0.870789
1189,9.908333,0.355344,0.337020,0.871113
1190,9.916667,0.355343,0.337030,0.871399
1191,9.925000,0.355337,0.337039,0.871737
1192,9.933333,0.355322,0.337036,0.872093
1193,9.941667,0.355316,0.337027,0.872449
1194,9.950000,0.355316,0.337016,0.872841
1195,9.958333,0.355313,0.337005,0.873256
1196,9.966667,0.355309,0.336996,0.873633
1197,9.975000,0.355307,0.336997,0.873978
1198,9.983333,0.355316,0.337011,0.874323
1199,9.991667,0.355316,0.337011,0.874595
1200,10.000000,0.355320,0.337019,0.874859
1201,10.008333,0.355318,0.337027,0.875114
1202,10.016667,0.355326,0.337032,0.875363
1203,10.025000,0.355334,0.337024,0.875621
1204,10.033333,0.355319,0.337029,0.875895
1205,10.041667,0.355302,0.337017,0.876196
1206,10.050000,0.355307,0.337012,0.876482
1207,10.058333,0.355319,0.336990,0.876754
1208,10.066667,0.355316,0.336982,0.876999
1209,10.075000,0.355308,0.336992,0.877222
1210,10.083333,0.355318,0.336999,0.877433
1211,10.091667,0.355316,0.337000,0.877604
1212,10.100000,0.355310,0.337013,0.877773
1213,10.108333,0.355307,0.337029,0.877951
1214,10.116667,0.355303,0.337022,0.878155
1215,10.125000,0.355303,0.337015,0.878418
1216,10.133333,0.355301,0.337008,0.878700
1217,10.141667,0.355308,0.336997,0.878918
1218,10.150000,0.355315,0.336989,0.879107
1219,10.158333,0.355311,0.336991,0.879250
1220,10.166667,0.355319,0.337001,0.879366
1221,10.175000,0.355316,0.337015,0.879455
1222,10.183333,0.355320,0.337027,0.879566
1223,10.191667,0.355324,0.337036,0.879716
1224,10.200000,0.355323,0.337039,0.879913
1225,10.208333,0.355322,0.337023,0.880148
1226,10.216667,0.355328,0.336990,0.880432
1227,10.225000,0.355335,0.336972,0.880686
1228,10.233333,0.355334,0.336970,0.880886
1229,10.241667,0.355330,0.336975,0.881008
1230,10.250000,0.355332,0.336968,0.881072
1231,10.258333,0.355340,0.336995,0.881110
1232,10.266667,0.355326,0.337016,0.881133
1233,10.275000,0.355323,0.337027,0.881180
1234,10.283333,0.355325,0.337022,0.881282
1235,10.291667,0.355314,0.337014,0.881440
1236,10.300000,0.355317,0.337006,0.881611
1237,10.308333,0.355327,0.336989,0.881792
1238,10.316667,0.355328,0.336979,0.881942
1239,10.325000,0.355328,0.336973,0.882032
1240,10.333333,0.355329,0.336980,0.882052
1241,10.341667,0.355327,0.336992,0.882024
1242,10.350000,0.355333,0.337014,0.881972
1243,10.358333,0.355331,0.337028,0.881939
1244,10.366667,0.355328,0.337037,0.881927
1245,10.375000,0.355332,0.337029,0.881963
1246,10.383333,0.355336,0.337022,0.882033
1247,10.391667,0.355332,0.337001,0.882112
1248,10.400000,0.355332,0.336992,0.882185
1249,10.408333,0.355334,0.336981,0.882228
1250,10.416667,0.355332,0.336981,0.882221
1251,10.425000,0.355334,0.336993,0.882169
1252,10.433333,0.355347,0.337010,0.882107
1253,10.441667,0.355343,0.337021,0.882032
1254,10.450000,0.355346,0.337032,0.881988
1255,10.458333,0.355346,0.337039,0.881975
1256,10.466667,0.355353,0.337029,0.882006
1257,10.475000,0.355356,0.337022,0.882065
1258,10.483333,0.355356,0.337007,0.882124
1259,10.491667,0.355357,0.336994,0.882171
1260,10.500000,0.355362,0.336993,0.882193
1261,10.508333,0.355370,0.336997,0.882172
1262,10.516667,0.355376,0.337013,0.882126
1263,10.525000,0.355379,0.337025,0.882069
1264,10.533333,0.355385,0.337037,0.882011
1265,10.541667,0.355390,0.337058,0.881979
1266,10.550000,0.355406,0.337055,0.881973
1267,10.558333,0.355410,0.337053,0.881998
1268,10.566667,0.355412,0.337053,0.882042
1269,10.575000,0.355418,0.337047,0.882088
1270,10.583333,0.355422,0.337042,0.882114
1271,10.591667,0.355427,0.337046,0.882116
1272,10.600000,0.355426,0.337047,0.882100
1273,10.608333,0.355440,0.337063,0.882066
1274,10.616667,0.355444,0.337073,0.882025
1275,10.625000,0.355447,0.337073,0.881987
1276,10.633333,0.355445,0.337085,0.881971
1277,10.641667,0.355451,0.337077,0.881984
1278,10.650000,0.355453,0.337072,0.882015
1279,10.658333,0.355458,0.337061,0.882056
1280,10.666667,0.355462,0.337056,0.882096
1281,10.675000,0.355459,0.337051,0.882119
1282,10.683333,0.355463,0.337047,0.882120
1283,10.691667,0.355461,0.337055,0.882096
1284,10.700000,0.355464,0.337054,0.882061
1285,10.708333,0.355465,0.337068,0.882025
1286,10.716667,0.355467,0.337078,0.881999
1287,10.725000,0.355464,0.337074,0.881990
1288,10.733333,0.355469,0.337076,0.882007
1289,10.741667,0.355470,0.337075,0.882037
1290,10.750000,0.355467,0.337067,0.882068
1291,10.758333,0.355466,0.337056,0.882096
1292,10.766667,0.355466,0.337052,0.882106
1293,10.775000,0.355460,0.337056,0.882100
1294,10.783333,0.355460,0.337063,0.882075
1295,10.791667,0.355465,0.337065,0.882047
1296,10.800000,0.355465,0.337067,0.882020
1297,10.808333,0.355471,0.337074,0.882007
1298,10.816667,0.355469,0.337070,0.882005
1299,10.825000,0.355468,0.337071,0.882025
1300,10.833333,0.355465,0.337062,0.882048
1301,10.841667,0.355463,0.337060,0.882077
1302,10.850000,0.355465,0.337058,0.882093
1303,10.858333,0.355471,0.337057,0.882098
1304,10.866667,0.355469,0.337057,0.882077
1305,10.875000,0.355467,0.337065,0.882063
1306,10.883333,0.355471,0.337072,0.882041
1307,10.891667,0.355471,0.337071,0.882020
1308,10.900000,0.355467,0.337072,0.882014
1309,10.908333,0.355468,0.337072,0.882021
1310,10.916667,0.355469,0.337070,0.882036
1311,10.925000,0.355473,0.337059,0.882059
1312,10.933333,0.355466,0.337055,0.882079
1313,10.941667,0.355467,0.337061,0.882087
1314,10.950000,0.355471,0.337059,0.882080
1315,10.958333,0.355469,0.337061,0.882071
1316,10.966667,0.355471,0.337065,0.882052
1317,10.975000,0.355475,0.337068,0.882034
1318,10.983333,0.355471,0.337071,0.882023
1319,10.991667,0.355468,0.337070,0.882020
1320,11.000000,0.355471,0.337070,0.882034
1321,11.008333,0.355473,0.337064,0.882048
1322,11.016667,0.355469,0.337062,0.882064
1323,11.025000,0.355474,0.337054,0.882077
1324,11.033333,0.355470,0.337060,0.882079
1325,11.041667,0.355467,0.337059,0.882073
1326,11.050000,0.355469,0.337058,0.882059
1327,11.058333,0.355472,0.337069,0.882044
1328,11.066667,0.355469,0.337069,0.882029
1329,11.075000,0.355477,0.337069,0.882024
1330,11.083333,0.355475,0.337071,0.882028
1331,11.091667,0.355471,0.337065,0.882041
1332,11.100000,0.355469,0.337064,0.882054
1333,11.108333,0.355472,0.337063,0.882067
1334,11.116667,0.355471,0.337060,0.882073
1335,11.125000,0.355471,0.337060,0.882072
1336,11.133333,0.355471,0.337064,0.882064
1337,11.141667,0.355479,0.337069,0.882049
1338,11.150000,0.355477,0.337060,0.882037
1339,11.158333,0.355478,0.337063,0.882031
1340,11.166667,0.355472,0.337067,0.882029
1341,11.175000,0.355471,0.337068,0.882038
1342,11.183333,0.355471,0.337060,0.882051
1343,11.191667,0.355474,0.337059,0.882060
1344,11.200000,0.355470,0.337058,0.882069
1345,11.208333,0.355474,0.337060,0.882068
1346,11.216667,0.355472,0.337059,0.882065
1347,11.225000,0.355472,0.337062,0.882058
1348,11.233333,0.355474,0.337065,0.882044
1349,11.241667,0.355476,0.337068,0.882035
1350,11.250000,0.355471,0.337066,0.882036
1351,11.258333,0.355469,0.337066,0.882035
1352,11.266667,0.355469,0.337058,0.882042
1353,11.275000,0.355476,0.337062,0.882057
1354,11.283333,0.355472,0.337059,0.882060
1355,11.291667,0.355471,0.337065,0.882070
1356,11.300000,0.355471,0.337061,0.882067
1357,11.308333,0.355475,0.337059,0.882062
1358,11.316667,0.355475,0.337060,0.882050
1359,11.325000,0.355474,0.337069,0.882044
1360,11.333333,0.355472,0.337066,0.882036
1361,11.341667,0.355472,0.337069,0.882041
1362,11.350000,0.355475,0.337058,0.882041
1363,11.358333,0.355475,0.337065,0.882047
1364,11.366667,0.355477,0.337063,0.882058
1365,11.375000,0.355472,0.337063,0.882063
1366,11.383333,0.355473,0.337061,0.882063
1367,11.391667,0.355468,0.337064,0.882062
1368,11.400000,0.355473,0.337059,0.882053
1369,11.408333,0.355481,0.337063,0.882048
1370,11.416667,0.355475,0.337065,0.882040
1371,11.425000,0.355474,0.337069,0.882045
1372,11.433333,0.355476,0.337057,0.882042
1373,11.441667,0.355476,0.337065,0.882047
1374,11.450000,0.355471,0.337061,0.882050
1375,11.458333,0.355476,0.337064,0.882059
1376,11.466667,0.355473,0.337058,0.882062
1377,11.475000,0.355474,0.337065,0.882061
1378,11.483333,0.355477,0.337059,0.882053
1379,11.491667,0.355477,0.337063,0.882050
1380,11.500000,0.355476,0.337062,0.882046
1381,11.508333,0.355475,0.337067,0.882038
1382,11.516667,0.355477,0.337064,0.882045
1383,11.525000,0.355474,0.337059,0.882043
1384,11.533333,0.355474,0.337065,0.882048
1385,11.541667,0.355472,0.337061,0.882052
1386,11.550000,0.355476,0.337063,0.882059
1387,11.558333,0.355474,0.337056,0.882059
1388,11.566667,0.355479,0.337056,0.882059
1389,11.575000,0.355477,0.337067,0.882051
1390,11.583333,0.355478,0.337065,0.882053
1391,11.591667,0.355473,0.337060,0.882048
1392,11.600000,0.355473,0.337062,0.882045
1393,11.608333,0.355471,0.337071,0.882042
1394,11.616667,0.355473,0.337062,0.882046
1395,11.625000,0.355475,0.337061,0.882045
1396,11.633333,0.355482,0.337062,0.882056
1397,11.641667,0.355477,0.337064,0.882057
1398,11.650000,0.355476,0.337058,0.882061
1399,11.658333,0.355476,0.337061,0.882058
1400,11.666667,0.355472,0.337061,0.882055
1401,11.675000,0.355476,0.337064,0.882048
1402,11.683333,0.355474,0.337066,0.882046
1403,11.691667,0.355471,0.337064,0.882046
1404,11.700000,0.355473,0.337062,0.882047
1405,11.708333,0.355476,0.337059,0.882047
1406,11.716667,0.355475,0.337062,0.882051
1407,11.725000,0.355474,0.337063,0.882054
1408,11.733333,0.355473,0.337060,0.882059
1409,11.741667,0.355476,0.337058,0.882059
1410,11.750000,0.355473,0.337063,0.882056
1411,11.758333,0.355473,0.337062,0.882051
1412,11.766667,0.355475,0.337068,0.882044
1413,11.775000,0.355474,0.337061,0.882045
1414,11.783333,0.355480,0.337063,0.882043
1415,11.791667,0.355477,0.337064,0.882045
1416,11.800000,0.355477,0.337063,0.882051
1417,11.808333,0.355480,0.337060,0.882053
1418,11.816667,0.355474,0.337059,0.882058
1419,11.825000,0.355472,0.337062,0.882055
1420,11.833333,0.355478,0.337063,0.882050
1421,11.841667,0.355482,0.337062,0.882050
1422,11.850000,0.355478,0.337062,0.882045
1423,11.858333,0.355476,0.337063,0.882048
1424,11.866667,0.355475,0.337058,0.882046
1425,11.875000,0.355476,0.337063,0.882048
1426,11.883333,0.355485,0.337058,0.882046
1427,11.891667,0.355482,0.337064,0.882036
1428,11.900000,0.355476,0.337065,0.882023
1429,11.908333,0.355478,0.337066,0.882018
1430,11.916667,0.355478,0.337068,0.882012
1431,11.925000,0.355477,0.337066,0.882013
1432,11.933333,0.355475,0.337072,0.882028
1433,11.941667,0.355477,0.337063,0.882044
1434,11.950000,0.355479,0.337065,0.882059
1435,11.958333,0.355469,0.337059,0.882070
1436,11.966667,0.355476,0.337058,0.882076
1437,11.975000,0.355476,0.337059,0.882070
1438,11.983333,0.355478,0.337059,0.882059
1439,11.991667,0.355483,0.337067,0.882046
1440,12.000000,0.355483,0.337064,0.882034
1441,12.008333,0.355478,0.337068,0.882021
1442,12.016667,0.355479,0.337067,0.882021
1443,12.025000,0.355479,0.337074,0.882027
1444,12.033333,0.355479,0.337067,0.882034
1445,12.041667,0.355475,0.337061,0.882045
1446,12.050000,0.355475,0.337061,0.882059
1447,12.058333,0.355478,0.337060,0.882067
1448,12.066667,0.355478,0.337062,0.882069
1449,12.075000,0.355475,0.337057,0.882057
1450,12.083333,0.355472,0.337063,0.882052
1451,12.091667,0.355481,0.337065,0.882046
1452,12.100000,0.355479,0.337061,0.882033
1453,12.108333,0.355480,0.337066,0.882036
1454,12.116667,0.355479,0.337069,0.882033
1455,12.125000,0.355476,0.337065,0.882044
1456,12.133333,0.355476,0.337064,0.882056
1457,12.141667,0.355477,0.337062,0.882059
1458,12.150000,0.355477,0.337061,0.882063
1459,12.158333,0.355474,0.337060,0.882057
1460,12.166667,0.355476,0.337061,0.882054
1461,12.175000,0.355479,0.337061,0.882046
1462,12.183333,0.355479,0.337066,0.882044
1463,12.191667,0.355473,0.337060,0.882038
1464,12.200000,0.355475,0.337062,0.882038
1465,12.208333,0.355479,0.337070,0.882044
1466,12.216667,0.355472,0.337060,0.882048
1467,12.225000,0.355470,0.337056,0.882056
1468,12.233333,0.355471,0.337058,0.882061
1469,12.241667,0.355478,0.337061,0.882061
1470,12.250000,0.355478,0.337061,0.882059
1471,12.258333,0.355481,0.337057,0.882053
1472,12.266667,0.355476,0.337057,0.882046
1473,12.275000,0.355476,0.337061,0.882048
1474,12.283333,0.355478,0.337060,0.882040
1475,12.291667,0.355476,0.337061,0.882045
1476,12.300000,0.355479,0.337058,0.882050
1477,12.308333,0.355476,0.337061,0.882054
1478,12.316667,0.355477,0.337058,0.882063
1479,12.325000,0.355478,0.337055,0.882064
1480,12.333333,0.355473,0.337062,0.882062
1481,12.341667,0.355474,0.337058,0.882057
1482,12.350000,0.355478,0.337055,0.882052
1483,12.358333,0.355476,0.337059,0.882048
1484,12.366667,0.355475,0.337059,0.882044
1485,12.375000,0.355479,0.337060,0.882047
1486,12.383333,0.355482,0.337058,0.882048
1487,12.391667,0.355478,0.337061,0.882053
1488,12.400000,0.355474,0.337054,0.882059
1489,12.408333,0.355476,0.337055,0.882061
1490,12.416667,0.355482,0.337054,0.882058
1491,12.425000,0.355480,0.337062,0.882044
1492,12.433333,0.355477,0.337062,0.882032
1493,12.441667,0.355476,0.337065,0.882013
1494,12.450000,0.355473,0.337067,0.882008
1495,12.458333,0.355480,0.337066,0.882003
1496,12.466667,0.355480,0.337064,0.881996
1497,12.475000,0.355477,0.337069,0.881981
1498,12.483333,0.355482,0.337072,0.881964
1499,12.491667,0.355481,0.337074,0.881935
1500,12.500000,0.355477,0.337083,0.881905
1501,12.508333,0.355484,0.337087,0.881879
1502,12.516667,0.355481,0.337086,0.881858
1503,12.525000,0.355478,0.337090,0.881852
1504,12.533333,0.355481,0.337091,0.881849
1505,12.541667,0.355486,0.337092,0.881858
1506,12.550000,0.355478,0.337083,0.881863
1507,12.558333,0.355480,0.337085,0.881863
1508,12.566667,0.355480,0.337090,0.881855
1509,12.575000,0.355477,0.337090,0.881844
1510,12.583333,0.355477,0.337090,0.881835
1511,12.591667,0.355476,0.337091,0.881835
1512,12.600000,0.355479,0.337092,0.881842
1513,12.608333,0.355478,0.337092,0.881858
1514,12.616667,0.355480,0.337076,0.881886
1515,12.625000,0.355479,0.337078,0.881894
1516,12.633333,0.355478,0.337082,0.881894
1517,12.641667,0.355477,0.337083,0.881885
1518,12.650000,0.355480,0.337084,0.881868
1519,12.658333,0.355483,0.337090,0.881841
1520,12.666667,0.355481,0.337097,0.881816
1521,12.675000,0.355480,0.337097,0.881796
1522,12.683333,0.355486,0.337096,0.881788
1523,12.691667,0.355486,0.337100,0.881789
1524,12.700000,0.355482,0.337099,0.881796
1525,12.708333,0.355482,0.337100,0.881796
1526,12.716667,0.355482,0.337093,0.881796
1527,12.725000,0.355484,0.337094,0.881790
1528,12.733333,0.355486,0.337096,0.881767
1529,12.741667,0.355490,0.337102,0.881744
1530,12.750000,0.355488,0.337108,0.881712
1531,12.758333,0.355486,0.337107,0.881675
1532,12.766667,0.355489,0.337113,0.881648
1533,12.775000,0.355482,0.337110,0.881625
1534,12.783333,0.355485,0.337113,0.881620
1535,12.791667,0.355492,0.337114,0.881625
1536,12.800000,0.355486,0.337113,0.881622
1537,12.808333,0.355483,0.337108,0.881622
1538,12.816667,0.355485,0.337112,0.881622
1539,12.825000,0.355491,0.337116,0.881624
1540,12.833333,0.355487,0.337113,0.881613
1541,12.841667,0.355485,0.337115,0.881613
1542,12.850000,0.355485,0.337112,0.881622
1543,12.858333,0.355483,0.337111,0.881625
1544,12.866667,0.355483,0.337113,0.881630
1545,12.875000,0.355483,0.337111,0.881633
1546,12.883333,0.355491,0.337110,0.881644
1547,12.891667,0.355483,0.337107,0.881649
1548,12.900000,0.355493,0.337110,0.881652
1549,12.908333,0.355491,0.337108,0.881650
1550,12.916667,0.355487,0.337110,0.881635
1551,12.925000,0.355485,0.337114,0.881620
1552,12.933333,0.355486,0.337109,0.881591
1553,12.941667,0.355485,0.337113,0.881561
1554,12.950000,0.355485,0.337118,0.881531
1555,12.958333,0.355484,0.337123,0.881508
1556,12.966667,0.355491,0.337123,0.881499
1557,12.975000,0.355494,0.337122,0.881504
1558,12.983333,0.355490,0.337109,0.881527
1559,12.991667,0.355491,0.337110,0.881560
1560,13.000000,0.355487,0.337107,0.881610
1561,13.008333,0.355494,0.337094,0.881671
1562,13.016667,0.355499,0.337073,0.881764
1563,13.025000,0.355505,0.337044,0.881896
1564,13.033333,0.355505,0.337018,0.882048
1565,13.041667,0.355505,0.336995,0.882163
1566,13.050000,0.355500,0.336979,0.882213
1567,13.058333,0.355497,0.336986,0.882184
1568,13.066667,0.355498,0.337015,0.882093
1569,13.075000,0.355504,0.337034,0.881997
1570,13.083333,0.355503,0.337056,0.881917
1571,13.091667,0.355496,0.337069,0.881888
1572,13.100000,0.355502,0.337070,0.881907
1573,13.108333,0.355504,0.337063,0.881942
1574,13.116667,0.355508,0.337062,0.881960
1575,13.125000,0.355502,0.337066,0.881966
1576,13.133333,0.355504,0.337064,0.881970
1577,13.141667,0.355501,0.337063,0.881979
1578,13.150000,0.355506,0.337062,0.882000
1579,13.158333,0.355504,0.337059,0.882035
1580,13.166667,0.355503,0.337051,0.882069
1581,13.175000,0.355503,0.337043,0.882093
1582,13.183333,0.355504,0.337045,0.882109
1583,13.191667,0.355504,0.337044,0.882109
1584,13.200000,0.355501,0.337047,0.882084
1585,13.208333,0.355501,0.337059,0.882052
1586,13.216667,0.355500,0.337066,0.882009
1587,13.225000,0.355504,0.337071,0.881983
1588,13.233333,0.355499,0.337074,0.881974
1589,13.241667,0.355508,0.337067,0.881979
1590,13.250000,0.355503,0.337066,0.881999
1591,13.258333,0.355501,0.337053,0.882025
1592,13.266667,0.355498,0.337054,0.882057
1593,13.275000,0.355496,0.337046,0.882069
1594,13.283333,0.355502,0.337051,0.882081
1595,13.291667,0.355497,0.337046,0.882079
1596,13.300000,0.355501,0.337054,0.882070
1597,13.308333,0.355501,0.337056,0.882059
1598,13.316667,0.355507,0.337054,0.882049
1599,13.325000,0.355497,0.337063,0.882037
1600,13.333333,0.355500,0.337061,0.882040
1601,13.341667,0.355501,0.337061,0.882046
1602,13.350000,0.355504,0.337052,0.882057
1603,13.358333,0.355503,0.337053,0.882060
1604,13.366667,0.355505,0.337058,0.882060
1605,13.375000,0.355499,0.337055,0.882056
1606,13.383333,0.355498,0.337058,0.882047
1607,13.391667,0.355499,0.337060,0.882047
1608,13.400000,0.355497,0.337062,0.882045
1609,13.408333,0.355498,0.337059,0.882054
1610,13.416667,0.355495,0.337055,0.882062
1611,13.425000,0.355505,0.337055,0.882068
1612,13.433333,0.355496,0.337055,0.882070
1613,13.441667,0.355499,0.337054,0.882073
1614,13.450000,0.355504,0.337052,0.882073
1615,13.458333,0.355504,0.337052,0.882063
1616,13.466667,0.355496,0.337057,0.882054
1617,13.475000,0.355501,0.337059,0.882051
1618,13.483333,0.355502,0.337056,0.882051
1619,13.491667,0.355499,0.337056,0.882053
1620,13.500000,0.355499,0.337055,0.882059
1621,13.508333,0.355503,0.337054,0.882064
1622,13.516667,0.355500,0.337049,0.882073
1623,13.525000,0.355501,0.337049,0.882077
1624,13.533333,0.355500,0.337048,0.882072
1625,13.541667,0.355501,0.337045,0.882067
1626,13.550000,0.355500,0.337051,0.882065
1627,13.558333,0.355499,0.337050,0.882065
1628,13.566667,0.355500,0.337051,0.882060
1629,13.575000,0.355501,0.337055,0.882059
1630,13.583333,0.355501,0.337053,0.882061
1631,13.591667,0.355501,0.337052,0.882065
1632,13.600000,0.355500,0.337051,0.882068
1633,13.608333,0.355499,0.337057,0.882067
