Format Version,1.21,Take Name,pen_hatra,Capture Frame Rate,120.000000,Export Frame Rate,120.000000,Capture Start Time,2018-11-22 02.22.49 PM,Total Frames in Take,1760,Total Exported Frames,1760,Rotation Type,Quaternion,Length Units,Meters,Coordinate Space,Global

,,Marker,Marker,Marker
,,Unlabeled:5000,Unlabeled:5000,Unlabeled:5000
,,"8392B20CF49E35701388","8392B20CF49E35701388","8392B20CF49E35701388"
,,Position,Position,Position
Frame,Time,X,Y,Z
0,0.000000,0.371703,0.336093,0.946425
1,0.008333,0.371698,0.336117,0.946321
2,0.016667,0.371701,0.336121,0.946310
3,0.025000,0.371696,0.336113,0.946379
4,0.033333,0.371701,0.336083,0.946504
5,0.041667,0.371701,0.336051,0.946644
6,0.050000,0.371695,0.336035,0.946760
7,0.058333,0.371694,0.336019,0.946812
8,0.066667,0.371692,0.336016,0.946800
9,0.075000,0.371693,0.336035,0.946714
10,0.083333,0.371696,0.336065,0.946597
11,0.091667,0.371703,0.336093,0.946474
12,0.100000,0.371702,0.336107,0.946394
13,0.108333,0.371704,0.336102,0.946374
14,0.116667,0.371704,0.336102,0.946426
15,0.125000,0.371700,0.336087,0.946513
16,0.133333,0.371703,0.336063,0.946629
17,0.141667,0.371696,0.336033,0.946718
18,0.150000,0.371692,0.336029,0.946770
19,0.158333,0.371690,0.336031,0.946757
20,0.166667,0.371696,0.336040,0.946696
21,0.175000,0.371694,0.336059,0.946606
22,0.183333,0.371697,0.336086,0.946510
23,0.191667,0.371699,0.336095,0.946442
24,0.200000,0.371703,0.336101,0.946429
25,0.208333,0.371702,0.336092,0.946461
26,0.216667,0.371697,0.336075,0.946537
27,0.225000,0.371700,0.336056,0.946624
28,0.233333,0.371694,0.336039,0.946695
29,0.241667,0.371690,0.336037,0.946735
30,0.250000,0.371691,0.336040,0.946722
31,0.258333,0.371692,0.336044,0.946669
32,0.266667,0.371697,0.336063,0.946602
33,0.275000,0.371699,0.336079,0.946532
34,0.283333,0.371698,0.336092,0.946479
35,0.291667,0.371698,0.336094,0.946463
36,0.300000,0.371701,0.336088,0.946493
37,0.308333,0.371691,0.336069,0.946549
38,0.316667,0.371697,0.336064,0.946616
39,0.325000,0.371692,0.336045,0.946677
40,0.333333,0.371694,0.336041,0.946709
41,0.341667,0.371695,0.336040,0.946696
42,0.350000,0.371696,0.336053,0.946659
43,0.358333,0.371691,0.336065,0.946600
44,0.366667,0.371697,0.336070,0.946542
45,0.375000,0.371698,0.336083,0.946498
46,0.383333,0.371700,0.336089,0.946493
47,0.391667,0.371698,0.336081,0.946519
48,0.400000,0.371700,0.336067,0.946570
49,0.408333,0.371698,0.336056,0.946619
50,0.416667,0.371692,0.336051,0.946666
51,0.425000,0.371694,0.336040,0.946687
52,0.433333,0.371691,0.336043,0.946679
53,0.441667,0.371693,0.336051,0.946651
54,0.450000,0.371698,0.336061,0.946603
55,0.458333,0.371701,0.336068,0.946555
56,0.466667,0.371701,0.336073,0.946526
57,0.475000,0.371698,0.336076,0.946522
58,0.483333,0.371695,0.336071,0.946541
59,0.491667,0.371696,0.336061,0.946585
60,0.500000,0.371694,0.336057,0.946623
61,0.508333,0.371696,0.336048,0.946658
62,0.516667,0.371692,0.336042,0.946673
63,0.525000,0.371693,0.336045,0.946667
64,0.533333,0.371699,0.336053,0.946638
65,0.541667,0.371699,0.336066,0.946599
66,0.550000,0.371694,0.336064,0.946559
67,0.558333,0.371696,0.336066,0.946543
68,0.566667,0.371699,0.336079,0.946542
69,0.575000,0.371699,0.336071,0.946559
70,0.583333,0.371696,0.336061,0.946593
71,0.591667,0.371694,0.336053,0.946627
72,0.600000,0.371692,0.336053,0.946652
73,0.608333,0.371695,0.336052,0.946660
74,0.616667,0.371699,0.336048,0.946657
75,0.625000,0.371698,0.336055,0.946632
76,0.633333,0.371697,0.336063,0.946599
77,0.641667,0.371696,0.336066,0.946569
78,0.650000,0.371698,0.336065,0.946554
79,0.658333,0.371696,0.336074,0.946557
80,0.666667,0.371693,0.336065,0.946575
81,0.675000,0.371696,0.336056,0.946603
82,0.683333,0.371696,0.336052,0.946627
83,0.691667,0.371698,0.336052,0.946656
84,0.700000,0.371690,0.336052,0.946653
85,0.708333,0.371694,0.336049,0.946644
86,0.716667,0.371692,0.336059,0.946624
87,0.725000,0.371699,0.336062,0.946597
88,0.733333,0.371696,0.336063,0.946575
89,0.741667,0.371704,0.336067,0.946565
90,0.750000,0.371696,0.336068,0.946570
91,0.758333,0.371699,0.336062,0.946584
92,0.766667,0.371692,0.336062,0.946606
93,0.775000,0.371698,0.336051,0.946630
94,0.783333,0.371699,0.336055,0.946649
95,0.791667,0.371698,0.336049,0.946649
96,0.800000,0.371695,0.336054,0.946640
97,0.808333,0.371699,0.336061,0.946622
98,0.816667,0.371698,0.336060,0.946600
99,0.825000,0.371702,0.336064,0.946585
100,0.833333,0.371701,0.336064,0.946577
101,0.841667,0.371699,0.336069,0.946581
102,0.850000,0.371699,0.336063,0.946597
103,0.858333,0.371707,0.336064,0.946618
104,0.866667,0.371707,0.336062,0.946633
105,0.875000,0.371704,0.336055,0.946639
106,0.883333,0.371712,0.336056,0.946634
107,0.891667,0.371713,0.336057,0.946625
108,0.900000,0.371713,0.336060,0.946612
109,0.908333,0.371717,0.336064,0.946601
110,0.916667,0.371725,0.336067,0.946593
111,0.925000,0.371728,0.336067,0.946590
112,0.933333,0.371726,0.336065,0.946599
113,0.941667,0.371730,0.336062,0.946609
114,0.950000,0.371732,0.336059,0.946622
115,0.958333,0.371736,0.336051,0.946633
116,0.966667,0.371736,0.336054,0.946637
117,0.975000,0.371735,0.336057,0.946633
118,0.983333,0.371733,0.336060,0.946625
119,0.991667,0.371741,0.336061,0.946616
120,1.000000,0.371736,0.336064,0.946602
121,1.008333,0.371742,0.336064,0.946598
122,1.016667,0.371742,0.336065,0.946599
123,1.025000,0.371739,0.336065,0.946606
124,1.033333,0.371743,0.336062,0.946618
125,1.041667,0.371748,0.336061,0.946630
126,1.050000,0.371748,0.336059,0.946632
127,1.058333,0.371753,0.336054,0.946638
128,1.066667,0.371759,0.336058,0.946632
129,1.075000,0.371763,0.336064,0.946623
130,1.083333,0.371763,0.336067,0.946612
131,1.091667,0.371773,0.336069,0.946604
132,1.100000,0.371781,0.336074,0.946597
133,1.108333,0.371777,0.336071,0.946591
134,1.116667,0.371789,0.336074,0.946599
135,1.125000,0.371798,0.336078,0.946603
136,1.133333,0.371807,0.336073,0.946614
137,1.141667,0.371814,0.336071,0.946621
138,1.150000,0.371825,0.336073,0.946620
139,1.158333,0.371835,0.336080,0.946616
140,1.166667,0.371843,0.336083,0.946603
141,1.175000,0.371846,0.336090,0.946595
142,1.183333,0.371848,0.336085,0.946587
143,1.191667,0.371852,0.336093,0.946587
144,1.200000,0.371856,0.336091,0.946582
145,1.208333,0.371865,0.336093,0.946590
146,1.216667,0.371862,0.336086,0.946604
147,1.225000,0.371853,0.336089,0.946606
148,1.233333,0.371858,0.336085,0.946612
149,1.241667,0.371857,0.336087,0.946611
150,1.250000,0.371866,0.336085,0.946611
151,1.258333,0.371858,0.336092,0.946601
152,1.266667,0.371861,0.336094,0.946600
153,1.275000,0.371861,0.336090,0.946586
154,1.283333,0.371863,0.336091,0.946590
155,1.291667,0.371859,0.336093,0.946588
156,1.300000,0.371865,0.336088,0.946595
157,1.308333,0.371865,0.336084,0.946601
158,1.316667,0.371867,0.336089,0.946607
159,1.325000,0.371863,0.336085,0.946613
160,1.333333,0.371867,0.336088,0.946612
161,1.341667,0.371861,0.336083,0.946606
162,1.350000,0.371864,0.336090,0.946599
163,1.358333,0.371858,0.336092,0.946596
164,1.366667,0.371867,0.336092,0.946590
165,1.375000,0.371862,0.336092,0.946592
166,1.383333,0.371863,0.336092,0.946594
167,1.391667,0.371862,0.336087,0.946601
168,1.400000,0.371865,0.336091,0.946603
169,1.408333,0.371864,0.336089,0.946611
170,1.416667,0.371863,0.336085,0.946612
171,1.425000,0.371861,0.336087,0.946608
172,1.433333,0.371864,0.336087,0.946604
173,1.441667,0.371864,0.336094,0.946603
174,1.450000,0.371864,0.336087,0.946598
175,1.458333,0.371863,0.336088,0.946593
176,1.466667,0.371866,0.336095,0.946594
177,1.475000,0.371868,0.336090,0.946598
178,1.483333,0.371867,0.336094,0.946603
179,1.491667,0.371863,0.336089,0.946605
180,1.500000,0.371859,0.336087,0.946608
181,1.508333,0.371869,0.336091,0.946612
182,1.516667,0.371868,0.336086,0.946611
183,1.525000,0.371858,0.336090,0.946606
184,1.533333,0.371868,0.336089,0.946600
185,1.541667,0.371865,0.336088,0.946599
186,1.550000,0.371870,0.336090,0.946599
187,1.558333,0.371866,0.336093,0.946602
188,1.566667,0.371865,0.336087,0.946599
189,1.575000,0.371864,0.336084,0.946606
190,1.583333,0.371864,0.336092,0.946608
191,1.591667,0.371863,0.336096,0.946610
192,1.600000,0.371868,0.336091,0.946612
193,1.608333,0.371863,0.336087,0.946612
194,1.616667,0.371869,0.336095,0.946611
195,1.625000,0.371866,0.336092,0.946603
196,1.633333,0.371866,0.336090,0.946598
197,1.641667,0.371863,0.336090,0.946599
198,1.650000,0.371863,0.336102,0.946602
199,1.658333,0.371866,0.336090,0.946602
200,1.666667,0.371867,0.336088,0.946605
201,1.675000,0.371864,0.336091,0.946610
202,1.683333,0.371862,0.336095,0.946608
203,1.691667,0.371870,0.336093,0.946611
204,1.700000,0.371867,0.336091,0.946608
205,1.708333,0.371869,0.336096,0.946607
206,1.716667,0.371864,0.336096,0.946604
207,1.725000,0.371866,0.336088,0.946600
208,1.733333,0.371862,0.336096,0.946605
209,1.741667,0.371866,0.336091,0.946602
210,1.750000,0.371864,0.336091,0.946604
211,1.758333,0.371861,0.336089,0.946606
212,1.766667,0.371866,0.336093,0.946610
213,1.775000,0.371863,0.336093,0.946615
214,1.783333,0.371869,0.336088,0.946614
215,1.791667,0.371868,0.336089,0.946610
216,1.800000,0.371868,0.336092,0.946606
217,1.808333,0.371867,0.336093,0.946606
218,1.816667,0.371862,0.336091,0.946603
219,1.825000,0.371862,0.336091,0.946608
220,1.833333,0.371864,0.336089,0.946607
221,1.841667,0.371872,0.336095,0.946606
222,1.850000,0.371864,0.336092,0.946613
223,1.858333,0.371867,0.336094,0.946614
224,1.866667,0.371864,0.336089,0.946613
225,1.875000,0.371867,0.336097,0.946611
226,1.883333,0.371859,0.336093,0.946611
227,1.891667,0.371867,0.336091,0.946609
228,1.900000,0.371864,0.336084,0.946606
229,1.908333,0.371866,0.336092,0.946605
230,1.916667,0.371868,0.336098,0.946605
231,1.925000,0.371866,0.336094,0.946607
232,1.933333,0.371866,0.336082,0.946610
233,1.941667,0.371867,0.336085,0.946614
234,1.950000,0.371863,0.336090,0.946610
235,1.958333,0.371867,0.336094,0.946609
236,1.966667,0.371864,0.336087,0.946611
237,1.975000,0.371864,0.336092,0.946609
238,1.983333,0.371866,0.336098,0.946613
239,1.991667,0.371869,0.336096,0.946610
240,2.000000,0.371870,0.336077,0.946604
241,2.008333,0.371868,0.336092,0.946607
242,2.016667,0.371859,0.336104,0.946606
243,2.025000,0.371868,0.336101,0.946606
244,2.033333,0.371864,0.336077,0.946609
245,2.041667,0.371866,0.336089,0.946617
246,2.050000,0.371863,0.336100,0.946614
247,2.058333,0.371869,0.336089,0.946610
248,2.066667,0.371871,0.336089,0.946608
249,2.075000,0.371861,0.336104,0.946609
250,2.083333,0.371863,0.336098,0.946606
251,2.091667,0.371870,0.336089,0.946605
252,2.100000,0.371870,0.336081,0.946604
253,2.108333,0.371867,0.336094,0.946612
254,2.116667,0.371865,0.336098,0.946611
255,2.125000,0.371863,0.336089,0.946610
256,2.133333,0.371864,0.336092,0.946610
257,2.141667,0.371860,0.336097,0.946617
258,2.150000,0.371866,0.336088,0.946615
259,2.158333,0.371867,0.336083,0.946613
260,2.166667,0.371872,0.336092,0.946611
261,2.175000,0.371864,0.336103,0.946609
262,2.183333,0.371864,0.336098,0.946608
263,2.191667,0.371867,0.336083,0.946609
264,2.200000,0.371871,0.336090,0.946608
265,2.208333,0.371867,0.336091,0.946616
266,2.216667,0.371868,0.336086,0.946615
267,2.225000,0.371861,0.336090,0.946612
268,2.233333,0.371862,0.336097,0.946612
269,2.241667,0.371867,0.336096,0.946612
270,2.250000,0.371872,0.336089,0.946611
271,2.258333,0.371865,0.336085,0.946612
272,2.266667,0.371862,0.336092,0.946606
273,2.275000,0.371870,0.336090,0.946613
274,2.283333,0.371866,0.336094,0.946609
275,2.291667,0.371866,0.336090,0.946613
276,2.300000,0.371861,0.336090,0.946611
277,2.308333,0.371860,0.336087,0.946615
278,2.316667,0.371871,0.336087,0.946614
279,2.325000,0.371867,0.336089,0.946609
280,2.333333,0.371863,0.336095,0.946613
281,2.341667,0.371862,0.336098,0.946612
282,2.350000,0.371868,0.336095,0.946611
283,2.358333,0.371864,0.336093,0.946613
284,2.366667,0.371872,0.336087,0.946614
285,2.375000,0.371868,0.336092,0.946614
286,2.383333,0.371867,0.336086,0.946612
287,2.391667,0.371865,0.336091,0.946614
288,2.400000,0.371868,0.336095,0.946618
289,2.408333,0.371868,0.336089,0.946619
290,2.416667,0.371864,0.336087,0.946613
291,2.425000,0.371866,0.336092,0.946617
292,2.433333,0.371866,0.336097,0.946614
293,2.441667,0.371868,0.336089,0.946613
294,2.450000,0.371866,0.336093,0.946611
295,2.458333,0.371864,0.336093,0.946612
296,2.466667,0.371870,0.336091,0.946615
297,2.475000,0.371869,0.336086,0.946618
298,2.483333,0.371871,0.336089,0.946620
299,2.491667,0.371867,0.336093,0.946619
300,2.500000,0.371867,0.336096,0.946615
301,2.508333,0.371868,0.336092,0.946615
302,2.516667,0.371864,0.336093,0.946613
303,2.525000,0.371865,0.336090,0.946615
304,2.533333,0.371870,0.336087,0.946614
305,2.541667,0.371867,0.336091,0.946614
306,2.550000,0.371868,0.336095,0.946614
307,2.558333,0.371866,0.336098,0.946612
308,2.566667,0.371867,0.336093,0.946614
309,2.575000,0.371867,0.336094,0.946616
310,2.583333,0.371866,0.336091,0.946617
311,2.591667,0.371867,0.336093,0.946618
312,2.600000,0.371866,0.336094,0.946617
313,2.608333,0.371869,0.336088,0.946609
314,2.616667,0.371868,0.336094,0.946612
315,2.625000,0.371866,0.336092,0.946609
316,2.633333,0.371865,0.336086,0.946606
317,2.641667,0.371862,0.336086,0.946611
318,2.650000,0.371869,0.336088,0.946610
319,2.658333,0.371862,0.336091,0.946610
320,2.666667,0.371863,0.336083,0.946616
321,2.675000,0.371866,0.336085,0.946618
322,2.683333,0.371864,0.336085,0.946619
323,2.691667,0.371855,0.336087,0.946610
324,2.700000,0.371854,0.336087,0.946604
325,2.708333,0.371849,0.336094,0.946600
326,2.716667,0.371856,0.336098,0.946590
327,2.725000,0.371855,0.336094,0.946591
328,2.733333,0.371844,0.336095,0.946591
329,2.741667,0.371843,0.336094,0.946596
330,2.750000,0.371834,0.336099,0.946598
331,2.758333,0.371841,0.336096,0.946597
332,2.766667,0.371849,0.336095,0.946598
333,2.775000,0.371844,0.336097,0.946585
334,2.783333,0.371833,0.336106,0.946578
335,2.791667,0.371823,0.336108,0.946569
336,2.800000,0.371832,0.336104,0.946555
337,2.808333,0.371815,0.336121,0.946550
338,2.816667,0.371807,0.336132,0.946547
339,2.825000,0.371792,0.336134,0.946546
340,2.833333,0.371783,0.336132,0.946559
341,2.841667,0.371768,0.336142,0.946571
342,2.850000,0.371765,0.336137,0.946579
343,2.858333,0.371759,0.336140,0.946582
344,2.866667,0.371752,0.336144,0.946581
345,2.875000,0.371748,0.336156,0.946566
346,2.883333,0.371751,0.336165,0.946551
347,2.891667,0.371749,0.336165,0.946540
348,2.900000,0.371754,0.336170,0.946525
349,2.908333,0.371747,0.336174,0.946528
350,2.916667,0.371750,0.336178,0.946541
351,2.925000,0.371744,0.336178,0.946554
352,2.933333,0.371740,0.336176,0.946562
353,2.941667,0.371737,0.336179,0.946574
354,2.950000,0.371732,0.336175,0.946569
355,2.958333,0.371736,0.336180,0.946569
356,2.966667,0.371733,0.336185,0.946558
357,2.975000,0.371730,0.336199,0.946549
358,2.983333,0.371726,0.336193,0.946537
359,2.991667,0.371728,0.336202,0.946531
360,3.000000,0.371731,0.336201,0.946535
361,3.008333,0.371737,0.336199,0.946540
362,3.016667,0.371744,0.336196,0.946548
363,3.025000,0.371758,0.336195,0.946540
364,3.033333,0.371776,0.336192,0.946516
365,3.041667,0.371811,0.336185,0.946462
366,3.050000,0.371847,0.336184,0.946373
367,3.058333,0.371870,0.336178,0.946221
368,3.066667,0.371896,0.336176,0.946031
369,3.075000,0.371900,0.336192,0.945805
370,3.083333,0.371921,0.336203,0.945541
371,3.091667,0.371925,0.336212,0.945225
372,3.100000,0.371926,0.336239,0.944889
373,3.108333,0.371923,0.336260,0.944607
374,3.116667,0.371928,0.336267,0.944359
375,3.125000,0.371941,0.336255,0.944123
376,3.133333,0.371939,0.336230,0.943918
377,3.141667,0.371956,0.336206,0.943734
378,3.150000,0.371959,0.336186,0.943512
379,3.158333,0.371955,0.336187,0.943250
380,3.166667,0.371937,0.336180,0.942885
381,3.175000,0.371937,0.336198,0.942482
382,3.183333,0.371924,0.336218,0.942058
383,3.191667,0.371905,0.336234,0.941604
384,3.200000,0.371888,0.336230,0.941198
385,3.208333,0.371872,0.336227,0.940772
386,3.216667,0.371870,0.336212,0.940385
387,3.225000,0.371879,0.336205,0.939982
388,3.233333,0.371868,0.336194,0.939518
389,3.241667,0.371854,0.336204,0.939075
390,3.250000,0.371828,0.336218,0.938565
391,3.258333,0.371807,0.336246,0.938085
392,3.266667,0.371786,0.336252,0.937602
393,3.275000,0.371768,0.336254,0.937158
394,3.283333,0.371757,0.336235,0.936765
395,3.291667,0.371745,0.336224,0.936383
396,3.300000,0.371762,0.336215,0.936040
397,3.308333,0.371790,0.336203,0.935676
398,3.316667,0.371792,0.336174,0.935238
399,3.325000,0.371814,0.336170,0.934780
400,3.333333,0.371827,0.336171,0.934242
401,3.341667,0.371831,0.336204,0.933683
402,3.350000,0.371829,0.336240,0.933073
403,3.358333,0.371829,0.336254,0.932536
404,3.366667,0.371835,0.336245,0.931996
405,3.375000,0.371835,0.336227,0.931545
406,3.383333,0.371819,0.336204,0.931086
407,3.391667,0.371819,0.336183,0.930659
408,3.400000,0.371833,0.336189,0.930215
409,3.408333,0.371834,0.336185,0.929729
410,3.416667,0.371847,0.336201,0.929234
411,3.425000,0.371847,0.336214,0.928692
412,3.433333,0.371853,0.336208,0.928185
413,3.441667,0.371852,0.336222,0.927640
414,3.450000,0.371845,0.336230,0.927179
415,3.458333,0.371829,0.336230,0.926703
416,3.466667,0.371816,0.336219,0.926298
417,3.475000,0.371822,0.336213,0.925907
418,3.483333,0.371839,0.336189,0.925477
419,3.491667,0.371859,0.336167,0.925025
420,3.500000,0.371845,0.336165,0.924505
421,3.508333,0.371834,0.336189,0.923958
422,3.516667,0.371817,0.336198,0.923345
423,3.525000,0.371810,0.336203,0.922759
424,3.533333,0.371798,0.336209,0.922131
425,3.541667,0.371799,0.336253,0.921580
426,3.550000,0.371812,0.336260,0.921065
427,3.558333,0.371816,0.336246,0.920655
428,3.566667,0.371820,0.336213,0.920270
429,3.575000,0.371819,0.336188,0.919896
430,3.583333,0.371816,0.336159,0.919524
431,3.591667,0.371796,0.336144,0.919048
432,3.600000,0.371794,0.336143,0.918530
433,3.608333,0.371785,0.336149,0.917909
434,3.616667,0.371811,0.336171,0.917277
435,3.625000,0.371833,0.336216,0.916607
436,3.633333,0.371863,0.336233,0.915986
437,3.641667,0.371875,0.336244,0.915396
438,3.650000,0.371881,0.336253,0.914879
439,3.658333,0.371888,0.336225,0.914426
440,3.666667,0.371905,0.336209,0.914016
441,3.675000,0.371915,0.336175,0.913573
442,3.683333,0.371939,0.336164,0.913134
443,3.691667,0.371964,0.336175,0.912659
444,3.700000,0.371971,0.336210,0.912125
445,3.708333,0.371968,0.336205,0.911604
446,3.716667,0.371967,0.336202,0.911055
447,3.725000,0.371981,0.336208,0.910550
448,3.733333,0.371971,0.336204,0.910051
449,3.741667,0.371986,0.336213,0.909605
450,3.750000,0.371998,0.336201,0.909148
451,3.758333,0.372026,0.336194,0.908726
452,3.766667,0.372028,0.336197,0.908276
453,3.775000,0.372046,0.336188,0.907793
454,3.783333,0.372027,0.336184,0.907317
455,3.791667,0.371997,0.336195,0.906800
456,3.800000,0.371953,0.336219,0.906315
457,3.808333,0.371903,0.336217,0.905818
458,3.816667,0.371882,0.336213,0.905399
459,3.825000,0.371864,0.336203,0.905003
460,3.833333,0.371849,0.336180,0.904630
461,3.841667,0.371865,0.336164,0.904273
462,3.850000,0.371862,0.336154,0.903878
463,3.858333,0.371854,0.336163,0.903444
464,3.866667,0.371843,0.336159,0.902992
465,3.875000,0.371832,0.336180,0.902455
466,3.883333,0.371809,0.336182,0.901927
467,3.891667,0.371796,0.336167,0.901376
468,3.900000,0.371808,0.336181,0.900853
469,3.908333,0.371793,0.336178,0.900341
470,3.916667,0.371789,0.336198,0.899863
471,3.925000,0.371797,0.336197,0.899382
472,3.933333,0.371795,0.336181,0.898914
473,3.941667,0.371796,0.336166,0.898433
474,3.950000,0.371796,0.336164,0.897927
475,3.958333,0.371787,0.336171,0.897405
476,3.966667,0.371756,0.336181,0.896860
477,3.975000,0.371745,0.336196,0.896320
478,3.983333,0.371749,0.336180,0.895780
479,3.991667,0.371769,0.336185,0.895268
480,4.000000,0.371787,0.336178,0.894735
481,4.008333,0.371802,0.336178,0.894215
482,4.016667,0.371806,0.336174,0.893649
483,4.025000,0.371815,0.336176,0.893103
484,4.033333,0.371801,0.336166,0.892516
485,4.041667,0.371808,0.336166,0.891960
486,4.050000,0.371781,0.336171,0.891371
487,4.058333,0.371760,0.336180,0.890827
488,4.066667,0.371756,0.336189,0.890280
489,4.075000,0.371746,0.336174,0.889752
490,4.083333,0.371755,0.336153,0.889214
491,4.091667,0.371761,0.336146,0.888650
492,4.100000,0.371759,0.336138,0.888056
493,4.108333,0.371769,0.336147,0.887418
494,4.116667,0.371792,0.336170,0.886753
495,4.125000,0.371801,0.336179,0.886049
496,4.133333,0.371800,0.336180,0.885364
497,4.141667,0.371793,0.336194,0.884674
498,4.150000,0.371797,0.336194,0.883999
499,4.158333,0.371816,0.336187,0.883401
500,4.166667,0.371818,0.336193,0.882781
501,4.175000,0.371819,0.336188,0.882183
502,4.183333,0.371829,0.336186,0.881549
503,4.191667,0.371838,0.336173,0.880934
504,4.200000,0.371844,0.336182,0.880276
505,4.208333,0.371833,0.336165,0.879570
506,4.216667,0.371847,0.336166,0.878856
507,4.225000,0.371850,0.336189,0.878097
508,4.233333,0.371859,0.336193,0.877349
509,4.241667,0.371878,0.336195,0.876646
510,4.250000,0.371866,0.336199,0.875896
511,4.258333,0.371851,0.336195,0.875158
512,4.266667,0.371869,0.336192,0.874470
513,4.275000,0.371873,0.336205,0.873764
514,4.283333,0.371852,0.336191,0.873056
515,4.291667,0.371842,0.336186,0.872342
516,4.300000,0.371839,0.336188,0.871587
517,4.308333,0.371861,0.336196,0.870839
518,4.316667,0.371874,0.336201,0.870099
519,4.325000,0.371880,0.336205,0.869345
520,4.333333,0.371861,0.336203,0.868626
521,4.341667,0.371860,0.336195,0.867937
522,4.350000,0.371857,0.336175,0.867201
523,4.358333,0.371878,0.336191,0.866475
524,4.366667,0.371885,0.336192,0.865734
525,4.375000,0.371898,0.336204,0.864985
526,4.383333,0.371896,0.336202,0.864260
527,4.391667,0.371894,0.336205,0.863522
528,4.400000,0.371884,0.336192,0.862780
529,4.408333,0.371887,0.336195,0.862088
530,4.416667,0.371890,0.336199,0.861388
531,4.425000,0.371889,0.336208,0.860693
532,4.433333,0.371885,0.336189,0.860010
533,4.441667,0.371882,0.336188,0.859293
534,4.450000,0.371888,0.336185,0.858561
535,4.458333,0.371876,0.336205,0.857857
536,4.466667,0.371869,0.336211,0.857094
537,4.475000,0.371869,0.336211,0.856358
538,4.483333,0.371884,0.336213,0.855659
539,4.491667,0.371877,0.336213,0.854963
540,4.500000,0.371890,0.336214,0.854280
541,4.508333,0.371898,0.336201,0.853594
542,4.516667,0.371924,0.336202,0.852895
543,4.525000,0.371946,0.336193,0.852234
544,4.533333,0.371952,0.336192,0.851503
545,4.541667,0.371950,0.336205,0.850749
546,4.550000,0.371953,0.336206,0.850004
547,4.558333,0.371945,0.336206,0.849247
548,4.566667,0.371951,0.336239,0.848493
549,4.575000,0.371937,0.336240,0.847787
550,4.583333,0.371928,0.336234,0.847065
551,4.591667,0.371909,0.336213,0.846407
552,4.600000,0.371925,0.336208,0.845740
553,4.608333,0.371929,0.336209,0.845054
554,4.616667,0.371949,0.336209,0.844372
555,4.625000,0.371961,0.336212,0.843679
556,4.633333,0.371958,0.336197,0.842968
557,4.641667,0.371951,0.336216,0.842280
558,4.650000,0.371924,0.336203,0.841516
559,4.658333,0.371924,0.336216,0.840791
560,4.666667,0.371930,0.336227,0.840068
561,4.675000,0.371929,0.336241,0.839332
562,4.683333,0.371938,0.336225,0.838642
563,4.691667,0.371953,0.336209,0.837953
564,4.700000,0.371943,0.336203,0.837230
565,4.708333,0.371949,0.336217,0.836549
566,4.716667,0.371928,0.336205,0.835817
567,4.725000,0.371933,0.336217,0.835086
568,4.733333,0.371932,0.336215,0.834374
569,4.741667,0.371924,0.336216,0.833655
570,4.750000,0.371914,0.336230,0.832939
571,4.758333,0.371907,0.336221,0.832258
572,4.766667,0.371907,0.336216,0.831557
573,4.775000,0.371913,0.336221,0.830919
574,4.783333,0.371930,0.336219,0.830263
575,4.791667,0.371934,0.336207,0.829586
576,4.800000,0.371941,0.336202,0.828918
577,4.808333,0.371937,0.336185,0.828195
578,4.816667,0.371962,0.336209,0.827504
579,4.825000,0.371966,0.336225,0.826780
580,4.833333,0.371953,0.336221,0.826054
581,4.841667,0.371936,0.336229,0.825397
582,4.850000,0.371930,0.336224,0.824713
583,4.858333,0.371940,0.336217,0.824065
584,4.866667,0.371947,0.336198,0.823401
585,4.875000,0.371956,0.336208,0.822721
586,4.883333,0.371963,0.336217,0.822054
587,4.891667,0.371962,0.336210,0.821393
588,4.900000,0.371972,0.336196,0.820710
589,4.908333,0.371959,0.336183,0.820017
590,4.916667,0.371958,0.336188,0.819282
591,4.925000,0.371951,0.336217,0.818576
592,4.933333,0.371971,0.336240,0.817835
593,4.941667,0.371954,0.336232,0.817105
594,4.950000,0.371967,0.336223,0.816438
595,4.958333,0.371957,0.336227,0.815760
596,4.966667,0.371988,0.336226,0.815110
597,4.975000,0.371973,0.336190,0.814470
598,4.983333,0.371998,0.336198,0.813782
599,4.991667,0.371971,0.336216,0.813091
600,5.000000,0.371945,0.336229,0.812336
601,5.008333,0.371922,0.336229,0.811625
602,5.016667,0.371913,0.336230,0.810885
603,5.025000,0.371908,0.336254,0.810174
604,5.033333,0.371919,0.336267,0.809529
605,5.041667,0.371932,0.336266,0.808927
606,5.050000,0.371946,0.336237,0.808375
607,5.058333,0.371965,0.336204,0.807814
608,5.066667,0.371954,0.336193,0.807256
609,5.075000,0.371944,0.336174,0.806642
610,5.083333,0.371919,0.336204,0.805975
611,5.091667,0.371903,0.336193,0.805224
612,5.100000,0.371881,0.336233,0.804475
613,5.108333,0.371861,0.336258,0.803728
614,5.116667,0.371849,0.336280,0.803044
615,5.125000,0.371862,0.336260,0.802365
616,5.133333,0.371886,0.336232,0.801795
617,5.141667,0.371903,0.336222,0.801197
618,5.150000,0.371935,0.336219,0.800637
619,5.158333,0.371943,0.336201,0.800008
620,5.166667,0.371939,0.336184,0.799329
621,5.175000,0.371918,0.336188,0.798615
622,5.183333,0.371898,0.336200,0.797812
623,5.191667,0.371886,0.336242,0.797036
624,5.200000,0.371896,0.336275,0.796262
625,5.208333,0.371918,0.336262,0.795548
626,5.216667,0.371941,0.336268,0.794947
627,5.225000,0.371958,0.336250,0.794366
628,5.233333,0.371992,0.336221,0.793844
629,5.241667,0.372002,0.336185,0.793283
630,5.250000,0.372015,0.336172,0.792729
631,5.258333,0.372015,0.336175,0.792092
632,5.266667,0.371993,0.336217,0.791440
633,5.275000,0.371987,0.336245,0.790725
634,5.283333,0.371948,0.336233,0.790034
635,5.291667,0.371942,0.336258,0.789400
636,5.300000,0.371920,0.336242,0.788850
637,5.308333,0.371917,0.336245,0.788355
638,5.316667,0.371946,0.336228,0.787923
639,5.325000,0.371963,0.336201,0.787480
640,5.333333,0.371985,0.336177,0.787038
641,5.341667,0.371974,0.336191,0.786506
642,5.350000,0.371975,0.336201,0.786000
643,5.358333,0.371969,0.336234,0.785405
644,5.366667,0.371972,0.336245,0.784865
645,5.375000,0.371962,0.336254,0.784327
646,5.383333,0.371968,0.336263,0.783873
647,5.391667,0.371984,0.336262,0.783512
648,5.400000,0.371986,0.336248,0.783180
649,5.408333,0.371993,0.336225,0.782887
650,5.416667,0.372009,0.336214,0.782556
651,5.425000,0.372016,0.336195,0.782194
652,5.433333,0.372021,0.336184,0.781781
653,5.441667,0.372042,0.336206,0.781349
654,5.450000,0.372025,0.336219,0.780827
655,5.458333,0.372025,0.336237,0.780353
656,5.466667,0.372029,0.336251,0.779892
657,5.475000,0.372040,0.336274,0.779461
658,5.483333,0.372033,0.336260,0.779117
659,5.491667,0.372034,0.336243,0.778778
660,5.500000,0.372045,0.336240,0.778446
661,5.508333,0.372054,0.336234,0.778135
662,5.516667,0.372057,0.336225,0.777798
663,5.525000,0.372022,0.336238,0.777416
664,5.533333,0.372013,0.336250,0.777056
665,5.541667,0.371998,0.336265,0.776695
666,5.550000,0.371987,0.336253,0.776367
667,5.558333,0.371989,0.336232,0.776082
668,5.566667,0.372009,0.336215,0.775821
669,5.575000,0.372024,0.336202,0.775522
670,5.583333,0.372046,0.336177,0.775186
671,5.591667,0.372050,0.336183,0.774820
672,5.600000,0.372051,0.336216,0.774378
673,5.608333,0.372070,0.336238,0.773852
674,5.616667,0.372055,0.336261,0.773359
675,5.625000,0.372047,0.336264,0.772858
676,5.633333,0.372050,0.336281,0.772408
677,5.641667,0.372064,0.336261,0.772031
678,5.650000,0.372057,0.336242,0.771706
679,5.658333,0.372051,0.336229,0.771412
680,5.666667,0.372055,0.336212,0.771122
681,5.675000,0.372044,0.336219,0.770759
682,5.683333,0.372033,0.336232,0.770359
683,5.691667,0.372031,0.336242,0.769938
684,5.700000,0.372024,0.336274,0.769456
685,5.708333,0.372031,0.336304,0.769060
686,5.716667,0.372020,0.336303,0.768739
687,5.725000,0.372030,0.336289,0.768476
688,5.733333,0.372030,0.336261,0.768276
689,5.741667,0.372041,0.336219,0.768107
690,5.750000,0.372046,0.336197,0.767920
691,5.758333,0.372044,0.336199,0.767657
692,5.766667,0.372031,0.336215,0.767289
693,5.775000,0.372021,0.336239,0.766872
694,5.783333,0.372036,0.336310,0.766464
695,5.791667,0.372031,0.336351,0.766149
696,5.800000,0.372023,0.336382,0.765975
697,5.808333,0.372035,0.336367,0.765990
698,5.816667,0.372046,0.336331,0.766174
699,5.825000,0.372056,0.336267,0.766443
700,5.833333,0.372051,0.336198,0.766724
701,5.841667,0.372041,0.336146,0.766939
702,5.850000,0.372039,0.336132,0.767020
703,5.858333,0.372032,0.336147,0.766952
704,5.866667,0.372046,0.336186,0.766762
705,5.875000,0.372048,0.336248,0.766518
706,5.883333,0.372038,0.336299,0.766286
707,5.891667,0.372034,0.336333,0.766125
708,5.900000,0.372036,0.336334,0.766085
709,5.908333,0.372042,0.336311,0.766186
710,5.916667,0.372042,0.336273,0.766361
711,5.925000,0.372042,0.336223,0.766556
712,5.933333,0.372046,0.336177,0.766720
713,5.941667,0.372040,0.336161,0.766809
714,5.950000,0.372044,0.336165,0.766793
715,5.958333,0.372046,0.336191,0.766681
716,5.966667,0.372050,0.336229,0.766519
717,5.975000,0.372049,0.336277,0.766354
718,5.983333,0.372049,0.336298,0.766229
719,5.991667,0.372051,0.336308,0.766199
720,6.000000,0.372063,0.336290,0.766259
721,6.008333,0.372095,0.336247,0.766365
722,6.016667,0.372130,0.336214,0.766451
723,6.025000,0.372177,0.336174,0.766458
724,6.033333,0.372227,0.336163,0.766357
725,6.041667,0.372242,0.336193,0.766086
726,6.050000,0.372237,0.336263,0.765711
727,6.058333,0.372223,0.336339,0.765320
728,6.066667,0.372196,0.336388,0.765012
729,6.075000,0.372175,0.336412,0.764861
730,6.083333,0.372181,0.336403,0.764916
731,6.091667,0.372186,0.336358,0.765140
732,6.100000,0.372195,0.336294,0.765439
733,6.108333,0.372184,0.336215,0.765745
734,6.116667,0.372191,0.336171,0.765958
735,6.125000,0.372194,0.336148,0.766014
736,6.133333,0.372190,0.336172,0.765919
737,6.141667,0.372189,0.336234,0.765690
738,6.150000,0.372188,0.336305,0.765402
739,6.158333,0.372184,0.336357,0.765156
740,6.166667,0.372166,0.336385,0.765002
741,6.175000,0.372166,0.336383,0.764996
742,6.183333,0.372174,0.336365,0.765126
743,6.191667,0.372185,0.336313,0.765353
744,6.200000,0.372181,0.336258,0.765601
745,6.208333,0.372182,0.336201,0.765792
746,6.216667,0.372184,0.336183,0.765876
747,6.225000,0.372180,0.336197,0.765815
748,6.233333,0.372174,0.336234,0.765663
749,6.241667,0.372180,0.336287,0.765439
750,6.250000,0.372176,0.336323,0.765224
751,6.258333,0.372163,0.336346,0.765062
752,6.266667,0.372165,0.336348,0.764985
753,6.275000,0.372172,0.336331,0.764996
754,6.283333,0.372178,0.336301,0.765055
755,6.291667,0.372164,0.336276,0.765116
756,6.300000,0.372160,0.336244,0.765136
757,6.308333,0.372151,0.336237,0.765083
758,6.316667,0.372131,0.336251,0.764941
759,6.325000,0.372109,0.336275,0.764728
760,6.333333,0.372086,0.336303,0.764488
761,6.341667,0.372077,0.336320,0.764276
762,6.350000,0.372071,0.336331,0.764090
763,6.358333,0.372081,0.336324,0.763974
764,6.366667,0.372098,0.336299,0.763930
765,6.375000,0.372116,0.336268,0.763938
766,6.383333,0.372132,0.336246,0.763921
767,6.391667,0.372145,0.336229,0.763865
768,6.400000,0.372155,0.336219,0.763749
769,6.408333,0.372153,0.336230,0.763578
770,6.416667,0.372157,0.336255,0.763368
771,6.425000,0.372173,0.336267,0.763137
772,6.433333,0.372177,0.336294,0.762896
773,6.441667,0.372185,0.336300,0.762655
774,6.450000,0.372200,0.336308,0.762447
775,6.458333,0.372221,0.336295,0.762289
776,6.466667,0.372233,0.336272,0.762152
777,6.475000,0.372246,0.336255,0.761986
778,6.483333,0.372241,0.336254,0.761779
779,6.491667,0.372236,0.336267,0.761499
780,6.500000,0.372236,0.336279,0.761188
781,6.508333,0.372243,0.336299,0.760879
782,6.516667,0.372242,0.336304,0.760567
783,6.525000,0.372237,0.336307,0.760276
784,6.533333,0.372251,0.336301,0.760027
785,6.541667,0.372280,0.336285,0.759799
786,6.550000,0.372324,0.336266,0.759544
787,6.558333,0.372339,0.336244,0.759258
788,6.566667,0.372325,0.336237,0.758910
789,6.575000,0.372322,0.336242,0.758515
790,6.583333,0.372329,0.336263,0.758055
791,6.591667,0.372314,0.336278,0.757570
792,6.600000,0.372306,0.336308,0.757095
793,6.608333,0.372320,0.336321,0.756588
794,6.616667,0.372328,0.336317,0.756168
795,6.625000,0.372321,0.336295,0.755735
796,6.633333,0.372325,0.336282,0.755314
797,6.641667,0.372340,0.336277,0.754917
798,6.650000,0.372312,0.336277,0.754476
799,6.658333,0.372300,0.336282,0.754030
800,6.666667,0.372271,0.336303,0.753543
801,6.675000,0.372221,0.336294,0.753057
802,6.683333,0.372189,0.336302,0.752596
803,6.691667,0.372184,0.336288,0.752077
804,6.700000,0.372196,0.336273,0.751581
805,6.708333,0.372193,0.336258,0.750993
806,6.716667,0.372223,0.336259,0.750347
807,6.725000,0.372204,0.336249,0.749606
808,6.733333,0.372209,0.336289,0.748803
809,6.741667,0.372215,0.336326,0.748002
810,6.750000,0.372216,0.336359,0.747195
811,6.758333,0.372205,0.336363,0.746462
812,6.766667,0.372205,0.336368,0.745815
813,6.775000,0.372198,0.336362,0.745238
814,6.783333,0.372215,0.336336,0.744713
815,6.791667,0.372223,0.336316,0.744197
816,6.800000,0.372241,0.336303,0.743675
817,6.808333,0.372266,0.336295,0.743066
818,6.816667,0.372271,0.336310,0.742436
819,6.825000,0.372277,0.336321,0.741700
820,6.833333,0.372279,0.336357,0.741007
821,6.841667,0.372294,0.336376,0.740282
822,6.850000,0.372296,0.336403,0.739681
823,6.858333,0.372305,0.336410,0.739122
824,6.866667,0.372304,0.336379,0.738645
825,6.875000,0.372299,0.336345,0.738179
826,6.883333,0.372322,0.336323,0.737745
827,6.891667,0.372307,0.336307,0.737224
828,6.900000,0.372295,0.336310,0.736694
829,6.908333,0.372301,0.336313,0.736080
830,6.916667,0.372295,0.336329,0.735450
831,6.925000,0.372280,0.336358,0.734792
832,6.933333,0.372285,0.336373,0.734160
833,6.941667,0.372261,0.336363,0.733546
834,6.950000,0.372294,0.336361,0.732963
835,6.958333,0.372264,0.336353,0.732408
836,6.966667,0.372256,0.336352,0.731905
837,6.975000,0.372241,0.336351,0.731367
838,6.983333,0.372220,0.336338,0.730860
839,6.991667,0.372208,0.336328,0.730295
840,7.000000,0.372213,0.336332,0.729716
841,7.008333,0.372194,0.336326,0.729112
842,7.016667,0.372216,0.336335,0.728473
843,7.025000,0.372220,0.336336,0.727791
844,7.033333,0.372260,0.336347,0.727116
845,7.041667,0.372256,0.336366,0.726442
846,7.050000,0.372264,0.336391,0.725771
847,7.058333,0.372257,0.336401,0.725129
848,7.066667,0.372218,0.336376,0.724517
849,7.075000,0.372217,0.336373,0.723928
850,7.083333,0.372201,0.336360,0.723376
851,7.091667,0.372196,0.336368,0.722807
852,7.100000,0.372216,0.336354,0.722253
853,7.108333,0.372232,0.336364,0.721686
854,7.116667,0.372248,0.336370,0.721079
855,7.125000,0.372239,0.336393,0.720477
856,7.133333,0.372228,0.336387,0.719850
857,7.141667,0.372230,0.336384,0.719236
858,7.150000,0.372231,0.336377,0.718641
859,7.158333,0.372233,0.336381,0.718054
860,7.166667,0.372229,0.336391,0.717491
861,7.175000,0.372230,0.336391,0.716960
862,7.183333,0.372231,0.336390,0.716411
863,7.191667,0.372211,0.336386,0.715906
864,7.200000,0.372207,0.336375,0.715379
865,7.208333,0.372207,0.336363,0.714814
866,7.216667,0.372214,0.336365,0.714264
867,7.225000,0.372217,0.336372,0.713643
868,7.233333,0.372214,0.336381,0.713072
869,7.241667,0.372204,0.336409,0.712468
870,7.250000,0.372198,0.336411,0.711886
871,7.258333,0.372191,0.336415,0.711328
872,7.266667,0.372214,0.336396,0.710813
873,7.275000,0.372205,0.336382,0.710286
874,7.283333,0.372213,0.336368,0.709821
875,7.291667,0.372231,0.336362,0.709289
876,7.300000,0.372245,0.336356,0.708761
877,7.308333,0.372252,0.336361,0.708202
878,7.316667,0.372276,0.336360,0.707590
879,7.325000,0.372261,0.336386,0.706969
880,7.333333,0.372280,0.336391,0.706321
881,7.341667,0.372247,0.336390,0.705663
882,7.350000,0.372225,0.336400,0.705037
883,7.358333,0.372221,0.336402,0.704388
884,7.366667,0.372224,0.336400,0.703824
885,7.375000,0.372255,0.336397,0.703218
886,7.383333,0.372275,0.336395,0.702665
887,7.391667,0.372276,0.336388,0.702076
888,7.400000,0.372291,0.336388,0.701472
889,7.408333,0.372240,0.336372,0.700818
890,7.416667,0.372239,0.336381,0.700158
891,7.425000,0.372213,0.336401,0.699474
892,7.433333,0.372208,0.336433,0.698784
893,7.441667,0.372202,0.336452,0.698151
894,7.450000,0.372162,0.336444,0.697557
895,7.458333,0.372161,0.336443,0.697008
896,7.466667,0.372129,0.336419,0.696510
897,7.475000,0.372101,0.336395,0.696032
898,7.483333,0.372121,0.336385,0.695564
899,7.491667,0.372144,0.336372,0.695031
900,7.500000,0.372173,0.336365,0.694483
901,7.508333,0.372203,0.336380,0.693823
902,7.516667,0.372208,0.336396,0.693169
903,7.525000,0.372208,0.336413,0.692430
904,7.533333,0.372186,0.336433,0.691748
905,7.541667,0.372190,0.336435,0.691079
906,7.550000,0.372189,0.336442,0.690461
907,7.558333,0.372193,0.336436,0.689926
908,7.566667,0.372205,0.336429,0.689383
909,7.575000,0.372199,0.336419,0.688884
910,7.583333,0.372203,0.336404,0.688365
911,7.591667,0.372213,0.336380,0.687792
912,7.600000,0.372190,0.336362,0.687198
913,7.608333,0.372176,0.336372,0.686536
914,7.616667,0.372173,0.336386,0.685849
915,7.625000,0.372164,0.336416,0.685157
916,7.633333,0.372163,0.336434,0.684455
917,7.641667,0.372163,0.336433,0.683807
918,7.650000,0.372181,0.336422,0.683158
919,7.658333,0.372181,0.336417,0.682597
920,7.666667,0.372197,0.336394,0.682004
921,7.675000,0.372222,0.336381,0.681447
922,7.683333,0.372223,0.336382,0.680839
923,7.691667,0.372239,0.336383,0.680194
924,7.700000,0.372221,0.336392,0.679535
925,7.708333,0.372188,0.336409,0.678827
926,7.716667,0.372155,0.336419,0.678155
927,7.725000,0.372126,0.336415,0.677481
928,7.733333,0.372133,0.336419,0.676848
929,7.741667,0.372141,0.336425,0.676233
930,7.750000,0.372167,0.336432,0.675642
931,7.758333,0.372178,0.336425,0.675064
932,7.766667,0.372208,0.336423,0.674504
933,7.775000,0.372209,0.336391,0.673908
934,7.783333,0.372211,0.336398,0.673344
935,7.791667,0.372209,0.336398,0.672683
936,7.800000,0.372202,0.336407,0.672060
937,7.808333,0.372197,0.336429,0.671393
938,7.816667,0.372196,0.336450,0.670757
939,7.825000,0.372185,0.336445,0.670154
940,7.833333,0.372208,0.336429,0.669554
941,7.841667,0.372184,0.336408,0.668974
942,7.850000,0.372193,0.336415,0.668420
943,7.858333,0.372194,0.336420,0.667818
944,7.866667,0.372211,0.336400,0.667251
945,7.875000,0.372245,0.336393,0.666616
946,7.883333,0.372252,0.336413,0.665981
947,7.891667,0.372254,0.336420,0.665310
948,7.900000,0.372249,0.336438,0.664631
949,7.908333,0.372223,0.336428,0.663954
950,7.916667,0.372231,0.336448,0.663285
951,7.925000,0.372228,0.336450,0.662675
952,7.933333,0.372243,0.336448,0.662047
953,7.941667,0.372259,0.336456,0.661471
954,7.950000,0.372256,0.336448,0.660906
955,7.958333,0.372273,0.336451,0.660339
956,7.966667,0.372271,0.336428,0.659780
957,7.975000,0.372262,0.336417,0.659191
958,7.983333,0.372275,0.336419,0.658590
959,7.991667,0.372255,0.336429,0.658017
960,8.000000,0.372246,0.336454,0.657404
961,8.008333,0.372237,0.336467,0.656829
962,8.016667,0.372221,0.336455,0.656264
963,8.025000,0.372231,0.336425,0.655692
964,8.033333,0.372223,0.336424,0.655172
965,8.041667,0.372233,0.336418,0.654601
966,8.050000,0.372261,0.336400,0.654003
967,8.058333,0.372286,0.336397,0.653379
968,8.066667,0.372305,0.336407,0.652684
969,8.075000,0.372299,0.336426,0.651990
970,8.083333,0.372254,0.336438,0.651239
971,8.091667,0.372212,0.336450,0.650523
972,8.100000,0.372185,0.336470,0.649839
973,8.108333,0.372170,0.336468,0.649217
974,8.116667,0.372167,0.336463,0.648657
975,8.125000,0.372187,0.336453,0.648141
976,8.133333,0.372215,0.336448,0.647650
977,8.141667,0.372235,0.336437,0.647201
978,8.150000,0.372254,0.336406,0.646696
979,8.158333,0.372265,0.336382,0.646126
980,8.166667,0.372256,0.336376,0.645535
981,8.175000,0.372250,0.336405,0.644856
982,8.183333,0.372224,0.336434,0.644136
983,8.191667,0.372239,0.336453,0.643410
984,8.200000,0.372217,0.336486,0.642721
985,8.208333,0.372222,0.336497,0.642111
986,8.216667,0.372253,0.336476,0.641549
987,8.225000,0.372258,0.336447,0.641091
988,8.233333,0.372262,0.336432,0.640641
989,8.241667,0.372257,0.336431,0.640213
990,8.250000,0.372243,0.336413,0.639799
991,8.258333,0.372222,0.336398,0.639332
992,8.266667,0.372230,0.336390,0.638842
993,8.275000,0.372235,0.336389,0.638279
994,8.283333,0.372234,0.336407,0.637709
995,8.291667,0.372236,0.336441,0.637108
996,8.300000,0.372239,0.336451,0.636510
997,8.308333,0.372241,0.336458,0.635989
998,8.316667,0.372263,0.336452,0.635496
999,8.325000,0.372242,0.336446,0.635093
1000,8.333333,0.372216,0.336433,0.634702
1001,8.341667,0.372202,0.336412,0.634330
1002,8.350000,0.372201,0.336400,0.633923
1003,8.358333,0.372187,0.336393,0.633451
1004,8.366667,0.372175,0.336408,0.632965
1005,8.375000,0.372174,0.336412,0.632427
1006,8.383333,0.372166,0.336434,0.631887
1007,8.391667,0.372173,0.336430,0.631383
1008,8.400000,0.372186,0.336443,0.630867
1009,8.408333,0.372206,0.336438,0.630416
1010,8.416667,0.372201,0.336445,0.630002
1011,8.425000,0.372207,0.336438,0.629602
1012,8.433333,0.372217,0.336431,0.629215
1013,8.441667,0.372220,0.336424,0.628791
1014,8.450000,0.372213,0.336404,0.628360
1015,8.458333,0.372228,0.336399,0.627917
1016,8.466667,0.372227,0.336406,0.627416
1017,8.475000,0.372218,0.336413,0.626919
1018,8.483333,0.372228,0.336421,0.626408
1019,8.491667,0.372240,0.336439,0.625894
1020,8.500000,0.372237,0.336432,0.625446
1021,8.508333,0.372219,0.336440,0.624990
1022,8.516667,0.372223,0.336440,0.624558
1023,8.525000,0.372217,0.336437,0.624129
1024,8.533333,0.372196,0.336417,0.623720
1025,8.541667,0.372200,0.336408,0.623283
1026,8.550000,0.372205,0.336399,0.622824
1027,8.558333,0.372209,0.336405,0.622354
1028,8.566667,0.372218,0.336401,0.621879
1029,8.575000,0.372236,0.336397,0.621340
1030,8.583333,0.372231,0.336377,0.620813
1031,8.591667,0.372212,0.336387,0.620256
1032,8.600000,0.372217,0.336405,0.619694
1033,8.608333,0.372214,0.336409,0.619104
1034,8.616667,0.372213,0.336397,0.618508
1035,8.625000,0.372222,0.336385,0.617872
1036,8.633333,0.372205,0.336392,0.617248
1037,8.641667,0.372224,0.336392,0.616583
1038,8.650000,0.372221,0.336382,0.615915
1039,8.658333,0.372212,0.336409,0.615218
1040,8.666667,0.372214,0.336440,0.614520
1041,8.675000,0.372200,0.336417,0.613824
1042,8.683333,0.372212,0.336405,0.613122
1043,8.691667,0.372174,0.336424,0.612438
1044,8.700000,0.372147,0.336440,0.611731
1045,8.708333,0.372134,0.336429,0.611050
1046,8.716667,0.372125,0.336404,0.610356
1047,8.725000,0.372124,0.336397,0.609646
1048,8.733333,0.372110,0.336401,0.608888
1049,8.741667,0.372098,0.336399,0.608058
1050,8.750000,0.372106,0.336432,0.607232
1051,8.758333,0.372139,0.336443,0.606340
1052,8.766667,0.372159,0.336459,0.605456
1053,8.775000,0.372151,0.336487,0.604610
1054,8.783333,0.372157,0.336471,0.603798
1055,8.791667,0.372146,0.336457,0.603036
1056,8.800000,0.372135,0.336453,0.602302
1057,8.808333,0.372132,0.336453,0.601554
1058,8.816667,0.372139,0.336441,0.600785
1059,8.825000,0.372136,0.336463,0.599996
1060,8.833333,0.372140,0.336463,0.599188
1061,8.841667,0.372145,0.336457,0.598353
1062,8.850000,0.372140,0.336507,0.597545
1063,8.858333,0.372130,0.336527,0.596750
1064,8.866667,0.372133,0.336532,0.596035
1065,8.875000,0.372125,0.336510,0.595385
1066,8.883333,0.372075,0.336527,0.594816
1067,8.891667,0.372042,0.336536,0.594246
1068,8.900000,0.372046,0.336495,0.593725
1069,8.908333,0.372116,0.336464,0.593187
1070,8.916667,0.372175,0.336430,0.592596
1071,8.925000,0.372181,0.336428,0.591898
1072,8.933333,0.372150,0.336458,0.591098
1073,8.941667,0.372130,0.336515,0.590237
1074,8.950000,0.372102,0.336541,0.589369
1075,8.958333,0.372087,0.336560,0.588551
1076,8.966667,0.372064,0.336591,0.587860
1077,8.975000,0.372037,0.336608,0.587275
1078,8.983333,0.372037,0.336571,0.586834
1079,8.991667,0.372066,0.336516,0.586450
1080,9.000000,0.372107,0.336469,0.586092
1081,9.008333,0.372141,0.336427,0.585674
1082,9.016667,0.372156,0.336408,0.585146
1083,9.025000,0.372190,0.336396,0.584432
1084,9.033333,0.372168,0.336419,0.583617
1085,9.041667,0.372154,0.336510,0.582694
1086,9.050000,0.372143,0.336534,0.581747
1087,9.058333,0.372161,0.336566,0.580838
1088,9.066667,0.372111,0.336586,0.580021
1089,9.075000,0.372087,0.336594,0.579290
1090,9.083333,0.372065,0.336565,0.578666
1091,9.091667,0.372096,0.336521,0.578079
1092,9.100000,0.372101,0.336479,0.577455
1093,9.108333,0.372112,0.336449,0.576757
1094,9.116667,0.372105,0.336456,0.575947
1095,9.125000,0.372085,0.336456,0.575020
1096,9.133333,0.372073,0.336484,0.573982
1097,9.141667,0.372091,0.336557,0.572917
1098,9.150000,0.372077,0.336594,0.571844
1099,9.158333,0.372071,0.336623,0.570866
1100,9.166667,0.372067,0.336616,0.569990
1101,9.175000,0.372075,0.336581,0.569225
1102,9.183333,0.372084,0.336563,0.568539
1103,9.191667,0.372105,0.336533,0.567860
1104,9.200000,0.372112,0.336471,0.567161
1105,9.208333,0.372156,0.336454,0.566352
1106,9.216667,0.372169,0.336433,0.565430
1107,9.225000,0.372204,0.336489,0.564394
1108,9.233333,0.372206,0.336537,0.563292
1109,9.241667,0.372176,0.336555,0.562186
1110,9.250000,0.372157,0.336614,0.561145
1111,9.258333,0.372161,0.336602,0.560208
1112,9.266667,0.372171,0.336582,0.559397
1113,9.275000,0.372172,0.336531,0.558653
1114,9.283333,0.372185,0.336477,0.557931
1115,9.291667,0.372190,0.336449,0.557201
1116,9.300000,0.372201,0.336436,0.556383
1117,9.308333,0.372197,0.336415,0.555448
1118,9.316667,0.372182,0.336444,0.554409
1119,9.325000,0.372154,0.336503,0.553282
1120,9.333333,0.372127,0.336559,0.552206
1121,9.341667,0.372112,0.336577,0.551185
1122,9.350000,0.372061,0.336607,0.550289
1123,9.358333,0.372058,0.336612,0.549563
1124,9.366667,0.372077,0.336553,0.548965
1125,9.375000,0.372135,0.336485,0.548417
1126,9.383333,0.372146,0.336442,0.547881
1127,9.391667,0.372160,0.336403,0.547228
1128,9.400000,0.372155,0.336373,0.546428
1129,9.408333,0.372154,0.336421,0.545500
1130,9.416667,0.372175,0.336458,0.544461
1131,9.425000,0.372190,0.336502,0.543379
1132,9.433333,0.372167,0.336560,0.542324
1133,9.441667,0.372162,0.336585,0.541350
1134,9.450000,0.372147,0.336581,0.540527
1135,9.458333,0.372163,0.336561,0.539801
1136,9.466667,0.372141,0.336533,0.539142
1137,9.475000,0.372132,0.336515,0.538526
1138,9.483333,0.372120,0.336493,0.537913
1139,9.491667,0.372118,0.336459,0.537224
1140,9.500000,0.372133,0.336454,0.536475
1141,9.508333,0.372124,0.336476,0.535654
1142,9.516667,0.372124,0.336508,0.534774
1143,9.525000,0.372126,0.336534,0.533922
1144,9.533333,0.372155,0.336553,0.533088
1145,9.541667,0.372167,0.336550,0.532334
1146,9.550000,0.372176,0.336547,0.531662
1147,9.558333,0.372164,0.336537,0.531032
1148,9.566667,0.372143,0.336497,0.530396
1149,9.575000,0.372148,0.336484,0.529773
1150,9.583333,0.372150,0.336469,0.529094
1151,9.591667,0.372175,0.336455,0.528325
1152,9.600000,0.372166,0.336478,0.527509
1153,9.608333,0.372149,0.336520,0.526634
1154,9.616667,0.372133,0.336542,0.525770
1155,9.625000,0.372151,0.336556,0.524959
1156,9.633333,0.372156,0.336576,0.524218
1157,9.641667,0.372156,0.336561,0.523532
1158,9.650000,0.372152,0.336551,0.522946
1159,9.658333,0.372163,0.336522,0.522362
1160,9.666667,0.372177,0.336474,0.521745
1161,9.675000,0.372187,0.336461,0.521098
1162,9.683333,0.372191,0.336471,0.520343
1163,9.691667,0.372192,0.336510,0.519515
1164,9.700000,0.372157,0.336537,0.518652
1165,9.708333,0.372156,0.336562,0.517840
1166,9.716667,0.372158,0.336569,0.517047
1167,9.725000,0.372162,0.336589,0.516346
1168,9.733333,0.372149,0.336588,0.515712
1169,9.741667,0.372151,0.336564,0.515142
1170,9.750000,0.372137,0.336536,0.514579
1171,9.758333,0.372140,0.336526,0.514052
1172,9.766667,0.372143,0.336515,0.513452
1173,9.775000,0.372152,0.336508,0.512855
1174,9.783333,0.372140,0.336539,0.512195
1175,9.791667,0.372134,0.336582,0.511544
1176,9.800000,0.372123,0.336607,0.510947
1177,9.808333,0.372123,0.336598,0.510386
1178,9.816667,0.372141,0.336576,0.509916
1179,9.825000,0.372153,0.336568,0.509499
1180,9.833333,0.372152,0.336552,0.509126
1181,9.841667,0.372151,0.336527,0.508744
1182,9.850000,0.372159,0.336526,0.508313
1183,9.858333,0.372166,0.336528,0.507849
1184,9.866667,0.372156,0.336547,0.507314
1185,9.875000,0.372159,0.336559,0.506746
1186,9.883333,0.372156,0.336569,0.506177
1187,9.891667,0.372144,0.336591,0.505654
1188,9.900000,0.372144,0.336605,0.505195
1189,9.908333,0.372139,0.336603,0.504799
1190,9.916667,0.372143,0.336598,0.504469
1191,9.925000,0.372163,0.336588,0.504204
1192,9.933333,0.372179,0.336569,0.503947
1193,9.941667,0.372188,0.336541,0.503658
1194,9.950000,0.372184,0.336538,0.503309
1195,9.958333,0.372191,0.336535,0.502982
1196,9.966667,0.372190,0.336551,0.502631
1197,9.975000,0.372179,0.336574,0.502247
1198,9.983333,0.372180,0.336579,0.501873
1199,9.991667,0.372189,0.336580,0.501541
1200,10.000000,0.372192,0.336584,0.501252
1201,10.008333,0.372196,0.336586,0.501015
1202,10.016667,0.372201,0.336576,0.500802
1203,10.025000,0.372206,0.336556,0.500600
1204,10.033333,0.372211,0.336542,0.500384
1205,10.041667,0.372201,0.336541,0.500139
1206,10.050000,0.372197,0.336545,0.499849
1207,10.058333,0.372182,0.336543,0.499515
1208,10.066667,0.372176,0.336553,0.499181
1209,10.075000,0.372178,0.336571,0.498853
1210,10.083333,0.372173,0.336592,0.498517
1211,10.091667,0.372176,0.336597,0.498223
1212,10.100000,0.372193,0.336587,0.498004
1213,10.108333,0.372195,0.336578,0.497850
1214,10.116667,0.372204,0.336565,0.497723
1215,10.125000,0.372217,0.336540,0.497616
1216,10.133333,0.372227,0.336527,0.497512
1217,10.141667,0.372237,0.336519,0.497366
1218,10.150000,0.372234,0.336526,0.497171
1219,10.158333,0.372221,0.336533,0.496933
1220,10.166667,0.372210,0.336555,0.496665
1221,10.175000,0.372209,0.336571,0.496392
1222,10.183333,0.372205,0.336588,0.496124
1223,10.191667,0.372220,0.336603,0.495912
1224,10.200000,0.372237,0.336601,0.495750
1225,10.208333,0.372274,0.336586,0.495631
1226,10.216667,0.372309,0.336563,0.495538
1227,10.225000,0.372335,0.336542,0.495446
1228,10.233333,0.372339,0.336535,0.495307
1229,10.241667,0.372334,0.336533,0.495124
1230,10.250000,0.372320,0.336532,0.494900
1231,10.258333,0.372315,0.336538,0.494650
1232,10.266667,0.372303,0.336561,0.494386
1233,10.275000,0.372305,0.336581,0.494167
1234,10.283333,0.372314,0.336565,0.493964
1235,10.291667,0.372331,0.336553,0.493795
1236,10.300000,0.372333,0.336553,0.493639
1237,10.308333,0.372339,0.336534,0.493454
1238,10.316667,0.372343,0.336507,0.493219
1239,10.325000,0.372340,0.336502,0.492950
1240,10.333333,0.372341,0.336531,0.492621
1241,10.341667,0.372327,0.336548,0.492232
1242,10.350000,0.372311,0.336557,0.491814
1243,10.358333,0.372317,0.336579,0.491388
1244,10.366667,0.372309,0.336573,0.490989
1245,10.375000,0.372308,0.336567,0.490598
1246,10.383333,0.372326,0.336554,0.490229
1247,10.391667,0.372353,0.336541,0.489883
1248,10.400000,0.372348,0.336517,0.489472
1249,10.408333,0.372347,0.336523,0.489035
1250,10.416667,0.372338,0.336536,0.488562
1251,10.425000,0.372315,0.336548,0.488015
1252,10.433333,0.372309,0.336554,0.487471
1253,10.441667,0.372304,0.336560,0.486900
1254,10.450000,0.372302,0.336568,0.486321
1255,10.458333,0.372310,0.336566,0.485788
1256,10.466667,0.372329,0.336571,0.485234
1257,10.475000,0.372343,0.336557,0.484717
1258,10.483333,0.372332,0.336557,0.484140
1259,10.491667,0.372327,0.336551,0.483588
1260,10.500000,0.372319,0.336554,0.482959
1261,10.508333,0.372318,0.336538,0.482322
1262,10.516667,0.372304,0.336566,0.481656
1263,10.525000,0.372291,0.336576,0.480969
1264,10.533333,0.372286,0.336591,0.480295
1265,10.541667,0.372290,0.336595,0.479669
1266,10.550000,0.372302,0.336576,0.479029
1267,10.558333,0.372324,0.336558,0.478452
1268,10.566667,0.372338,0.336552,0.477844
1269,10.575000,0.372349,0.336558,0.477228
1270,10.583333,0.372342,0.336555,0.476561
1271,10.591667,0.372342,0.336562,0.475857
1272,10.600000,0.372310,0.336586,0.475147
1273,10.608333,0.372320,0.336600,0.474451
1274,10.616667,0.372303,0.336602,0.473742
1275,10.625000,0.372314,0.336634,0.473102
1276,10.633333,0.372308,0.336619,0.472482
1277,10.641667,0.372325,0.336594,0.471933
1278,10.650000,0.372331,0.336569,0.471370
1279,10.658333,0.372358,0.336560,0.470794
1280,10.666667,0.372350,0.336548,0.470152
1281,10.675000,0.372335,0.336569,0.469496
1282,10.683333,0.372303,0.336601,0.468791
1283,10.691667,0.372299,0.336622,0.468130
1284,10.700000,0.372287,0.336627,0.467460
1285,10.708333,0.372302,0.336622,0.466884
1286,10.716667,0.372301,0.336626,0.466349
1287,10.725000,0.372318,0.336595,0.465870
1288,10.733333,0.372321,0.336573,0.465419
1289,10.741667,0.372314,0.336562,0.464927
1290,10.750000,0.372315,0.336564,0.464452
1291,10.758333,0.372318,0.336566,0.463895
1292,10.766667,0.372308,0.336560,0.463324
1293,10.775000,0.372317,0.336590,0.462731
1294,10.783333,0.372296,0.336600,0.462127
1295,10.791667,0.372311,0.336613,0.461557
1296,10.800000,0.372308,0.336603,0.461002
1297,10.808333,0.372324,0.336604,0.460489
1298,10.816667,0.372325,0.336596,0.459975
1299,10.825000,0.372337,0.336587,0.459470
1300,10.833333,0.372358,0.336583,0.458951
1301,10.841667,0.372341,0.336584,0.458399
1302,10.850000,0.372340,0.336603,0.457866
1303,10.858333,0.372333,0.336614,0.457324
1304,10.866667,0.372324,0.336613,0.456791
1305,10.875000,0.372297,0.336614,0.456312
1306,10.883333,0.372293,0.336614,0.455833
1307,10.891667,0.372288,0.336602,0.455368
1308,10.900000,0.372283,0.336586,0.454894
1309,10.908333,0.372276,0.336592,0.454424
1310,10.916667,0.372288,0.336609,0.453963
1311,10.925000,0.372279,0.336605,0.453455
1312,10.933333,0.372284,0.336618,0.452971
1313,10.941667,0.372291,0.336623,0.452520
1314,10.950000,0.372282,0.336623,0.452074
1315,10.958333,0.372273,0.336622,0.451655
1316,10.966667,0.372276,0.336607,0.451248
1317,10.975000,0.372284,0.336590,0.450829
1318,10.983333,0.372291,0.336576,0.450410
1319,10.991667,0.372293,0.336591,0.449973
1320,11.000000,0.372288,0.336596,0.449451
1321,11.008333,0.372293,0.336605,0.448948
1322,11.016667,0.372303,0.336620,0.448420
1323,11.025000,0.372284,0.336635,0.447906
1324,11.033333,0.372270,0.336648,0.447465
1325,11.041667,0.372268,0.336652,0.447041
1326,11.050000,0.372278,0.336643,0.446654
1327,11.058333,0.372302,0.336617,0.446315
1328,11.066667,0.372310,0.336617,0.445980
1329,11.075000,0.372304,0.336615,0.445631
1330,11.083333,0.372304,0.336604,0.445311
1331,11.091667,0.372286,0.336596,0.444972
1332,11.100000,0.372256,0.336593,0.444584
1333,11.108333,0.372222,0.336595,0.444186
1334,11.116667,0.372214,0.336604,0.443811
1335,11.125000,0.372208,0.336617,0.443401
1336,11.133333,0.372196,0.336627,0.442957
1337,11.141667,0.372214,0.336618,0.442538
1338,11.150000,0.372234,0.336635,0.442133
1339,11.158333,0.372245,0.336641,0.441739
1340,11.166667,0.372244,0.336645,0.441390
1341,11.175000,0.372248,0.336641,0.441041
1342,11.183333,0.372229,0.336637,0.440694
1343,11.191667,0.372202,0.336630,0.440369
1344,11.200000,0.372179,0.336622,0.440065
1345,11.208333,0.372170,0.336620,0.439773
1346,11.216667,0.372154,0.336612,0.439457
1347,11.225000,0.372140,0.336624,0.439118
1348,11.233333,0.372160,0.336622,0.438796
1349,11.241667,0.372194,0.336619,0.438449
1350,11.250000,0.372197,0.336624,0.438079
1351,11.258333,0.372184,0.336632,0.437722
1352,11.266667,0.372185,0.336646,0.437384
1353,11.275000,0.372185,0.336659,0.437053
1354,11.283333,0.372179,0.336656,0.436734
1355,11.291667,0.372178,0.336649,0.436426
1356,11.300000,0.372168,0.336632,0.436175
1357,11.308333,0.372168,0.336616,0.435938
1358,11.316667,0.372166,0.336617,0.435689
1359,11.325000,0.372167,0.336612,0.435393
1360,11.333333,0.372171,0.336610,0.435082
1361,11.341667,0.372199,0.336611,0.434745
1362,11.350000,0.372198,0.336610,0.434372
1363,11.358333,0.372189,0.336618,0.433989
1364,11.366667,0.372193,0.336642,0.433638
1365,11.375000,0.372189,0.336664,0.433334
1366,11.383333,0.372194,0.336668,0.433052
1367,11.391667,0.372185,0.336652,0.432773
1368,11.400000,0.372175,0.336635,0.432515
1369,11.408333,0.372179,0.336624,0.432272
1370,11.416667,0.372194,0.336612,0.432020
1371,11.425000,0.372205,0.336612,0.431749
1372,11.433333,0.372202,0.336620,0.431427
1373,11.441667,0.372207,0.336634,0.431105
1374,11.450000,0.372219,0.336636,0.430799
1375,11.458333,0.372205,0.336633,0.430485
1376,11.466667,0.372201,0.336629,0.430154
1377,11.475000,0.372205,0.336634,0.429870
1378,11.483333,0.372201,0.336632,0.429606
1379,11.491667,0.372204,0.336630,0.429373
1380,11.500000,0.372189,0.336629,0.429107
1381,11.508333,0.372184,0.336623,0.428794
1382,11.516667,0.372199,0.336625,0.428471
1383,11.525000,0.372209,0.336618,0.428149
1384,11.533333,0.372213,0.336628,0.427805
1385,11.541667,0.372204,0.336645,0.427415
1386,11.550000,0.372195,0.336653,0.427075
1387,11.558333,0.372198,0.336659,0.426754
1388,11.566667,0.372200,0.336655,0.426449
1389,11.575000,0.372200,0.336651,0.426138
1390,11.583333,0.372202,0.336639,0.425884
1391,11.591667,0.372207,0.336625,0.425638
1392,11.600000,0.372213,0.336616,0.425389
1393,11.608333,0.372203,0.336620,0.425082
1394,11.616667,0.372187,0.336621,0.424736
1395,11.625000,0.372177,0.336620,0.424387
1396,11.633333,0.372173,0.336612,0.424003
1397,11.641667,0.372156,0.336628,0.423590
1398,11.650000,0.372140,0.336655,0.423205
1399,11.658333,0.372154,0.336685,0.422852
1400,11.666667,0.372174,0.336697,0.422509
1401,11.675000,0.372165,0.336684,0.422195
1402,11.683333,0.372165,0.336673,0.421963
1403,11.691667,0.372167,0.336656,0.421772
1404,11.700000,0.372173,0.336636,0.421609
1405,11.708333,0.372165,0.336623,0.421425
1406,11.716667,0.372158,0.336623,0.421182
1407,11.725000,0.372140,0.336634,0.420869
1408,11.733333,0.372123,0.336655,0.420547
1409,11.741667,0.372116,0.336676,0.420222
1410,11.750000,0.372108,0.336688,0.419901
1411,11.758333,0.372103,0.336691,0.419649
1412,11.766667,0.372115,0.336685,0.419502
1413,11.775000,0.372115,0.336665,0.419425
1414,11.783333,0.372116,0.336634,0.419390
1415,11.791667,0.372112,0.336625,0.419352
1416,11.800000,0.372131,0.336605,0.419282
1417,11.808333,0.372142,0.336606,0.419160
1418,11.816667,0.372160,0.336631,0.418988
1419,11.825000,0.372160,0.336672,0.418784
1420,11.833333,0.372168,0.336709,0.418584
1421,11.841667,0.372165,0.336720,0.418473
1422,11.850000,0.372168,0.336718,0.418502
1423,11.858333,0.372176,0.336687,0.418642
1424,11.866667,0.372179,0.336643,0.418848
1425,11.875000,0.372178,0.336582,0.419042
1426,11.883333,0.372178,0.336555,0.419177
1427,11.891667,0.372180,0.336542,0.419216
1428,11.900000,0.372180,0.336554,0.419152
1429,11.908333,0.372182,0.336588,0.419013
1430,11.916667,0.372191,0.336641,0.418836
1431,11.925000,0.372193,0.336677,0.418676
1432,11.933333,0.372196,0.336685,0.418587
1433,11.941667,0.372192,0.336679,0.418600
1434,11.950000,0.372204,0.336665,0.418711
1435,11.958333,0.372203,0.336625,0.418873
1436,11.966667,0.372206,0.336576,0.419030
1437,11.975000,0.372210,0.336547,0.419145
1438,11.983333,0.372208,0.336539,0.419180
1439,11.991667,0.372208,0.336556,0.419131
1440,12.000000,0.372213,0.336576,0.419023
1441,12.008333,0.372212,0.336616,0.418891
1442,12.016667,0.372216,0.336648,0.418765
1443,12.025000,0.372220,0.336664,0.418690
1444,12.033333,0.372218,0.336661,0.418697
1445,12.041667,0.372220,0.336646,0.418776
1446,12.050000,0.372212,0.336621,0.418885
1447,12.058333,0.372210,0.336584,0.419005
1448,12.066667,0.372213,0.336565,0.419093
1449,12.075000,0.372213,0.336561,0.419123
1450,12.083333,0.372214,0.336562,0.419092
1451,12.091667,0.372211,0.336579,0.419009
1452,12.100000,0.372218,0.336614,0.418899
1453,12.108333,0.372217,0.336637,0.418804
1454,12.116667,0.372218,0.336653,0.418743
1455,12.125000,0.372218,0.336649,0.418749
1456,12.133333,0.372219,0.336639,0.418809
1457,12.141667,0.372220,0.336614,0.418901
1458,12.150000,0.372211,0.336585,0.418993
1459,12.158333,0.372215,0.336569,0.419055
1460,12.166667,0.372209,0.336567,0.419082
1461,12.175000,0.372214,0.336570,0.419056
1462,12.183333,0.372215,0.336585,0.418982
1463,12.191667,0.372215,0.336614,0.418903
1464,12.200000,0.372218,0.336632,0.418827
1465,12.208333,0.372222,0.336642,0.418780
1466,12.216667,0.372220,0.336641,0.418787
1467,12.225000,0.372221,0.336628,0.418840
1468,12.233333,0.372215,0.336609,0.418910
1469,12.241667,0.372214,0.336586,0.418982
1470,12.250000,0.372212,0.336574,0.419035
1471,12.258333,0.372213,0.336573,0.419050
1472,12.266667,0.372213,0.336575,0.419022
1473,12.275000,0.372214,0.336590,0.418966
1474,12.283333,0.372217,0.336609,0.418896
1475,12.291667,0.372223,0.336627,0.418837
1476,12.300000,0.372216,0.336636,0.418809
1477,12.308333,0.372219,0.336627,0.418818
1478,12.316667,0.372217,0.336615,0.418865
1479,12.325000,0.372215,0.336606,0.418917
1480,12.333333,0.372210,0.336589,0.418985
1481,12.341667,0.372210,0.336575,0.419018
1482,12.350000,0.372212,0.336573,0.419024
1483,12.358333,0.372213,0.336587,0.418998
1484,12.366667,0.372216,0.336590,0.418951
1485,12.375000,0.372220,0.336605,0.418893
1486,12.383333,0.372223,0.336620,0.418853
1487,12.391667,0.372218,0.336629,0.418827
1488,12.400000,0.372219,0.336622,0.418844
1489,12.408333,0.372223,0.336611,0.418880
1490,12.416667,0.372216,0.336606,0.418923
1491,12.425000,0.372216,0.336590,0.418973
1492,12.433333,0.372214,0.336579,0.419000
1493,12.441667,0.372217,0.336573,0.419004
1494,12.450000,0.372210,0.336585,0.418980
1495,12.458333,0.372221,0.336601,0.418935
1496,12.466667,0.372220,0.336608,0.418893
1497,12.475000,0.372221,0.336615,0.418860
1498,12.483333,0.372222,0.336620,0.418843
1499,12.491667,0.372222,0.336618,0.418862
1500,12.500000,0.372220,0.336606,0.418893
1501,12.508333,0.372218,0.336596,0.418935
1502,12.516667,0.372213,0.336586,0.418969
1503,12.525000,0.372216,0.336582,0.418983
1504,12.533333,0.372218,0.336578,0.418982
1505,12.541667,0.372215,0.336589,0.418962
1506,12.550000,0.372216,0.336598,0.418933
1507,12.558333,0.372218,0.336613,0.418891
1508,12.566667,0.372223,0.336617,0.418866
1509,12.575000,0.372219,0.336614,0.418868
1510,12.583333,0.372219,0.336611,0.418878
1511,12.591667,0.372214,0.336605,0.418909
1512,12.600000,0.372215,0.336596,0.418940
1513,12.608333,0.372218,0.336583,0.418967
1514,12.616667,0.372218,0.336581,0.418978
1515,12.625000,0.372218,0.336586,0.418972
1516,12.633333,0.372216,0.336591,0.418952
1517,12.641667,0.372217,0.336601,0.418921
1518,12.650000,0.372221,0.336606,0.418895
1519,12.658333,0.372217,0.336613,0.418876
1520,12.666667,0.372219,0.336611,0.418879
1521,12.675000,0.372218,0.336605,0.418896
1522,12.683333,0.372216,0.336603,0.418916
1523,12.691667,0.372217,0.336596,0.418943
1524,12.700000,0.372215,0.336583,0.418963
1525,12.708333,0.372209,0.336585,0.418972
1526,12.716667,0.372214,0.336589,0.418963
1527,12.725000,0.372214,0.336599,0.418941
1528,12.733333,0.372217,0.336600,0.418918
1529,12.741667,0.372219,0.336608,0.418895
1530,12.750000,0.372218,0.336613,0.418884
1531,12.758333,0.372216,0.336613,0.418892
1532,12.766667,0.372215,0.336604,0.418902
1533,12.775000,0.372219,0.336602,0.418923
1534,12.783333,0.372217,0.336598,0.418942
1535,12.791667,0.372215,0.336592,0.418961
1536,12.800000,0.372215,0.336588,0.418963
1537,12.808333,0.372208,0.336589,0.418954
1538,12.816667,0.372221,0.336598,0.418932
1539,12.825000,0.372216,0.336599,0.418916
1540,12.833333,0.372216,0.336601,0.418897
1541,12.841667,0.372213,0.336612,0.418895
1542,12.850000,0.372218,0.336609,0.418896
1543,12.858333,0.372216,0.336600,0.418916
1544,12.866667,0.372213,0.336593,0.418932
1545,12.875000,0.372217,0.336590,0.418949
1546,12.883333,0.372213,0.336591,0.418953
1547,12.891667,0.372214,0.336586,0.418955
1548,12.900000,0.372217,0.336592,0.418947
1549,12.908333,0.372215,0.336596,0.418929
1550,12.916667,0.372214,0.336606,0.418916
1551,12.925000,0.372215,0.336604,0.418902
1552,12.933333,0.372212,0.336601,0.418900
1553,12.941667,0.372212,0.336607,0.418904
1554,12.950000,0.372210,0.336604,0.418915
1555,12.958333,0.372216,0.336597,0.418929
1556,12.966667,0.372214,0.336587,0.418944
1557,12.975000,0.372209,0.336588,0.418955
1558,12.983333,0.372214,0.336591,0.418947
1559,12.991667,0.372213,0.336592,0.418938
1560,13.000000,0.372214,0.336601,0.418923
1561,13.008333,0.372212,0.336598,0.418915
1562,13.016667,0.372210,0.336604,0.418906
1563,13.025000,0.372215,0.336595,0.418905
1564,13.033333,0.372214,0.336606,0.418913
1565,13.041667,0.372214,0.336596,0.418928
1566,13.050000,0.372215,0.336595,0.418931
1567,13.058333,0.372209,0.336586,0.418943
1568,13.066667,0.372211,0.336592,0.418948
1569,13.075000,0.372212,0.336593,0.418942
1570,13.083333,0.372217,0.336593,0.418933
1571,13.091667,0.372216,0.336596,0.418922
1572,13.100000,0.372216,0.336599,0.418912
1573,13.108333,0.372217,0.336601,0.418908
1574,13.116667,0.372216,0.336601,0.418910
1575,13.125000,0.372212,0.336600,0.418919
1576,13.133333,0.372218,0.336598,0.418923
1577,13.141667,0.372213,0.336592,0.418940
1578,13.150000,0.372213,0.336588,0.418945
1579,13.158333,0.372215,0.336587,0.418947
1580,13.166667,0.372209,0.336598,0.418938
1581,13.175000,0.372211,0.336597,0.418930
1582,13.183333,0.372213,0.336594,0.418927
1583,13.191667,0.372218,0.336593,0.418918
1584,13.200000,0.372217,0.336600,0.418913
1585,13.208333,0.372218,0.336603,0.418910
1586,13.216667,0.372219,0.336598,0.418913
1587,13.225000,0.372217,0.336590,0.418906
1588,13.233333,0.372218,0.336600,0.418882
1589,13.241667,0.372218,0.336611,0.418859
1590,13.250000,0.372220,0.336611,0.418842
1591,13.258333,0.372222,0.336617,0.418832
1592,13.266667,0.372219,0.336615,0.418838
1593,13.275000,0.372218,0.336615,0.418854
1594,13.283333,0.372220,0.336604,0.418878
1595,13.291667,0.372217,0.336600,0.418892
1596,13.300000,0.372220,0.336599,0.418889
1597,13.308333,0.372221,0.336608,0.418868
1598,13.316667,0.372221,0.336609,0.418842
1599,13.325000,0.372221,0.336616,0.418794
1600,13.333333,0.372213,0.336626,0.418734
1601,13.341667,0.372220,0.336636,0.418679
1602,13.350000,0.372217,0.336640,0.418642
1603,13.358333,0.372221,0.336641,0.418630
1604,13.366667,0.372224,0.336640,0.418635
1605,13.375000,0.372223,0.336631,0.418658
1606,13.383333,0.372219,0.336626,0.418689
1607,13.391667,0.372218,0.336627,0.418719
1608,13.400000,0.372218,0.336619,0.418745
1609,13.408333,0.372225,0.336608,0.418754
1610,13.416667,0.372223,0.336613,0.418760
1611,13.425000,0.372217,0.336622,0.418748
1612,13.433333,0.372225,0.336619,0.418728
1613,13.441667,0.372221,0.336618,0.418702
1614,13.450000,0.372217,0.336621,0.418649
1615,13.458333,0.372216,0.336632,0.418586
1616,13.466667,0.372216,0.336633,0.418547
1617,13.475000,0.372219,0.336635,0.418543
1618,13.483333,0.372214,0.336631,0.418584
1619,13.491667,0.372222,0.336619,0.418657
1620,13.500000,0.372222,0.336599,0.418746
1621,13.508333,0.372221,0.336581,0.418819
1622,13.516667,0.372220,0.336578,0.418842
1623,13.525000,0.372222,0.336583,0.418817
1624,13.533333,0.372228,0.336600,0.418722
1625,13.541667,0.372221,0.336623,0.418603
1626,13.550000,0.372217,0.336653,0.418478
1627,13.558333,0.372214,0.336672,0.418380
1628,13.566667,0.372216,0.336668,0.418349
1629,13.575000,0.372218,0.336666,0.418384
1630,13.583333,0.372215,0.336654,0.418468
1631,13.591667,0.372219,0.336635,0.418560
1632,13.600000,0.372223,0.336617,0.418641
1633,13.608333,0.372220,0.336613,0.418674
1634,13.616667,0.372220,0.336614,0.418647
1635,13.625000,0.372222,0.336624,0.418577
1636,13.633333,0.372213,0.336637,0.418468
1637,13.641667,0.372214,0.336662,0.418344
1638,13.650000,0.372210,0.336680,0.418258
1639,13.658333,0.372213,0.336684,0.418209
1640,13.666667,0.372212,0.336670,0.418209
1641,13.675000,0.372210,0.336666,0.418247
1642,13.683333,0.372214,0.336661,0.418313
1643,13.691667,0.372215,0.336642,0.418363
1644,13.700000,0.372219,0.336633,0.418379
1645,13.708333,0.372219,0.336641,0.418362
1646,13.716667,0.372210,0.336650,0.418307
1647,13.725000,0.372211,0.336657,0.418229
1648,13.733333,0.372214,0.336667,0.418142
1649,13.741667,0.372210,0.336679,0.418049
1650,13.750000,0.372211,0.336694,0.417980
1651,13.758333,0.372219,0.336696,0.417932
1652,13.766667,0.372214,0.336703,0.417916
1653,13.775000,0.372220,0.336697,0.417941
1654,13.783333,0.372217,0.336683,0.418001
1655,13.791667,0.372215,0.336670,0.418072
1656,13.800000,0.372219,0.336659,0.418129
1657,13.808333,0.372216,0.336654,0.418151
1658,13.816667,0.372215,0.336659,0.418113
1659,13.825000,0.372213,0.336672,0.418020
1660,13.833333,0.372220,0.336697,0.417908
1661,13.841667,0.372218,0.336722,0.417808
1662,13.850000,0.372225,0.336738,0.417745
1663,13.858333,0.372227,0.336733,0.417750
1664,13.866667,0.372220,0.336725,0.417818
1665,13.875000,0.372218,0.336694,0.417929
1666,13.883333,0.372216,0.336665,0.418022
1667,13.891667,0.372217,0.336654,0.418075
1668,13.900000,0.372218,0.336663,0.418062
1669,13.908333,0.372224,0.336677,0.417990
1670,13.916667,0.372224,0.336699,0.417870
1671,13.925000,0.372227,0.336734,0.417744
1672,13.933333,0.372227,0.336756,0.417654
1673,13.941667,0.372225,0.336766,0.417638
1674,13.950000,0.372227,0.336751,0.417695
1675,13.958333,0.372228,0.336715,0.417817
1676,13.966667,0.372220,0.336683,0.417972
1677,13.975000,0.372219,0.336655,0.418097
1678,13.983333,0.372222,0.336637,0.418181
1679,13.991667,0.372218,0.336635,0.418183
1680,14.000000,0.372224,0.336648,0.418108
1681,14.008333,0.372221,0.336680,0.418001
1682,14.016667,0.372225,0.336699,0.417902
1683,14.025000,0.372227,0.336711,0.417838
1684,14.033333,0.372228,0.336720,0.417831
1685,14.041667,0.372226,0.336708,0.417877
1686,14.050000,0.372221,0.336679,0.417964
1687,14.058333,0.372222,0.336662,0.418061
1688,14.066667,0.372221,0.336646,0.418131
1689,14.075000,0.372220,0.336641,0.418148
1690,14.083333,0.372223,0.336645,0.418108
1691,14.091667,0.372219,0.336669,0.418036
1692,14.100000,0.372223,0.336689,0.417959
1693,14.108333,0.372222,0.336694,0.417904
1694,14.116667,0.372224,0.336698,0.417891
1695,14.125000,0.372220,0.336698,0.417944
1696,14.133333,0.372218,0.336677,0.418024
1697,14.141667,0.372216,0.336653,0.418125
1698,14.150000,0.372215,0.336640,0.418220
1699,14.158333,0.372210,0.336635,0.418278
1700,14.166667,0.372214,0.336633,0.418298
1701,14.175000,0.372215,0.336632,0.418270
1702,14.183333,0.372211,0.336640,0.418219
1703,14.191667,0.372215,0.336660,0.418139
1704,14.200000,0.372210,0.336676,0.418066
1705,14.208333,0.372214,0.336679,0.418025
1706,14.216667,0.372213,0.336688,0.418010
1707,14.225000,0.372213,0.336682,0.418025
1708,14.233333,0.372213,0.336676,0.418080
1709,14.241667,0.372215,0.336654,0.418144
1710,14.250000,0.372216,0.336647,0.418223
1711,14.258333,0.372212,0.336632,0.418267
1712,14.266667,0.372213,0.336628,0.418282
1713,14.275000,0.372212,0.336633,0.418260
1714,14.283333,0.372214,0.336641,0.418208
1715,14.291667,0.372214,0.336658,0.418144
1716,14.300000,0.372207,0.336675,0.418079
1717,14.308333,0.372217,0.336678,0.418057
1718,14.316667,0.372218,0.336677,0.418078
1719,14.325000,0.372216,0.336660,0.418139
1720,14.333333,0.372215,0.336649,0.418227
1721,14.341667,0.372212,0.336631,0.418322
1722,14.350000,0.372216,0.336615,0.418415
1723,14.358333,0.372219,0.336595,0.418512
1724,14.366667,0.372227,0.336572,0.418650
1725,14.375000,0.372223,0.336509,0.418891
1726,14.383333,0.372217,0.336446,0.419187
1727,14.391667,0.372219,0.336388,0.419478
1728,14.400000,0.372230,0.336336,0.419702
1729,14.408333,0.372231,0.336325,0.419775
1730,14.416667,0.372231,0.336342,0.419676
1731,14.425000,0.372223,0.336396,0.419462
1732,14.433333,0.372220,0.336460,0.419193
1733,14.441667,0.372215,0.336532,0.418892
1734,14.450000,0.372209,0.336597,0.418594
1735,14.458333,0.372202,0.336643,0.418367
1736,14.466667,0.372200,0.336658,0.418283
1737,14.475000,0.372192,0.336644,0.418378
1738,14.483333,0.372202,0.336603,0.418615
1739,14.491667,0.372201,0.336545,0.418932
1740,14.500000,0.372200,0.336475,0.419218
1741,14.508333,0.372199,0.336432,0.419418
1742,14.516667,0.372197,0.336417,0.419485
1743,14.525000,0.372196,0.336435,0.419397
1744,14.533333,0.372199,0.336475,0.419200
1745,14.541667,0.372200,0.336536,0.418950
1746,14.550000,0.372202,0.336598,0.418694
1747,14.558333,0.372199,0.336629,0.418555
1748,14.566667,0.372199,0.336630,0.418533
1749,14.575000,0.372198,0.336602,0.418662
1750,14.583333,0.372196,0.336557,0.418880
1751,14.591667,0.372191,0.336509,0.419100
1752,14.600000,0.372189,0.336467,0.419276
1753,14.608333,0.372193,0.336443,0.419348
1754,14.616667,0.372190,0.336461,0.419308
1755,14.625000,0.372190,0.336486,0.419182
1756,14.633333,0.372193,0.336532,0.418991
1757,14.641667,0.372198,0.336571,0.418802
1758,14.650000,0.372197,0.336604,0.418676
1759,14.658333,0.372194,0.336611,0.418639
