Format Version,1.21,Take Name,pen_elore,Capture Frame Rate,120.000000,Export Frame Rate,120.000000,Capture Start Time,2018-11-22 02.20.21 PM,Total Frames in Take,1596,Total Exported Frames,1596,Rotation Type,Quaternion,Length Units,Meters,Coordinate Space,Global

,,Marker,Marker,Marker
,,Unlabeled:5000,Unlabeled:5000,Unlabeled:5000
,,"8392B20CF49E35701388","8392B20CF49E35701388","8392B20CF49E35701388"
,,Position,Position,Position
Frame,Time,X,Y,Z
0,0.000000,0.359702,0.336274,0.305756
1,0.008333,0.359706,0.336267,0.305796
2,0.016667,0.359703,0.336261,0.305827
3,0.025000,0.359706,0.336257,0.305829
4,0.033333,0.359707,0.336262,0.305809
5,0.041667,0.359704,0.336268,0.305777
6,0.050000,0.359702,0.336277,0.305749
7,0.058333,0.359708,0.336281,0.305721
8,0.066667,0.359703,0.336282,0.305729
9,0.075000,0.359702,0.336281,0.305745
10,0.083333,0.359703,0.336269,0.305778
11,0.091667,0.359705,0.336262,0.305803
12,0.100000,0.359701,0.336262,0.305822
13,0.108333,0.359702,0.336264,0.305817
14,0.116667,0.359706,0.336267,0.305797
15,0.125000,0.359707,0.336270,0.305775
16,0.133333,0.359705,0.336279,0.305744
17,0.141667,0.359704,0.336281,0.305735
18,0.150000,0.359703,0.336275,0.305733
19,0.158333,0.359702,0.336279,0.305756
20,0.166667,0.359704,0.336270,0.305784
21,0.175000,0.359706,0.336261,0.305802
22,0.183333,0.359706,0.336263,0.305811
23,0.191667,0.359707,0.336267,0.305801
24,0.200000,0.359702,0.336269,0.305787
25,0.208333,0.359703,0.336274,0.305764
26,0.216667,0.359704,0.336281,0.305746
27,0.225000,0.359705,0.336280,0.305741
28,0.233333,0.359708,0.336280,0.305745
29,0.241667,0.359706,0.336272,0.305766
30,0.250000,0.359706,0.336270,0.305786
31,0.258333,0.359705,0.336266,0.305806
32,0.266667,0.359703,0.336270,0.305805
33,0.275000,0.359707,0.336267,0.305796
34,0.283333,0.359706,0.336269,0.305777
35,0.291667,0.359706,0.336282,0.305757
36,0.300000,0.359702,0.336280,0.305750
37,0.308333,0.359703,0.336283,0.305745
38,0.316667,0.359705,0.336274,0.305762
39,0.325000,0.359706,0.336272,0.305776
40,0.333333,0.359709,0.336275,0.305787
41,0.341667,0.359707,0.336268,0.305795
42,0.350000,0.359703,0.336272,0.305797
43,0.358333,0.359707,0.336267,0.305791
44,0.366667,0.359707,0.336274,0.305770
45,0.375000,0.359708,0.336275,0.305757
46,0.383333,0.359708,0.336281,0.305751
47,0.391667,0.359708,0.336281,0.305751
48,0.400000,0.359710,0.336279,0.305765
49,0.408333,0.359712,0.336273,0.305782
50,0.416667,0.359704,0.336272,0.305791
51,0.425000,0.359709,0.336269,0.305798
52,0.433333,0.359712,0.336265,0.305790
53,0.441667,0.359712,0.336273,0.305783
54,0.450000,0.359709,0.336276,0.305771
55,0.458333,0.359710,0.336272,0.305763
56,0.466667,0.359711,0.336278,0.305756
57,0.475000,0.359709,0.336278,0.305759
58,0.483333,0.359712,0.336275,0.305768
59,0.491667,0.359709,0.336275,0.305781
60,0.500000,0.359708,0.336270,0.305790
61,0.508333,0.359709,0.336269,0.305795
62,0.516667,0.359709,0.336272,0.305785
63,0.525000,0.359712,0.336270,0.305776
64,0.533333,0.359713,0.336280,0.305769
65,0.541667,0.359708,0.336280,0.305768
66,0.550000,0.359711,0.336280,0.305759
67,0.558333,0.359713,0.336274,0.305768
68,0.566667,0.359711,0.336269,0.305775
69,0.575000,0.359714,0.336272,0.305785
70,0.583333,0.359710,0.336271,0.305791
71,0.591667,0.359711,0.336270,0.305794
72,0.600000,0.359716,0.336273,0.305779
73,0.608333,0.359713,0.336271,0.305775
74,0.616667,0.359715,0.336277,0.305761
75,0.625000,0.359715,0.336277,0.305761
76,0.633333,0.359713,0.336276,0.305768
77,0.641667,0.359709,0.336276,0.305772
78,0.650000,0.359711,0.336271,0.305785
79,0.658333,0.359710,0.336272,0.305789
80,0.666667,0.359715,0.336271,0.305789
81,0.675000,0.359714,0.336274,0.305787
82,0.683333,0.359717,0.336272,0.305775
83,0.691667,0.359712,0.336272,0.305771
84,0.700000,0.359714,0.336277,0.305763
85,0.708333,0.359714,0.336279,0.305765
86,0.716667,0.359712,0.336277,0.305768
87,0.725000,0.359715,0.336275,0.305775
88,0.733333,0.359710,0.336275,0.305781
89,0.741667,0.359712,0.336275,0.305786
90,0.750000,0.359711,0.336274,0.305787
91,0.758333,0.359713,0.336276,0.305784
92,0.766667,0.359715,0.336269,0.305776
93,0.775000,0.359715,0.336277,0.305769
94,0.783333,0.359710,0.336273,0.305772
95,0.791667,0.359716,0.336276,0.305772
96,0.800000,0.359715,0.336278,0.305777
97,0.808333,0.359712,0.336273,0.305783
98,0.816667,0.359713,0.336276,0.305779
99,0.825000,0.359714,0.336271,0.305787
100,0.833333,0.359711,0.336273,0.305786
101,0.841667,0.359714,0.336274,0.305783
102,0.850000,0.359713,0.336272,0.305776
103,0.858333,0.359712,0.336276,0.305774
104,0.866667,0.359713,0.336278,0.305768
105,0.875000,0.359712,0.336272,0.305775
106,0.883333,0.359715,0.336272,0.305781
107,0.891667,0.359712,0.336276,0.305782
108,0.900000,0.359711,0.336267,0.305790
109,0.908333,0.359715,0.336270,0.305787
110,0.916667,0.359717,0.336273,0.305784
111,0.925000,0.359713,0.336277,0.305778
112,0.933333,0.359713,0.336275,0.305771
113,0.941667,0.359715,0.336269,0.305777
114,0.950000,0.359715,0.336275,0.305775
115,0.958333,0.359713,0.336279,0.305777
116,0.966667,0.359714,0.336272,0.305780
117,0.975000,0.359713,0.336268,0.305784
118,0.983333,0.359718,0.336273,0.305784
119,0.991667,0.359710,0.336272,0.305782
120,1.000000,0.359712,0.336270,0.305779
121,1.008333,0.359715,0.336269,0.305776
122,1.016667,0.359713,0.336276,0.305775
123,1.025000,0.359714,0.336276,0.305775
124,1.033333,0.359715,0.336274,0.305774
125,1.041667,0.359717,0.336270,0.305781
126,1.050000,0.359715,0.336272,0.305782
127,1.058333,0.359716,0.336271,0.305781
128,1.066667,0.359719,0.336270,0.305785
129,1.075000,0.359712,0.336270,0.305785
130,1.083333,0.359717,0.336274,0.305775
131,1.091667,0.359713,0.336277,0.305776
132,1.100000,0.359713,0.336271,0.305778
133,1.108333,0.359715,0.336271,0.305775
134,1.116667,0.359713,0.336276,0.305777
135,1.125000,0.359711,0.336273,0.305778
136,1.133333,0.359716,0.336276,0.305785
137,1.141667,0.359712,0.336275,0.305785
138,1.150000,0.359712,0.336275,0.305784
139,1.158333,0.359711,0.336271,0.305783
140,1.166667,0.359711,0.336272,0.305783
141,1.175000,0.359713,0.336274,0.305780
142,1.183333,0.359712,0.336279,0.305777
143,1.191667,0.359715,0.336273,0.305775
144,1.200000,0.359712,0.336278,0.305777
145,1.208333,0.359712,0.336273,0.305781
146,1.216667,0.359712,0.336269,0.305783
147,1.225000,0.359713,0.336273,0.305785
148,1.233333,0.359713,0.336271,0.305784
149,1.241667,0.359713,0.336274,0.305780
150,1.250000,0.359714,0.336271,0.305775
151,1.258333,0.359713,0.336276,0.305775
152,1.266667,0.359712,0.336277,0.305780
153,1.275000,0.359712,0.336277,0.305776
154,1.283333,0.359711,0.336275,0.305782
155,1.291667,0.359711,0.336276,0.305780
156,1.300000,0.359709,0.336277,0.305782
157,1.308333,0.359710,0.336274,0.305784
158,1.316667,0.359712,0.336275,0.305777
159,1.325000,0.359714,0.336276,0.305783
160,1.333333,0.359715,0.336277,0.305777
161,1.341667,0.359711,0.336275,0.305780
162,1.350000,0.359705,0.336274,0.305783
163,1.358333,0.359710,0.336271,0.305782
164,1.366667,0.359712,0.336273,0.305781
165,1.375000,0.359711,0.336277,0.305778
166,1.383333,0.359712,0.336267,0.305788
167,1.391667,0.359714,0.336271,0.305785
168,1.400000,0.359714,0.336279,0.305778
169,1.408333,0.359713,0.336268,0.305781
170,1.416667,0.359711,0.336275,0.305783
171,1.425000,0.359711,0.336272,0.305781
172,1.433333,0.359715,0.336271,0.305777
173,1.441667,0.359711,0.336274,0.305781
174,1.450000,0.359711,0.336279,0.305782
175,1.458333,0.359715,0.336276,0.305780
176,1.466667,0.359715,0.336277,0.305780
177,1.475000,0.359708,0.336272,0.305786
178,1.483333,0.359712,0.336276,0.305777
179,1.491667,0.359714,0.336271,0.305776
180,1.500000,0.359715,0.336272,0.305780
181,1.508333,0.359711,0.336271,0.305780
182,1.516667,0.359713,0.336270,0.305787
183,1.525000,0.359715,0.336268,0.305782
184,1.533333,0.359722,0.336272,0.305781
185,1.541667,0.359716,0.336273,0.305780
186,1.550000,0.359720,0.336267,0.305783
187,1.558333,0.359722,0.336271,0.305780
188,1.566667,0.359730,0.336270,0.305776
189,1.575000,0.359724,0.336278,0.305765
190,1.583333,0.359731,0.336267,0.305759
191,1.591667,0.359725,0.336276,0.305763
192,1.600000,0.359725,0.336279,0.305767
193,1.608333,0.359727,0.336272,0.305766
194,1.616667,0.359726,0.336272,0.305770
195,1.625000,0.359724,0.336272,0.305781
196,1.633333,0.359726,0.336268,0.305780
197,1.641667,0.359724,0.336272,0.305782
198,1.650000,0.359730,0.336265,0.305774
199,1.658333,0.359725,0.336270,0.305775
200,1.666667,0.359728,0.336270,0.305767
201,1.675000,0.359725,0.336266,0.305770
202,1.683333,0.359728,0.336265,0.305772
203,1.691667,0.359725,0.336261,0.305776
204,1.700000,0.359729,0.336265,0.305775
205,1.708333,0.359729,0.336259,0.305777
206,1.716667,0.359730,0.336260,0.305776
207,1.725000,0.359726,0.336268,0.305777
208,1.733333,0.359724,0.336259,0.305774
209,1.741667,0.359725,0.336261,0.305779
210,1.750000,0.359727,0.336258,0.305780
211,1.758333,0.359726,0.336258,0.305777
212,1.766667,0.359726,0.336255,0.305776
213,1.775000,0.359727,0.336258,0.305775
214,1.783333,0.359727,0.336260,0.305779
215,1.791667,0.359727,0.336258,0.305778
216,1.800000,0.359728,0.336250,0.305775
217,1.808333,0.359723,0.336250,0.305787
218,1.816667,0.359722,0.336248,0.305791
219,1.825000,0.359715,0.336251,0.305788
220,1.833333,0.359714,0.336246,0.305793
221,1.841667,0.359716,0.336240,0.305801
222,1.850000,0.359714,0.336246,0.305792
223,1.858333,0.359712,0.336243,0.305797
224,1.866667,0.359707,0.336238,0.305796
225,1.875000,0.359711,0.336240,0.305798
226,1.883333,0.359711,0.336242,0.305796
227,1.891667,0.359707,0.336243,0.305794
228,1.900000,0.359709,0.336234,0.305795
229,1.908333,0.359704,0.336239,0.305798
230,1.916667,0.359700,0.336239,0.305807
231,1.925000,0.359705,0.336238,0.305803
232,1.933333,0.359701,0.336236,0.305803
233,1.941667,0.359705,0.336235,0.305800
234,1.950000,0.359699,0.336236,0.305804
235,1.958333,0.359704,0.336234,0.305802
236,1.966667,0.359702,0.336236,0.305804
237,1.975000,0.359703,0.336239,0.305803
238,1.983333,0.359700,0.336238,0.305805
239,1.991667,0.359700,0.336231,0.305805
240,2.000000,0.359700,0.336231,0.305806
241,2.008333,0.359697,0.336231,0.305808
242,2.016667,0.359699,0.336234,0.305808
243,2.025000,0.359699,0.336224,0.305814
244,2.033333,0.359706,0.336225,0.305815
245,2.041667,0.359699,0.336235,0.305810
246,2.050000,0.359702,0.336234,0.305806
247,2.058333,0.359697,0.336231,0.305808
248,2.066667,0.359702,0.336231,0.305808
249,2.075000,0.359697,0.336233,0.305806
250,2.083333,0.359700,0.336230,0.305803
251,2.091667,0.359697,0.336235,0.305806
252,2.100000,0.359697,0.336229,0.305808
253,2.108333,0.359692,0.336229,0.305811
254,2.116667,0.359694,0.336227,0.305812
255,2.125000,0.359687,0.336227,0.305814
256,2.133333,0.359694,0.336224,0.305815
257,2.141667,0.359689,0.336218,0.305820
258,2.150000,0.359692,0.336225,0.305827
259,2.158333,0.359694,0.336220,0.305818
260,2.166667,0.359692,0.336221,0.305823
261,2.175000,0.359690,0.336221,0.305818
262,2.183333,0.359689,0.336223,0.305822
263,2.191667,0.359693,0.336217,0.305817
264,2.200000,0.359689,0.336221,0.305818
265,2.208333,0.359687,0.336229,0.305819
266,2.216667,0.359688,0.336223,0.305819
267,2.225000,0.359686,0.336221,0.305824
268,2.233333,0.359685,0.336218,0.305826
269,2.241667,0.359689,0.336222,0.305824
270,2.250000,0.359683,0.336212,0.305832
271,2.258333,0.359682,0.336216,0.305835
272,2.266667,0.359680,0.336215,0.305828
273,2.275000,0.359682,0.336215,0.305828
274,2.283333,0.359681,0.336213,0.305830
275,2.291667,0.359681,0.336211,0.305830
276,2.300000,0.359678,0.336220,0.305837
277,2.308333,0.359680,0.336215,0.305829
278,2.316667,0.359682,0.336216,0.305829
279,2.325000,0.359681,0.336210,0.305833
280,2.333333,0.359677,0.336213,0.305829
281,2.341667,0.359671,0.336218,0.305834
282,2.350000,0.359674,0.336206,0.305839
283,2.358333,0.359675,0.336207,0.305837
284,2.366667,0.359675,0.336213,0.305842
285,2.375000,0.359670,0.336207,0.305843
286,2.383333,0.359674,0.336206,0.305844
287,2.391667,0.359667,0.336204,0.305847
288,2.400000,0.359670,0.336209,0.305840
289,2.408333,0.359666,0.336211,0.305837
290,2.416667,0.359669,0.336211,0.305838
291,2.425000,0.359666,0.336214,0.305843
292,2.433333,0.359664,0.336204,0.305844
293,2.441667,0.359658,0.336206,0.305846
294,2.450000,0.359658,0.336206,0.305850
295,2.458333,0.359655,0.336205,0.305863
296,2.466667,0.359655,0.336204,0.305862
297,2.475000,0.359652,0.336208,0.305859
298,2.483333,0.359651,0.336201,0.305858
299,2.491667,0.359650,0.336210,0.305853
300,2.500000,0.359651,0.336204,0.305854
301,2.508333,0.359656,0.336207,0.305854
302,2.516667,0.359649,0.336204,0.305853
303,2.525000,0.359643,0.336209,0.305859
304,2.533333,0.359640,0.336204,0.305859
305,2.541667,0.359640,0.336202,0.305865
306,2.550000,0.359637,0.336200,0.305870
307,2.558333,0.359636,0.336201,0.305870
308,2.566667,0.359637,0.336200,0.305868
309,2.575000,0.359631,0.336208,0.305880
310,2.583333,0.359636,0.336198,0.305878
311,2.591667,0.359634,0.336206,0.305874
312,2.600000,0.359627,0.336205,0.305873
313,2.608333,0.359626,0.336199,0.305872
314,2.616667,0.359623,0.336198,0.305880
315,2.625000,0.359613,0.336202,0.305892
316,2.633333,0.359605,0.336199,0.305899
317,2.641667,0.359603,0.336194,0.305912
318,2.650000,0.359595,0.336193,0.305925
319,2.658333,0.359590,0.336199,0.305939
320,2.666667,0.359592,0.336193,0.305951
321,2.675000,0.359587,0.336194,0.305964
322,2.683333,0.359582,0.336197,0.305983
323,2.691667,0.359581,0.336197,0.306003
324,2.700000,0.359571,0.336202,0.306037
325,2.708333,0.359572,0.336202,0.306068
326,2.716667,0.359560,0.336207,0.306109
327,2.725000,0.359555,0.336211,0.306164
328,2.733333,0.359561,0.336219,0.306235
329,2.741667,0.359567,0.336223,0.306334
330,2.750000,0.359576,0.336233,0.306474
331,2.758333,0.359603,0.336235,0.306670
332,2.766667,0.359623,0.336224,0.306924
333,2.775000,0.359633,0.336229,0.307153
334,2.783333,0.359626,0.336236,0.307354
335,2.791667,0.359633,0.336247,0.307575
336,2.800000,0.359636,0.336243,0.307851
337,2.808333,0.359650,0.336241,0.308171
338,2.816667,0.359663,0.336249,0.308479
339,2.825000,0.359664,0.336262,0.308783
340,2.833333,0.359655,0.336250,0.309137
341,2.841667,0.359656,0.336232,0.309535
342,2.850000,0.359644,0.336223,0.310007
343,2.858333,0.359596,0.336212,0.310470
344,2.866667,0.359595,0.336231,0.310948
345,2.875000,0.359606,0.336214,0.311424
346,2.883333,0.359591,0.336232,0.311887
347,2.891667,0.359598,0.336242,0.312397
348,2.900000,0.359599,0.336244,0.312866
349,2.908333,0.359617,0.336249,0.313381
350,2.916667,0.359612,0.336253,0.313977
351,2.925000,0.359596,0.336245,0.314565
352,2.933333,0.359598,0.336238,0.315191
353,2.941667,0.359554,0.336216,0.315846
354,2.950000,0.359553,0.336222,0.316509
355,2.958333,0.359543,0.336239,0.317153
356,2.966667,0.359542,0.336242,0.317842
357,2.975000,0.359557,0.336250,0.318494
358,2.983333,0.359561,0.336235,0.319196
359,2.991667,0.359544,0.336228,0.319890
360,3.000000,0.359534,0.336223,0.320588
361,3.008333,0.359499,0.336222,0.321294
362,3.016667,0.359489,0.336220,0.321998
363,3.025000,0.359468,0.336231,0.322684
364,3.033333,0.359455,0.336231,0.323428
365,3.041667,0.359464,0.336240,0.324119
366,3.050000,0.359455,0.336227,0.324882
367,3.058333,0.359419,0.336209,0.325599
368,3.066667,0.359450,0.336202,0.326328
369,3.075000,0.359427,0.336204,0.327036
370,3.083333,0.359458,0.336219,0.327746
371,3.091667,0.359443,0.336233,0.328401
372,3.100000,0.359435,0.336235,0.329122
373,3.108333,0.359409,0.336233,0.329810
374,3.116667,0.359407,0.336224,0.330567
375,3.125000,0.359391,0.336200,0.331287
376,3.133333,0.359392,0.336201,0.332046
377,3.141667,0.359372,0.336205,0.332772
378,3.150000,0.359369,0.336221,0.333485
379,3.158333,0.359361,0.336224,0.334185
380,3.166667,0.359349,0.336233,0.334856
381,3.175000,0.359347,0.336227,0.335530
382,3.183333,0.359336,0.336210,0.336259
383,3.191667,0.359365,0.336223,0.336992
384,3.200000,0.359358,0.336219,0.337734
385,3.208333,0.359338,0.336218,0.338513
386,3.216667,0.359324,0.336230,0.339227
387,3.225000,0.359307,0.336219,0.340027
388,3.233333,0.359287,0.336213,0.340758
389,3.241667,0.359277,0.336211,0.341503
390,3.250000,0.359277,0.336216,0.342231
391,3.258333,0.359294,0.336231,0.342985
392,3.266667,0.359303,0.336234,0.343786
393,3.275000,0.359301,0.336232,0.344548
394,3.283333,0.359284,0.336207,0.345362
395,3.291667,0.359279,0.336197,0.346145
396,3.300000,0.359302,0.336204,0.346935
397,3.308333,0.359284,0.336216,0.347681
398,3.316667,0.359303,0.336234,0.348438
399,3.325000,0.359328,0.336234,0.349245
400,3.333333,0.359340,0.336247,0.350032
401,3.341667,0.359343,0.336236,0.350890
402,3.350000,0.359321,0.336227,0.351768
403,3.358333,0.359342,0.336212,0.352647
404,3.366667,0.359339,0.336214,0.353575
405,3.375000,0.359340,0.336220,0.354447
406,3.383333,0.359328,0.336219,0.355315
407,3.391667,0.359333,0.336219,0.356208
408,3.400000,0.359283,0.336198,0.357081
409,3.408333,0.359273,0.336215,0.357968
410,3.416667,0.359268,0.336216,0.358907
411,3.425000,0.359299,0.336230,0.359843
412,3.433333,0.359281,0.336204,0.360777
413,3.441667,0.359289,0.336200,0.361747
414,3.450000,0.359298,0.336188,0.362707
415,3.458333,0.359292,0.336212,0.363630
416,3.466667,0.359297,0.336186,0.364572
417,3.475000,0.359329,0.336209,0.365530
418,3.483333,0.359331,0.336186,0.366462
419,3.491667,0.359331,0.336192,0.367387
420,3.500000,0.359358,0.336183,0.368349
421,3.508333,0.359396,0.336201,0.369316
422,3.516667,0.359369,0.336191,0.370253
423,3.525000,0.359350,0.336199,0.371248
424,3.533333,0.359378,0.336175,0.372251
425,3.541667,0.359377,0.336184,0.373235
426,3.550000,0.359376,0.336171,0.374173
427,3.558333,0.359379,0.336184,0.375174
428,3.566667,0.359396,0.336183,0.376136
429,3.575000,0.359344,0.336174,0.377125
430,3.583333,0.359341,0.336147,0.378086
431,3.591667,0.359348,0.336160,0.379096
432,3.600000,0.359347,0.336156,0.380047
433,3.608333,0.359315,0.336171,0.381005
434,3.616667,0.359325,0.336139,0.381950
435,3.625000,0.359323,0.336137,0.382924
436,3.633333,0.359312,0.336141,0.383803
437,3.641667,0.359297,0.336156,0.384708
438,3.650000,0.359332,0.336144,0.385607
439,3.658333,0.359311,0.336167,0.386521
440,3.666667,0.359297,0.336128,0.387379
441,3.675000,0.359294,0.336136,0.388308
442,3.683333,0.359310,0.336132,0.389210
443,3.691667,0.359284,0.336147,0.390106
444,3.700000,0.359283,0.336140,0.390995
445,3.708333,0.359295,0.336127,0.391898
446,3.716667,0.359296,0.336141,0.392767
447,3.725000,0.359298,0.336131,0.393631
448,3.733333,0.359307,0.336148,0.394511
449,3.741667,0.359311,0.336146,0.395406
450,3.750000,0.359306,0.336159,0.396345
451,3.758333,0.359274,0.336131,0.397320
452,3.766667,0.359256,0.336129,0.398296
453,3.775000,0.359273,0.336118,0.399299
454,3.783333,0.359275,0.336130,0.400299
455,3.791667,0.359259,0.336111,0.401278
456,3.800000,0.359224,0.336125,0.402263
457,3.808333,0.359229,0.336114,0.403236
458,3.816667,0.359200,0.336129,0.404272
459,3.825000,0.359185,0.336127,0.405304
460,3.833333,0.359165,0.336141,0.406431
461,3.841667,0.359116,0.336089,0.407541
462,3.850000,0.359092,0.336096,0.408705
463,3.858333,0.359066,0.336092,0.409879
464,3.866667,0.359025,0.336077,0.411040
465,3.875000,0.358990,0.336076,0.412185
466,3.883333,0.358984,0.336063,0.413312
467,3.891667,0.358957,0.336091,0.414440
468,3.900000,0.358932,0.336089,0.415546
469,3.908333,0.358900,0.336066,0.416705
470,3.916667,0.358899,0.336054,0.417875
471,3.925000,0.358878,0.336059,0.419054
472,3.933333,0.358861,0.336056,0.420277
473,3.941667,0.358862,0.336021,0.421460
474,3.950000,0.358833,0.336034,0.422640
475,3.958333,0.358805,0.336032,0.423795
476,3.966667,0.358813,0.336050,0.424917
477,3.975000,0.358793,0.336037,0.426010
478,3.983333,0.358796,0.336039,0.427117
479,3.991667,0.358818,0.336041,0.428225
480,4.000000,0.358815,0.336030,0.429347
481,4.008333,0.358825,0.336039,0.430484
482,4.016667,0.358818,0.336013,0.431607
483,4.025000,0.358796,0.336016,0.432719
484,4.033333,0.358787,0.336015,0.433779
485,4.041667,0.358788,0.336035,0.434838
486,4.050000,0.358786,0.336019,0.435872
487,4.058333,0.358786,0.336039,0.436921
488,4.066667,0.358788,0.336024,0.437966
489,4.075000,0.358804,0.336042,0.439030
490,4.083333,0.358801,0.336022,0.440083
491,4.091667,0.358812,0.336026,0.441163
492,4.100000,0.358819,0.335990,0.442203
493,4.108333,0.358792,0.336003,0.443232
494,4.116667,0.358786,0.336011,0.444188
495,4.125000,0.358763,0.336015,0.445122
496,4.133333,0.358780,0.336012,0.446025
497,4.141667,0.358771,0.336020,0.446911
498,4.150000,0.358784,0.336027,0.447793
499,4.158333,0.358773,0.336020,0.448706
500,4.166667,0.358787,0.336013,0.449628
501,4.175000,0.358773,0.335990,0.450512
502,4.183333,0.358766,0.336002,0.451395
503,4.191667,0.358763,0.335979,0.452243
504,4.200000,0.358773,0.335997,0.453040
505,4.208333,0.358760,0.336009,0.453836
506,4.216667,0.358767,0.336017,0.454628
507,4.225000,0.358754,0.336015,0.455437
508,4.233333,0.358769,0.336002,0.456278
509,4.241667,0.358772,0.335977,0.457118
510,4.250000,0.358784,0.335982,0.457950
511,4.258333,0.358790,0.335978,0.458772
512,4.266667,0.358786,0.335995,0.459571
513,4.275000,0.358769,0.335990,0.460340
514,4.283333,0.358779,0.335994,0.461133
515,4.291667,0.358774,0.335998,0.461918
516,4.300000,0.358774,0.335995,0.462756
517,4.308333,0.358776,0.336003,0.463630
518,4.316667,0.358766,0.335987,0.464534
519,4.325000,0.358781,0.335974,0.465459
520,4.333333,0.358795,0.335969,0.466364
521,4.341667,0.358791,0.335958,0.467207
522,4.350000,0.358796,0.335981,0.468069
523,4.358333,0.358795,0.335986,0.468901
524,4.366667,0.358772,0.335994,0.469742
525,4.375000,0.358764,0.336001,0.470613
526,4.383333,0.358745,0.335990,0.471529
527,4.391667,0.358742,0.335981,0.472460
528,4.400000,0.358754,0.335974,0.473430
529,4.408333,0.358734,0.335970,0.474392
530,4.416667,0.358728,0.335977,0.475319
531,4.425000,0.358723,0.335982,0.476219
532,4.433333,0.358730,0.335989,0.477147
533,4.441667,0.358713,0.335974,0.478090
534,4.450000,0.358704,0.335991,0.479054
535,4.458333,0.358683,0.335987,0.480039
536,4.466667,0.358674,0.335978,0.481050
537,4.475000,0.358666,0.335959,0.482067
538,4.483333,0.358656,0.335957,0.483085
539,4.491667,0.358659,0.335978,0.484111
540,4.500000,0.358652,0.335961,0.485107
541,4.508333,0.358659,0.335946,0.486108
542,4.516667,0.358662,0.335952,0.487109
543,4.525000,0.358679,0.335961,0.488084
544,4.533333,0.358666,0.335961,0.489068
545,4.541667,0.358653,0.335955,0.490051
546,4.550000,0.358649,0.335959,0.491052
547,4.558333,0.358647,0.335948,0.492056
548,4.566667,0.358648,0.335934,0.493054
549,4.575000,0.358644,0.335925,0.494076
550,4.583333,0.358642,0.335933,0.495058
551,4.591667,0.358635,0.335941,0.496025
552,4.600000,0.358635,0.335922,0.496957
553,4.608333,0.358642,0.335932,0.497863
554,4.616667,0.358648,0.335935,0.498761
555,4.625000,0.358668,0.335957,0.499683
556,4.633333,0.358669,0.335937,0.500629
557,4.641667,0.358658,0.335922,0.501583
558,4.650000,0.358665,0.335932,0.502542
559,4.658333,0.358675,0.335927,0.503483
560,4.666667,0.358661,0.335928,0.504422
561,4.675000,0.358652,0.335918,0.505354
562,4.683333,0.358672,0.335934,0.506302
563,4.691667,0.358661,0.335935,0.507244
564,4.700000,0.358659,0.335928,0.508222
565,4.708333,0.358653,0.335914,0.509211
566,4.716667,0.358670,0.335911,0.510207
567,4.725000,0.358664,0.335923,0.511205
568,4.733333,0.358649,0.335903,0.512189
569,4.741667,0.358652,0.335906,0.513166
570,4.750000,0.358657,0.335917,0.514123
571,4.758333,0.358672,0.335939,0.515077
572,4.766667,0.358660,0.335939,0.516088
573,4.775000,0.358652,0.335925,0.517121
574,4.783333,0.358659,0.335930,0.518201
575,4.791667,0.358647,0.335922,0.519302
576,4.800000,0.358624,0.335901,0.520433
577,4.808333,0.358637,0.335883,0.521534
578,4.816667,0.358610,0.335894,0.522620
579,4.825000,0.358603,0.335902,0.523661
580,4.833333,0.358593,0.335900,0.524699
581,4.841667,0.358603,0.335903,0.525706
582,4.850000,0.358598,0.335920,0.526752
583,4.858333,0.358580,0.335903,0.527819
584,4.866667,0.358572,0.335905,0.528896
585,4.875000,0.358588,0.335892,0.529980
586,4.883333,0.358575,0.335880,0.531042
587,4.891667,0.358572,0.335875,0.532079
588,4.900000,0.358585,0.335880,0.533081
589,4.908333,0.358589,0.335892,0.534066
590,4.916667,0.358583,0.335895,0.535045
591,4.925000,0.358567,0.335889,0.536032
592,4.933333,0.358588,0.335876,0.537014
593,4.941667,0.358597,0.335897,0.538039
594,4.950000,0.358601,0.335867,0.539049
595,4.958333,0.358605,0.335848,0.540055
596,4.966667,0.358601,0.335855,0.541069
597,4.975000,0.358622,0.335852,0.542061
598,4.983333,0.358615,0.335863,0.543053
599,4.991667,0.358603,0.335845,0.544010
600,5.000000,0.358622,0.335869,0.544980
601,5.008333,0.358628,0.335866,0.545949
602,5.016667,0.358626,0.335855,0.546928
603,5.025000,0.358617,0.335866,0.547932
604,5.033333,0.358638,0.335850,0.548912
605,5.041667,0.358625,0.335871,0.549913
606,5.050000,0.358599,0.335824,0.550879
607,5.058333,0.358584,0.335830,0.551789
608,5.066667,0.358566,0.335847,0.552660
609,5.075000,0.358561,0.335857,0.553433
610,5.083333,0.358548,0.335875,0.554192
611,5.091667,0.358536,0.335875,0.554930
612,5.100000,0.358529,0.335881,0.555662
613,5.108333,0.358526,0.335911,0.556446
614,5.116667,0.358525,0.335924,0.557271
615,5.125000,0.358529,0.335898,0.558129
616,5.133333,0.358508,0.335884,0.559011
617,5.141667,0.358500,0.335871,0.559858
618,5.150000,0.358495,0.335872,0.560660
619,5.158333,0.358511,0.335907,0.561415
620,5.166667,0.358526,0.335913,0.562153
621,5.175000,0.358520,0.335897,0.562884
622,5.183333,0.358488,0.335934,0.563657
623,5.191667,0.358457,0.335932,0.564449
624,5.200000,0.358469,0.335912,0.565283
625,5.208333,0.358480,0.335907,0.566166
626,5.216667,0.358468,0.335890,0.566994
627,5.225000,0.358431,0.335877,0.567780
628,5.233333,0.358429,0.335897,0.568554
629,5.241667,0.358415,0.335894,0.569269
630,5.250000,0.358431,0.335892,0.569974
631,5.258333,0.358432,0.335912,0.570688
632,5.266667,0.358444,0.335937,0.571392
633,5.275000,0.358441,0.335927,0.572152
634,5.283333,0.358460,0.335930,0.572961
635,5.291667,0.358492,0.335898,0.573811
636,5.300000,0.358503,0.335873,0.574659
637,5.308333,0.358482,0.335890,0.575494
638,5.316667,0.358494,0.335898,0.576255
639,5.325000,0.358520,0.335878,0.577005
640,5.333333,0.358536,0.335873,0.577729
641,5.341667,0.358539,0.335893,0.578466
642,5.350000,0.358528,0.335882,0.579196
643,5.358333,0.358536,0.335878,0.579953
644,5.366667,0.358554,0.335879,0.580768
645,5.375000,0.358574,0.335856,0.581555
646,5.383333,0.358567,0.335848,0.582351
647,5.391667,0.358577,0.335856,0.583133
648,5.400000,0.358566,0.335833,0.583867
649,5.408333,0.358573,0.335826,0.584567
650,5.416667,0.358566,0.335848,0.585274
651,5.425000,0.358564,0.335858,0.585964
652,5.433333,0.358552,0.335842,0.586642
653,5.441667,0.358523,0.335852,0.587324
654,5.450000,0.358522,0.335848,0.588032
655,5.458333,0.358538,0.335816,0.588710
656,5.466667,0.358575,0.335823,0.589386
657,5.475000,0.358572,0.335835,0.590074
658,5.483333,0.358592,0.335852,0.590733
659,5.491667,0.358614,0.335835,0.591388
660,5.500000,0.358620,0.335829,0.592062
661,5.508333,0.358651,0.335835,0.592757
662,5.516667,0.358671,0.335850,0.593469
663,5.525000,0.358702,0.335855,0.594202
664,5.533333,0.358718,0.335871,0.594983
665,5.541667,0.358725,0.335851,0.595773
666,5.550000,0.358708,0.335846,0.596622
667,5.558333,0.358689,0.335846,0.597478
668,5.566667,0.358669,0.335834,0.598370
669,5.575000,0.358656,0.335811,0.599256
670,5.583333,0.358640,0.335833,0.600155
671,5.591667,0.358650,0.335831,0.600990
672,5.600000,0.358634,0.335842,0.601847
673,5.608333,0.358642,0.335841,0.602737
674,5.616667,0.358650,0.335835,0.603627
675,5.625000,0.358634,0.335858,0.604587
676,5.633333,0.358642,0.335845,0.605565
677,5.641667,0.358641,0.335805,0.606600
678,5.650000,0.358654,0.335801,0.607614
679,5.658333,0.358665,0.335790,0.608578
680,5.666667,0.358691,0.335794,0.609500
681,5.675000,0.358701,0.335798,0.610376
682,5.683333,0.358689,0.335795,0.611253
683,5.691667,0.358705,0.335831,0.612145
684,5.700000,0.358722,0.335836,0.613101
685,5.708333,0.358760,0.335822,0.614114
686,5.716667,0.358773,0.335824,0.615180
687,5.725000,0.358765,0.335779,0.616285
688,5.733333,0.358778,0.335770,0.617392
689,5.741667,0.358798,0.335777,0.618443
690,5.750000,0.358767,0.335776,0.619465
691,5.758333,0.358769,0.335774,0.620438
692,5.766667,0.358773,0.335764,0.621360
693,5.775000,0.358763,0.335798,0.622289
694,5.783333,0.358785,0.335826,0.623245
695,5.791667,0.358791,0.335804,0.624264
696,5.800000,0.358787,0.335803,0.625320
697,5.808333,0.358792,0.335797,0.626370
698,5.816667,0.358783,0.335799,0.627473
699,5.825000,0.358793,0.335791,0.628550
700,5.833333,0.358789,0.335800,0.629618
701,5.841667,0.358779,0.335795,0.630691
702,5.850000,0.358781,0.335785,0.631744
703,5.858333,0.358808,0.335813,0.632806
704,5.866667,0.358801,0.335796,0.633870
705,5.875000,0.358802,0.335780,0.634940
706,5.883333,0.358822,0.335774,0.635966
707,5.891667,0.358804,0.335791,0.636982
708,5.900000,0.358797,0.335805,0.637975
709,5.908333,0.358808,0.335783,0.638956
710,5.916667,0.358780,0.335793,0.639948
711,5.925000,0.358807,0.335807,0.640916
712,5.933333,0.358816,0.335800,0.641884
713,5.941667,0.358825,0.335800,0.642869
714,5.950000,0.358827,0.335796,0.643812
715,5.958333,0.358810,0.335795,0.644774
716,5.966667,0.358836,0.335800,0.645715
717,5.975000,0.358856,0.335785,0.646596
718,5.983333,0.358856,0.335810,0.647469
719,5.991667,0.358862,0.335809,0.648310
720,6.000000,0.358846,0.335790,0.649161
721,6.008333,0.358854,0.335801,0.649986
722,6.016667,0.358841,0.335814,0.650801
723,6.025000,0.358875,0.335799,0.651595
724,6.033333,0.358869,0.335784,0.652363
725,6.041667,0.358861,0.335769,0.653068
726,6.050000,0.358848,0.335775,0.653717
727,6.058333,0.358861,0.335776,0.654251
728,6.066667,0.358903,0.335820,0.654792
729,6.075000,0.358930,0.335840,0.655332
730,6.083333,0.358925,0.335848,0.655879
731,6.091667,0.358933,0.335844,0.656476
732,6.100000,0.358924,0.335821,0.657116
733,6.108333,0.358910,0.335812,0.657750
734,6.116667,0.358923,0.335812,0.658395
735,6.125000,0.358941,0.335785,0.658969
736,6.133333,0.358989,0.335786,0.659512
737,6.141667,0.359001,0.335818,0.660020
738,6.150000,0.359009,0.335826,0.660473
739,6.158333,0.359035,0.335855,0.660940
740,6.166667,0.359038,0.335868,0.661427
741,6.175000,0.359048,0.335865,0.661984
742,6.183333,0.359061,0.335853,0.662579
743,6.191667,0.359076,0.335829,0.663276
744,6.200000,0.359067,0.335818,0.663906
745,6.208333,0.359077,0.335817,0.664560
746,6.216667,0.359048,0.335824,0.665156
747,6.225000,0.359053,0.335849,0.665746
748,6.233333,0.359038,0.335862,0.666346
749,6.241667,0.359045,0.335839,0.666975
750,6.250000,0.359039,0.335855,0.667652
751,6.258333,0.359033,0.335861,0.668386
752,6.266667,0.359051,0.335862,0.669192
753,6.275000,0.359055,0.335834,0.670027
754,6.283333,0.359043,0.335818,0.670890
755,6.291667,0.359036,0.335809,0.671726
756,6.300000,0.359038,0.335798,0.672540
757,6.308333,0.359047,0.335815,0.673295
758,6.316667,0.359049,0.335835,0.674089
759,6.325000,0.359052,0.335843,0.674838
760,6.333333,0.359034,0.335846,0.675658
761,6.341667,0.359040,0.335837,0.676525
762,6.350000,0.359042,0.335825,0.677454
763,6.358333,0.359033,0.335820,0.678359
764,6.366667,0.359009,0.335817,0.679276
765,6.375000,0.358995,0.335801,0.680207
766,6.383333,0.359009,0.335783,0.681106
767,6.391667,0.359008,0.335793,0.681986
768,6.400000,0.359008,0.335807,0.682796
769,6.408333,0.359006,0.335823,0.683650
770,6.416667,0.359006,0.335815,0.684507
771,6.425000,0.358999,0.335807,0.685378
772,6.433333,0.359001,0.335809,0.686288
773,6.441667,0.359026,0.335805,0.687189
774,6.450000,0.359023,0.335790,0.688114
775,6.458333,0.359019,0.335794,0.688968
776,6.466667,0.359004,0.335798,0.689824
777,6.475000,0.359010,0.335787,0.690676
778,6.483333,0.359041,0.335802,0.691534
779,6.491667,0.359018,0.335810,0.692369
780,6.500000,0.359024,0.335823,0.693207
781,6.508333,0.358991,0.335804,0.694084
782,6.516667,0.359026,0.335783,0.694956
783,6.525000,0.359010,0.335795,0.695819
784,6.533333,0.358990,0.335812,0.696665
785,6.541667,0.358973,0.335811,0.697545
786,6.550000,0.358945,0.335793,0.698433
787,6.558333,0.358939,0.335791,0.699282
788,6.566667,0.358943,0.335793,0.700186
789,6.575000,0.358964,0.335806,0.701100
790,6.583333,0.358951,0.335798,0.702010
791,6.591667,0.358933,0.335778,0.702911
792,6.600000,0.358940,0.335765,0.703795
793,6.608333,0.358948,0.335766,0.704695
794,6.616667,0.358979,0.335776,0.705554
795,6.625000,0.358959,0.335778,0.706397
796,6.633333,0.358939,0.335775,0.707229
797,6.641667,0.358928,0.335751,0.708076
798,6.650000,0.358951,0.335761,0.708936
799,6.658333,0.358964,0.335758,0.709749
800,6.666667,0.358964,0.335768,0.710601
801,6.675000,0.358972,0.335757,0.711409
802,6.683333,0.358951,0.335748,0.712218
803,6.691667,0.358966,0.335757,0.712987
804,6.700000,0.358990,0.335775,0.713833
805,6.708333,0.359013,0.335772,0.714645
806,6.716667,0.359002,0.335769,0.715500
807,6.725000,0.358993,0.335756,0.716385
808,6.733333,0.358981,0.335745,0.717273
809,6.741667,0.359006,0.335745,0.718178
810,6.750000,0.359024,0.335741,0.719004
811,6.758333,0.359033,0.335749,0.719841
812,6.766667,0.359027,0.335747,0.720626
813,6.775000,0.359009,0.335749,0.721417
814,6.783333,0.359023,0.335741,0.722180
815,6.791667,0.359041,0.335758,0.723007
816,6.800000,0.359035,0.335768,0.723823
817,6.808333,0.359034,0.335761,0.724661
818,6.816667,0.359010,0.335729,0.725550
819,6.825000,0.359014,0.335727,0.726416
820,6.833333,0.359015,0.335737,0.727262
821,6.841667,0.359037,0.335730,0.728062
822,6.850000,0.359043,0.335734,0.728894
823,6.858333,0.359042,0.335730,0.729692
824,6.866667,0.359025,0.335732,0.730477
825,6.875000,0.359024,0.335732,0.731292
826,6.883333,0.359061,0.335750,0.732131
827,6.891667,0.359061,0.335735,0.732962
828,6.900000,0.359047,0.335732,0.733794
829,6.908333,0.359010,0.335705,0.734643
830,6.916667,0.359011,0.335709,0.735454
831,6.925000,0.358988,0.335705,0.736255
832,6.933333,0.359011,0.335716,0.737043
833,6.941667,0.358999,0.335722,0.737831
834,6.950000,0.358985,0.335707,0.738575
835,6.958333,0.358971,0.335689,0.739363
836,6.966667,0.358975,0.335695,0.740139
837,6.975000,0.358964,0.335706,0.740875
838,6.983333,0.358992,0.335709,0.741631
839,6.991667,0.358999,0.335687,0.742382
840,7.000000,0.359006,0.335678,0.743104
841,7.008333,0.358992,0.335690,0.743861
842,7.016667,0.358989,0.335702,0.744605
843,7.025000,0.358988,0.335686,0.745337
844,7.033333,0.359011,0.335705,0.746122
845,7.041667,0.359011,0.335700,0.746888
846,7.050000,0.358992,0.335690,0.747644
847,7.058333,0.359006,0.335670,0.748418
848,7.066667,0.358990,0.335680,0.749196
849,7.075000,0.358981,0.335690,0.749916
850,7.083333,0.358971,0.335686,0.750676
851,7.091667,0.358976,0.335670,0.751407
852,7.100000,0.358960,0.335676,0.752165
853,7.108333,0.358980,0.335674,0.752892
854,7.116667,0.358971,0.335670,0.753612
855,7.125000,0.358975,0.335675,0.754302
856,7.133333,0.358956,0.335685,0.755017
857,7.141667,0.358961,0.335687,0.755674
858,7.150000,0.358954,0.335655,0.756371
859,7.158333,0.358962,0.335667,0.757047
860,7.166667,0.358959,0.335681,0.757737
861,7.175000,0.358972,0.335675,0.758450
862,7.183333,0.358969,0.335669,0.759097
863,7.191667,0.358956,0.335667,0.759794
864,7.200000,0.358954,0.335680,0.760453
865,7.208333,0.358960,0.335669,0.761138
866,7.216667,0.358982,0.335668,0.761798
867,7.225000,0.358968,0.335668,0.762488
868,7.233333,0.358975,0.335689,0.763197
869,7.241667,0.358939,0.335678,0.763908
870,7.250000,0.358945,0.335651,0.764623
871,7.258333,0.358928,0.335637,0.765368
872,7.266667,0.358924,0.335651,0.766050
873,7.275000,0.358938,0.335655,0.766765
874,7.283333,0.358952,0.335652,0.767401
875,7.291667,0.358964,0.335664,0.768028
876,7.300000,0.358956,0.335656,0.768654
877,7.308333,0.358950,0.335658,0.769238
878,7.316667,0.358944,0.335660,0.769893
879,7.325000,0.358941,0.335651,0.770489
880,7.333333,0.358938,0.335654,0.771168
881,7.341667,0.358941,0.335664,0.771789
882,7.350000,0.358934,0.335669,0.772442
883,7.358333,0.358918,0.335650,0.773074
884,7.366667,0.358913,0.335649,0.773685
885,7.375000,0.358916,0.335648,0.774321
886,7.383333,0.358919,0.335650,0.774918
887,7.391667,0.358923,0.335669,0.775609
888,7.400000,0.358923,0.335657,0.776229
889,7.408333,0.358937,0.335653,0.776923
890,7.416667,0.358937,0.335645,0.777598
891,7.425000,0.358890,0.335636,0.778263
892,7.433333,0.358900,0.335646,0.778907
893,7.441667,0.358907,0.335627,0.779486
894,7.450000,0.358902,0.335632,0.780101
895,7.458333,0.358905,0.335657,0.780656
896,7.466667,0.358899,0.335664,0.781269
897,7.475000,0.358908,0.335652,0.781834
898,7.483333,0.358913,0.335629,0.782456
899,7.491667,0.358900,0.335627,0.783067
900,7.500000,0.358902,0.335635,0.783695
901,7.508333,0.358884,0.335630,0.784294
902,7.516667,0.358902,0.335630,0.784890
903,7.525000,0.358899,0.335627,0.785455
904,7.533333,0.358895,0.335632,0.786016
905,7.541667,0.358913,0.335637,0.786570
906,7.550000,0.358900,0.335630,0.787134
907,7.558333,0.358917,0.335612,0.787661
908,7.566667,0.358922,0.335612,0.788220
909,7.575000,0.358901,0.335611,0.788738
910,7.583333,0.358914,0.335620,0.789268
911,7.591667,0.358912,0.335639,0.789743
912,7.600000,0.358919,0.335643,0.790250
913,7.608333,0.358923,0.335633,0.790712
914,7.616667,0.358913,0.335632,0.791235
915,7.625000,0.358912,0.335619,0.791764
916,7.633333,0.358918,0.335626,0.792308
917,7.641667,0.358902,0.335621,0.792862
918,7.650000,0.358891,0.335621,0.793351
919,7.658333,0.358906,0.335632,0.793848
920,7.666667,0.358884,0.335630,0.794295
921,7.675000,0.358894,0.335632,0.794737
922,7.683333,0.358895,0.335643,0.795161
923,7.691667,0.358885,0.335656,0.795656
924,7.700000,0.358885,0.335650,0.796152
925,7.708333,0.358880,0.335643,0.796642
926,7.716667,0.358886,0.335628,0.797201
927,7.725000,0.358893,0.335621,0.797701
928,7.733333,0.358892,0.335640,0.798232
929,7.741667,0.358863,0.335648,0.798713
930,7.750000,0.358857,0.335637,0.799178
931,7.758333,0.358852,0.335630,0.799625
932,7.766667,0.358856,0.335636,0.800051
933,7.775000,0.358869,0.335635,0.800491
934,7.783333,0.358881,0.335631,0.800921
935,7.791667,0.358869,0.335666,0.801432
936,7.800000,0.358871,0.335666,0.801908
937,7.808333,0.358877,0.335653,0.802414
938,7.816667,0.358873,0.335647,0.802933
939,7.825000,0.358878,0.335643,0.803442
940,7.833333,0.358872,0.335634,0.803961
941,7.841667,0.358857,0.335637,0.804493
942,7.850000,0.358863,0.335655,0.805031
943,7.858333,0.358852,0.335642,0.805560
944,7.866667,0.358866,0.335633,0.806118
945,7.875000,0.358862,0.335634,0.806621
946,7.883333,0.358867,0.335640,0.807181
947,7.891667,0.358865,0.335640,0.807652
948,7.900000,0.358863,0.335626,0.808103
949,7.908333,0.358847,0.335620,0.808533
950,7.916667,0.358833,0.335625,0.808899
951,7.925000,0.358844,0.335647,0.809268
952,7.933333,0.358836,0.335643,0.809658
953,7.941667,0.358836,0.335648,0.810047
954,7.950000,0.358868,0.335658,0.810503
955,7.958333,0.358886,0.335671,0.810934
956,7.966667,0.358877,0.335641,0.811418
957,7.975000,0.358888,0.335638,0.811870
958,7.983333,0.358885,0.335617,0.812293
959,7.991667,0.358882,0.335614,0.812726
960,8.000000,0.358881,0.335607,0.813101
961,8.008333,0.358881,0.335610,0.813451
962,8.016667,0.358889,0.335632,0.813799
963,8.025000,0.358875,0.335638,0.814170
964,8.033333,0.358874,0.335648,0.814490
965,8.041667,0.358880,0.335644,0.814854
966,8.050000,0.358889,0.335645,0.815248
967,8.058333,0.358883,0.335642,0.815653
968,8.066667,0.358891,0.335642,0.816109
969,8.075000,0.358902,0.335645,0.816559
970,8.083333,0.358891,0.335631,0.817049
971,8.091667,0.358899,0.335617,0.817506
972,8.100000,0.358905,0.335611,0.817930
973,8.108333,0.358917,0.335623,0.818394
974,8.116667,0.358912,0.335637,0.818808
975,8.125000,0.358908,0.335648,0.819233
976,8.133333,0.358912,0.335667,0.819720
977,8.141667,0.358915,0.335650,0.820210
978,8.150000,0.358925,0.335638,0.820737
979,8.158333,0.358904,0.335620,0.821286
980,8.166667,0.358919,0.335612,0.821825
981,8.175000,0.358915,0.335620,0.822329
982,8.183333,0.358919,0.335636,0.822849
983,8.191667,0.358915,0.335632,0.823318
984,8.200000,0.358918,0.335639,0.823809
985,8.208333,0.358908,0.335661,0.824327
986,8.216667,0.358904,0.335654,0.824851
987,8.225000,0.358895,0.335647,0.825422
988,8.233333,0.358920,0.335642,0.826005
989,8.241667,0.358933,0.335629,0.826569
990,8.250000,0.358923,0.335631,0.827157
991,8.258333,0.358920,0.335634,0.827711
992,8.266667,0.358910,0.335649,0.828314
993,8.275000,0.358901,0.335657,0.828883
994,8.283333,0.358892,0.335648,0.829512
995,8.291667,0.358885,0.335626,0.830131
996,8.300000,0.358891,0.335622,0.830777
997,8.308333,0.358895,0.335629,0.831409
998,8.316667,0.358905,0.335645,0.832057
999,8.325000,0.358905,0.335637,0.832682
1000,8.333333,0.358921,0.335643,0.833276
1001,8.341667,0.358904,0.335642,0.833926
1002,8.350000,0.358894,0.335645,0.834551
1003,8.358333,0.358904,0.335652,0.835241
1004,8.366667,0.358915,0.335631,0.835908
1005,8.375000,0.358918,0.335628,0.836612
1006,8.383333,0.358913,0.335632,0.837310
1007,8.391667,0.358906,0.335630,0.837986
1008,8.400000,0.358903,0.335612,0.838647
1009,8.408333,0.358912,0.335614,0.839261
1010,8.416667,0.358911,0.335622,0.839893
1011,8.425000,0.358918,0.335638,0.840515
1012,8.433333,0.358938,0.335654,0.841156
1013,8.441667,0.358943,0.335647,0.841827
1014,8.450000,0.358925,0.335616,0.842493
1015,8.458333,0.358925,0.335604,0.843137
1016,8.466667,0.358929,0.335617,0.843794
1017,8.475000,0.358925,0.335617,0.844393
1018,8.483333,0.358922,0.335629,0.844963
1019,8.491667,0.358935,0.335624,0.845504
1020,8.500000,0.358935,0.335636,0.846038
1021,8.508333,0.358929,0.335650,0.846609
1022,8.516667,0.358929,0.335651,0.847214
1023,8.525000,0.358919,0.335630,0.847821
1024,8.533333,0.358943,0.335614,0.848465
1025,8.541667,0.358935,0.335611,0.849045
1026,8.550000,0.358940,0.335623,0.849679
1027,8.558333,0.358935,0.335616,0.850219
1028,8.566667,0.358924,0.335627,0.850781
1029,8.575000,0.358922,0.335622,0.851302
1030,8.583333,0.358924,0.335622,0.851845
1031,8.591667,0.358920,0.335616,0.852391
1032,8.600000,0.358934,0.335638,0.852982
1033,8.608333,0.358930,0.335637,0.853565
1034,8.616667,0.358952,0.335622,0.854192
1035,8.625000,0.358928,0.335596,0.854797
1036,8.633333,0.358925,0.335593,0.855379
1037,8.641667,0.358920,0.335623,0.855955
1038,8.650000,0.358900,0.335622,0.856528
1039,8.658333,0.358921,0.335638,0.857122
1040,8.666667,0.358909,0.335628,0.857723
1041,8.675000,0.358917,0.335620,0.858387
1042,8.683333,0.358896,0.335609,0.859059
1043,8.691667,0.358888,0.335598,0.859742
1044,8.700000,0.358879,0.335592,0.860394
1045,8.708333,0.358891,0.335566,0.861013
1046,8.716667,0.358898,0.335578,0.861602
1047,8.725000,0.358887,0.335595,0.862132
1048,8.733333,0.358890,0.335617,0.862667
1049,8.741667,0.358882,0.335633,0.863186
1050,8.750000,0.358890,0.335608,0.863741
1051,8.758333,0.358884,0.335603,0.864288
1052,8.766667,0.358894,0.335608,0.864868
1053,8.775000,0.358884,0.335599,0.865431
1054,8.783333,0.358877,0.335593,0.866003
1055,8.791667,0.358865,0.335595,0.866506
1056,8.800000,0.358864,0.335593,0.866979
1057,8.808333,0.358880,0.335600,0.867421
1058,8.816667,0.358868,0.335600,0.867815
1059,8.825000,0.358873,0.335617,0.868239
1060,8.833333,0.358862,0.335635,0.868683
1061,8.841667,0.358868,0.335640,0.869159
1062,8.850000,0.358865,0.335625,0.869702
1063,8.858333,0.358867,0.335622,0.870253
1064,8.866667,0.358861,0.335621,0.870814
1065,8.875000,0.358850,0.335614,0.871397
1066,8.883333,0.358844,0.335615,0.871931
1067,8.891667,0.358845,0.335608,0.872466
1068,8.900000,0.358841,0.335612,0.872971
1069,8.908333,0.358854,0.335608,0.873455
1070,8.916667,0.358852,0.335617,0.873978
1071,8.925000,0.358857,0.335631,0.874484
1072,8.933333,0.358852,0.335639,0.875071
1073,8.941667,0.358847,0.335632,0.875674
1074,8.950000,0.358845,0.335613,0.876303
1075,8.958333,0.358839,0.335595,0.876950
1076,8.966667,0.358837,0.335587,0.877552
1077,8.975000,0.358841,0.335593,0.878179
1078,8.983333,0.358846,0.335616,0.878735
1079,8.991667,0.358855,0.335625,0.879310
1080,9.000000,0.358860,0.335614,0.879854
1081,9.008333,0.358859,0.335611,0.880417
1082,9.016667,0.358833,0.335623,0.880999
1083,9.025000,0.358843,0.335618,0.881613
1084,9.033333,0.358842,0.335604,0.882236
1085,9.041667,0.358851,0.335590,0.882912
1086,9.050000,0.358857,0.335587,0.883569
1087,9.058333,0.358871,0.335596,0.884180
1088,9.066667,0.358871,0.335584,0.884799
1089,9.075000,0.358856,0.335576,0.885381
1090,9.083333,0.358863,0.335595,0.885963
1091,9.091667,0.358852,0.335602,0.886525
1092,9.100000,0.358838,0.335618,0.887113
1093,9.108333,0.358831,0.335618,0.887723
1094,9.116667,0.358845,0.335608,0.888379
1095,9.125000,0.358851,0.335591,0.889044
1096,9.133333,0.358845,0.335566,0.889657
1097,9.141667,0.358862,0.335567,0.890271
1098,9.150000,0.358863,0.335580,0.890802
1099,9.158333,0.358874,0.335588,0.891346
1100,9.166667,0.358861,0.335604,0.891805
1101,9.175000,0.358855,0.335614,0.892317
1102,9.183333,0.358840,0.335626,0.892825
1103,9.191667,0.358839,0.335609,0.893414
1104,9.200000,0.358839,0.335578,0.893996
1105,9.208333,0.358862,0.335588,0.894602
1106,9.216667,0.358874,0.335580,0.895146
1107,9.225000,0.358878,0.335591,0.895674
1108,9.233333,0.358873,0.335600,0.896119
1109,9.241667,0.358868,0.335603,0.896578
1110,9.250000,0.358866,0.335612,0.897043
1111,9.258333,0.358855,0.335606,0.897536
1112,9.266667,0.358857,0.335596,0.898067
1113,9.275000,0.358848,0.335593,0.898615
1114,9.283333,0.358858,0.335585,0.899170
1115,9.291667,0.358855,0.335572,0.899680
1116,9.300000,0.358875,0.335575,0.900183
1117,9.308333,0.358880,0.335576,0.900616
1118,9.316667,0.358885,0.335583,0.901053
1119,9.325000,0.358868,0.335599,0.901462
1120,9.333333,0.358845,0.335612,0.901872
1121,9.341667,0.358833,0.335618,0.902336
1122,9.350000,0.358825,0.335597,0.902802
1123,9.358333,0.358831,0.335584,0.903311
1124,9.366667,0.358819,0.335579,0.903764
1125,9.375000,0.358816,0.335566,0.904214
1126,9.383333,0.358824,0.335579,0.904598
1127,9.391667,0.358815,0.335608,0.904930
1128,9.400000,0.358810,0.335612,0.905266
1129,9.408333,0.358819,0.335626,0.905578
1130,9.416667,0.358825,0.335620,0.905905
1131,9.425000,0.358837,0.335613,0.906291
1132,9.433333,0.358843,0.335606,0.906703
1133,9.441667,0.358847,0.335583,0.907104
1134,9.450000,0.358849,0.335595,0.907493
1135,9.458333,0.358845,0.335594,0.907840
1136,9.466667,0.358835,0.335601,0.908127
1137,9.475000,0.358836,0.335621,0.908391
1138,9.483333,0.358824,0.335641,0.908679
1139,9.491667,0.358828,0.335655,0.908980
1140,9.500000,0.358829,0.335648,0.909327
1141,9.508333,0.358819,0.335636,0.909770
1142,9.516667,0.358811,0.335609,0.910227
1143,9.525000,0.358815,0.335608,0.910718
1144,9.533333,0.358817,0.335603,0.911186
1145,9.541667,0.358823,0.335612,0.911589
1146,9.550000,0.358839,0.335626,0.912017
1147,9.558333,0.358839,0.335634,0.912375
1148,9.566667,0.358858,0.335629,0.912781
1149,9.575000,0.358866,0.335643,0.913225
1150,9.583333,0.358857,0.335645,0.913708
1151,9.591667,0.358832,0.335634,0.914231
1152,9.600000,0.358820,0.335621,0.914790
1153,9.608333,0.358823,0.335612,0.915367
1154,9.616667,0.358826,0.335594,0.915894
1155,9.625000,0.358827,0.335592,0.916440
1156,9.633333,0.358822,0.335613,0.916906
1157,9.641667,0.358826,0.335635,0.917406
1158,9.650000,0.358818,0.335655,0.917876
1159,9.658333,0.358827,0.335643,0.918422
1160,9.666667,0.358829,0.335625,0.918976
1161,9.675000,0.358841,0.335631,0.919596
1162,9.683333,0.358823,0.335621,0.920187
1163,9.691667,0.358819,0.335620,0.920814
1164,9.700000,0.358824,0.335614,0.921394
1165,9.708333,0.358837,0.335613,0.921965
1166,9.716667,0.358837,0.335603,0.922491
1167,9.725000,0.358842,0.335616,0.923019
1168,9.733333,0.358846,0.335645,0.923536
1169,9.741667,0.358849,0.335651,0.924112
1170,9.750000,0.358851,0.335641,0.924700
1171,9.758333,0.358856,0.335631,0.925319
1172,9.766667,0.358830,0.335619,0.925950
1173,9.775000,0.358803,0.335620,0.926559
1174,9.783333,0.358793,0.335617,0.927162
1175,9.791667,0.358787,0.335610,0.927731
1176,9.800000,0.358797,0.335619,0.928305
1177,9.808333,0.358796,0.335632,0.928816
1178,9.816667,0.358819,0.335637,0.929389
1179,9.825000,0.358810,0.335643,0.929933
1180,9.833333,0.358800,0.335637,0.930533
1181,9.841667,0.358787,0.335616,0.931119
1182,9.850000,0.358784,0.335616,0.931713
1183,9.858333,0.358779,0.335615,0.932264
1184,9.866667,0.358772,0.335630,0.932809
1185,9.875000,0.358764,0.335628,0.933318
1186,9.883333,0.358790,0.335632,0.933846
1187,9.891667,0.358802,0.335630,0.934360
1188,9.900000,0.358803,0.335633,0.934877
1189,9.908333,0.358801,0.335640,0.935393
1190,9.916667,0.358798,0.335633,0.935933
1191,9.925000,0.358808,0.335633,0.936462
1192,9.933333,0.358821,0.335616,0.937011
1193,9.941667,0.358820,0.335611,0.937488
1194,9.950000,0.358821,0.335623,0.937963
1195,9.958333,0.358835,0.335642,0.938388
1196,9.966667,0.358850,0.335643,0.938810
1197,9.975000,0.358869,0.335640,0.939211
1198,9.983333,0.358889,0.335635,0.939635
1199,9.991667,0.358922,0.335644,0.940087
1200,10.000000,0.358920,0.335635,0.940561
1201,10.008333,0.358897,0.335647,0.941058
1202,10.016667,0.358881,0.335641,0.941521
1203,10.025000,0.358867,0.335649,0.942003
1204,10.033333,0.358880,0.335637,0.942467
1205,10.041667,0.358872,0.335621,0.942897
1206,10.050000,0.358865,0.335626,0.943328
1207,10.058333,0.358848,0.335626,0.943722
1208,10.066667,0.358850,0.335643,0.944129
1209,10.075000,0.358858,0.335648,0.944563
1210,10.083333,0.358853,0.335656,0.944993
1211,10.091667,0.358869,0.335646,0.945471
1212,10.100000,0.358884,0.335632,0.945923
1213,10.108333,0.358891,0.335618,0.946399
1214,10.116667,0.358897,0.335637,0.946836
1215,10.125000,0.358883,0.335634,0.947263
1216,10.133333,0.358876,0.335637,0.947685
1217,10.141667,0.358876,0.335629,0.948103
1218,10.150000,0.358882,0.335637,0.948547
1219,10.158333,0.358879,0.335634,0.948986
1220,10.166667,0.358880,0.335627,0.949428
1221,10.175000,0.358860,0.335639,0.949883
1222,10.183333,0.358852,0.335643,0.950328
1223,10.191667,0.358859,0.335638,0.950785
1224,10.200000,0.358872,0.335637,0.951203
1225,10.208333,0.358878,0.335624,0.951628
1226,10.216667,0.358878,0.335618,0.952024
1227,10.225000,0.358873,0.335616,0.952415
1228,10.233333,0.358872,0.335628,0.952816
1229,10.241667,0.358874,0.335635,0.953194
1230,10.250000,0.358869,0.335638,0.953563
1231,10.258333,0.358872,0.335631,0.953975
1232,10.266667,0.358871,0.335624,0.954339
1233,10.275000,0.358867,0.335616,0.954704
1234,10.283333,0.358872,0.335612,0.955078
1235,10.291667,0.358876,0.335623,0.955404
1236,10.300000,0.358875,0.335609,0.955732
1237,10.308333,0.358869,0.335625,0.956047
1238,10.316667,0.358864,0.335627,0.956351
1239,10.325000,0.358857,0.335621,0.956653
1240,10.333333,0.358869,0.335631,0.956984
1241,10.341667,0.358872,0.335626,0.957306
1242,10.350000,0.358876,0.335627,0.957613
1243,10.358333,0.358882,0.335619,0.957918
1244,10.366667,0.358890,0.335620,0.958241
1245,10.375000,0.358889,0.335610,0.958509
1246,10.383333,0.358891,0.335614,0.958773
1247,10.391667,0.358879,0.335617,0.959024
1248,10.400000,0.358880,0.335621,0.959263
1249,10.408333,0.358875,0.335623,0.959460
1250,10.416667,0.358868,0.335639,0.959653
1251,10.425000,0.358857,0.335637,0.959839
1252,10.433333,0.358857,0.335635,0.960043
1253,10.441667,0.358856,0.335626,0.960262
1254,10.450000,0.358860,0.335617,0.960479
1255,10.458333,0.358859,0.335604,0.960682
1256,10.466667,0.358857,0.335592,0.960858
1257,10.475000,0.358856,0.335596,0.961017
1258,10.483333,0.358857,0.335601,0.961160
1259,10.491667,0.358861,0.335604,0.961290
1260,10.500000,0.358854,0.335611,0.961399
1261,10.508333,0.358857,0.335620,0.961508
1262,10.516667,0.358858,0.335621,0.961619
1263,10.525000,0.358865,0.335615,0.961729
1264,10.533333,0.358863,0.335609,0.961839
1265,10.541667,0.358862,0.335608,0.961921
1266,10.550000,0.358872,0.335612,0.961957
1267,10.558333,0.358865,0.335611,0.961945
1268,10.566667,0.358868,0.335613,0.961908
1269,10.575000,0.358868,0.335630,0.961842
1270,10.583333,0.358875,0.335640,0.961793
1271,10.591667,0.358883,0.335642,0.961765
1272,10.600000,0.358887,0.335648,0.961769
1273,10.608333,0.358906,0.335641,0.961814
1274,10.616667,0.358920,0.335642,0.961867
1275,10.625000,0.358939,0.335638,0.961905
1276,10.633333,0.358959,0.335640,0.961910
1277,10.641667,0.358974,0.335649,0.961884
1278,10.650000,0.358990,0.335659,0.961835
1279,10.658333,0.359012,0.335665,0.961788
1280,10.666667,0.359023,0.335686,0.961748
1281,10.675000,0.359039,0.335686,0.961737
1282,10.683333,0.359049,0.335689,0.961752
1283,10.691667,0.359060,0.335690,0.961791
1284,10.700000,0.359066,0.335682,0.961833
1285,10.708333,0.359082,0.335683,0.961859
1286,10.716667,0.359091,0.335689,0.961853
1287,10.725000,0.359099,0.335692,0.961835
1288,10.733333,0.359115,0.335701,0.961801
1289,10.741667,0.359118,0.335712,0.961769
1290,10.750000,0.359137,0.335719,0.961753
1291,10.758333,0.359148,0.335714,0.961758
1292,10.766667,0.359159,0.335718,0.961778
1293,10.775000,0.359163,0.335710,0.961813
1294,10.783333,0.359174,0.335705,0.961835
1295,10.791667,0.359169,0.335700,0.961841
1296,10.800000,0.359176,0.335706,0.961838
1297,10.808333,0.359170,0.335711,0.961813
1298,10.816667,0.359172,0.335711,0.961787
1299,10.825000,0.359170,0.335719,0.961768
1300,10.833333,0.359176,0.335722,0.961760
1301,10.841667,0.359179,0.335716,0.961776
1302,10.850000,0.359178,0.335710,0.961795
1303,10.858333,0.359174,0.335707,0.961813
1304,10.866667,0.359178,0.335707,0.961830
1305,10.875000,0.359182,0.335704,0.961838
1306,10.883333,0.359175,0.335709,0.961824
1307,10.891667,0.359175,0.335711,0.961804
1308,10.900000,0.359178,0.335715,0.961780
1309,10.908333,0.359174,0.335721,0.961771
1310,10.916667,0.359163,0.335721,0.961769
1311,10.925000,0.359148,0.335716,0.961780
1312,10.933333,0.359137,0.335709,0.961801
1313,10.941667,0.359135,0.335706,0.961819
1314,10.950000,0.359131,0.335710,0.961830
1315,10.958333,0.359116,0.335712,0.961820
1316,10.966667,0.359127,0.335704,0.961804
1317,10.975000,0.359132,0.335716,0.961788
1318,10.983333,0.359136,0.335721,0.961772
1319,10.991667,0.359128,0.335716,0.961763
1320,11.000000,0.359125,0.335718,0.961765
1321,11.008333,0.359132,0.335717,0.961787
1322,11.016667,0.359129,0.335709,0.961800
1323,11.025000,0.359140,0.335701,0.961813
1324,11.033333,0.359135,0.335704,0.961818
1325,11.041667,0.359130,0.335710,0.961810
1326,11.050000,0.359131,0.335715,0.961796
1327,11.058333,0.359128,0.335720,0.961780
1328,11.066667,0.359129,0.335717,0.961767
1329,11.075000,0.359131,0.335720,0.961769
1330,11.083333,0.359131,0.335717,0.961778
1331,11.091667,0.359134,0.335710,0.961792
1332,11.100000,0.359133,0.335710,0.961814
1333,11.108333,0.359133,0.335708,0.961815
1334,11.116667,0.359127,0.335710,0.961810
1335,11.125000,0.359129,0.335714,0.961801
1336,11.133333,0.359133,0.335716,0.961788
1337,11.141667,0.359132,0.335715,0.961775
1338,11.150000,0.359125,0.335718,0.961769
1339,11.158333,0.359128,0.335718,0.961776
1340,11.166667,0.359129,0.335716,0.961791
1341,11.175000,0.359129,0.335711,0.961803
1342,11.183333,0.359130,0.335709,0.961812
1343,11.191667,0.359133,0.335712,0.961812
1344,11.200000,0.359132,0.335712,0.961805
1345,11.208333,0.359129,0.335704,0.961796
1346,11.216667,0.359125,0.335716,0.961782
1347,11.225000,0.359127,0.335719,0.961776
1348,11.233333,0.359135,0.335718,0.961776
1349,11.241667,0.359132,0.335707,0.961781
1350,11.250000,0.359127,0.335715,0.961797
1351,11.258333,0.359131,0.335712,0.961806
1352,11.266667,0.359131,0.335707,0.961813
1353,11.275000,0.359130,0.335710,0.961808
1354,11.283333,0.359132,0.335713,0.961800
1355,11.291667,0.359130,0.335714,0.961789
1356,11.300000,0.359138,0.335711,0.961780
1357,11.308333,0.359136,0.335713,0.961778
1358,11.316667,0.359140,0.335716,0.961784
1359,11.325000,0.359132,0.335714,0.961794
1360,11.333333,0.359136,0.335708,0.961800
1361,11.341667,0.359138,0.335714,0.961808
1362,11.350000,0.359139,0.335707,0.961809
1363,11.358333,0.359136,0.335710,0.961806
1364,11.366667,0.359136,0.335709,0.961794
1365,11.375000,0.359135,0.335708,0.961790
1366,11.383333,0.359133,0.335708,0.961783
1367,11.391667,0.359139,0.335707,0.961787
1368,11.400000,0.359147,0.335712,0.961791
1369,11.408333,0.359139,0.335706,0.961794
1370,11.416667,0.359142,0.335713,0.961800
1371,11.425000,0.359143,0.335709,0.961806
1372,11.433333,0.359136,0.335715,0.961803
1373,11.441667,0.359139,0.335713,0.961793
1374,11.450000,0.359140,0.335712,0.961790
1375,11.458333,0.359133,0.335712,0.961785
1376,11.466667,0.359141,0.335715,0.961786
1377,11.475000,0.359130,0.335715,0.961788
1378,11.483333,0.359140,0.335709,0.961792
1379,11.491667,0.359135,0.335713,0.961797
1380,11.500000,0.359138,0.335712,0.961802
1381,11.508333,0.359136,0.335708,0.961798
1382,11.516667,0.359137,0.335716,0.961795
1383,11.525000,0.359134,0.335710,0.961787
1384,11.533333,0.359139,0.335714,0.961789
1385,11.541667,0.359137,0.335713,0.961788
1386,11.550000,0.359140,0.335717,0.961790
1387,11.558333,0.359135,0.335717,0.961786
1388,11.566667,0.359136,0.335716,0.961792
1389,11.575000,0.359136,0.335711,0.961799
1390,11.583333,0.359134,0.335715,0.961797
1391,11.591667,0.359132,0.335710,0.961793
1392,11.600000,0.359133,0.335716,0.961790
1393,11.608333,0.359139,0.335707,0.961789
1394,11.616667,0.359135,0.335714,0.961786
1395,11.625000,0.359139,0.335711,0.961785
1396,11.633333,0.359134,0.335716,0.961788
1397,11.641667,0.359135,0.335712,0.961791
1398,11.650000,0.359138,0.335711,0.961795
1399,11.658333,0.359137,0.335711,0.961798
1400,11.666667,0.359133,0.335712,0.961793
1401,11.675000,0.359135,0.335716,0.961792
1402,11.683333,0.359136,0.335719,0.961789
1403,11.691667,0.359135,0.335713,0.961784
1404,11.700000,0.359130,0.335715,0.961782
1405,11.708333,0.359132,0.335713,0.961785
1406,11.716667,0.359138,0.335716,0.961791
1407,11.725000,0.359138,0.335711,0.961794
1408,11.733333,0.359138,0.335709,0.961792
1409,11.741667,0.359133,0.335712,0.961792
1410,11.750000,0.359140,0.335705,0.961792
1411,11.758333,0.359133,0.335715,0.961783
1412,11.766667,0.359138,0.335709,0.961780
1413,11.775000,0.359139,0.335713,0.961775
1414,11.783333,0.359137,0.335713,0.961776
1415,11.791667,0.359132,0.335712,0.961777
1416,11.800000,0.359132,0.335711,0.961777
1417,11.808333,0.359132,0.335710,0.961780
1418,11.816667,0.359133,0.335705,0.961785
1419,11.825000,0.359138,0.335714,0.961792
1420,11.833333,0.359139,0.335713,0.961788
1421,11.841667,0.359134,0.335712,0.961781
1422,11.850000,0.359128,0.335714,0.961773
1423,11.858333,0.359134,0.335716,0.961780
1424,11.866667,0.359138,0.335714,0.961779
1425,11.875000,0.359136,0.335707,0.961773
1426,11.883333,0.359131,0.335709,0.961767
1427,11.891667,0.359138,0.335712,0.961771
1428,11.900000,0.359138,0.335712,0.961772
1429,11.908333,0.359137,0.335715,0.961762
1430,11.916667,0.359139,0.335717,0.961754
1431,11.925000,0.359136,0.335711,0.961749
1432,11.933333,0.359133,0.335720,0.961743
1433,11.941667,0.359136,0.335713,0.961745
1434,11.950000,0.359141,0.335714,0.961743
1435,11.958333,0.359139,0.335716,0.961748
1436,11.966667,0.359136,0.335715,0.961757
1437,11.975000,0.359136,0.335710,0.961772
1438,11.983333,0.359141,0.335710,0.961776
1439,11.991667,0.359135,0.335714,0.961772
1440,12.000000,0.359137,0.335713,0.961760
1441,12.008333,0.359137,0.335711,0.961745
1442,12.016667,0.359141,0.335724,0.961726
1443,12.025000,0.359138,0.335724,0.961707
1444,12.033333,0.359132,0.335725,0.961701
1445,12.041667,0.359137,0.335724,0.961706
1446,12.050000,0.359140,0.335718,0.961714
1447,12.058333,0.359134,0.335719,0.961713
1448,12.066667,0.359132,0.335720,0.961708
1449,12.075000,0.359139,0.335718,0.961693
1450,12.083333,0.359139,0.335725,0.961670
1451,12.091667,0.359140,0.335727,0.961645
1452,12.100000,0.359139,0.335731,0.961613
1453,12.108333,0.359137,0.335736,0.961589
1454,12.116667,0.359141,0.335736,0.961586
1455,12.125000,0.359140,0.335733,0.961587
1456,12.133333,0.359134,0.335734,0.961587
1457,12.141667,0.359137,0.335730,0.961597
1458,12.150000,0.359141,0.335732,0.961606
1459,12.158333,0.359139,0.335731,0.961607
1460,12.166667,0.359143,0.335730,0.961595
1461,12.175000,0.359136,0.335737,0.961578
1462,12.183333,0.359137,0.335734,0.961562
1463,12.191667,0.359139,0.335739,0.961546
1464,12.200000,0.359145,0.335738,0.961532
1465,12.208333,0.359141,0.335735,0.961520
1466,12.216667,0.359145,0.335743,0.961518
1467,12.225000,0.359144,0.335741,0.961526
1468,12.233333,0.359141,0.335734,0.961536
1469,12.241667,0.359140,0.335735,0.961544
1470,12.250000,0.359144,0.335735,0.961560
1471,12.258333,0.359144,0.335732,0.961575
1472,12.266667,0.359135,0.335733,0.961581
1473,12.275000,0.359138,0.335731,0.961574
1474,12.283333,0.359141,0.335737,0.961547
1475,12.291667,0.359143,0.335741,0.961526
1476,12.300000,0.359147,0.335742,0.961501
1477,12.308333,0.359146,0.335749,0.961488
1478,12.316667,0.359143,0.335746,0.961484
1479,12.325000,0.359137,0.335746,0.961490
1480,12.333333,0.359144,0.335741,0.961509
1481,12.341667,0.359141,0.335738,0.961536
1482,12.350000,0.359138,0.335734,0.961545
1483,12.358333,0.359141,0.335733,0.961540
1484,12.366667,0.359149,0.335738,0.961520
1485,12.375000,0.359144,0.335745,0.961490
1486,12.383333,0.359143,0.335746,0.961457
1487,12.391667,0.359139,0.335750,0.961436
1488,12.400000,0.359144,0.335751,0.961430
1489,12.408333,0.359151,0.335754,0.961447
1490,12.416667,0.359145,0.335740,0.961466
1491,12.425000,0.359144,0.335735,0.961491
1492,12.433333,0.359141,0.335741,0.961504
1493,12.441667,0.359151,0.335734,0.961501
1494,12.450000,0.359140,0.335740,0.961485
1495,12.458333,0.359148,0.335746,0.961458
1496,12.466667,0.359143,0.335754,0.961437
1497,12.475000,0.359145,0.335748,0.961429
1498,12.483333,0.359147,0.335744,0.961435
1499,12.491667,0.359148,0.335747,0.961450
1500,12.500000,0.359143,0.335746,0.961462
1501,12.508333,0.359145,0.335741,0.961472
1502,12.516667,0.359147,0.335739,0.961465
1503,12.525000,0.359152,0.335745,0.961442
1504,12.533333,0.359143,0.335752,0.961407
1505,12.541667,0.359147,0.335750,0.961375
1506,12.550000,0.359151,0.335751,0.961351
1507,12.558333,0.359146,0.335761,0.961331
1508,12.566667,0.359151,0.335753,0.961319
1509,12.575000,0.359154,0.335750,0.961303
1510,12.583333,0.359156,0.335752,0.961289
1511,12.591667,0.359152,0.335759,0.961287
1512,12.600000,0.359160,0.335759,0.961302
1513,12.608333,0.359151,0.335749,0.961334
1514,12.616667,0.359150,0.335747,0.961377
1515,12.625000,0.359155,0.335745,0.961411
1516,12.633333,0.359152,0.335739,0.961430
1517,12.641667,0.359154,0.335737,0.961409
1518,12.650000,0.359155,0.335750,0.961365
1519,12.658333,0.359152,0.335752,0.961311
1520,12.666667,0.359160,0.335752,0.961265
1521,12.675000,0.359156,0.335760,0.961247
1522,12.683333,0.359159,0.335763,0.961258
1523,12.691667,0.359155,0.335755,0.961294
1524,12.700000,0.359147,0.335747,0.961332
1525,12.708333,0.359155,0.335740,0.961365
1526,12.716667,0.359151,0.335743,0.961369
1527,12.725000,0.359154,0.335746,0.961351
1528,12.733333,0.359152,0.335748,0.961314
1529,12.741667,0.359153,0.335758,0.961274
1530,12.750000,0.359154,0.335761,0.961245
1531,12.758333,0.359149,0.335762,0.961246
1532,12.766667,0.359153,0.335760,0.961254
1533,12.775000,0.359154,0.335759,0.961273
1534,12.783333,0.359157,0.335754,0.961285
1535,12.791667,0.359158,0.335754,0.961275
1536,12.800000,0.359156,0.335760,0.961255
1537,12.808333,0.359151,0.335762,0.961224
1538,12.816667,0.359149,0.335769,0.961200
1539,12.825000,0.359149,0.335765,0.961190
1540,12.833333,0.359151,0.335765,0.961217
1541,12.841667,0.359153,0.335757,0.961260
1542,12.850000,0.359152,0.335748,0.961303
1543,12.858333,0.359156,0.335750,0.961331
1544,12.866667,0.359157,0.335745,0.961321
1545,12.875000,0.359153,0.335752,0.961273
1546,12.883333,0.359152,0.335765,0.961205
1547,12.891667,0.359152,0.335771,0.961144
1548,12.900000,0.359149,0.335776,0.961099
1549,12.908333,0.359150,0.335775,0.961114
1550,12.916667,0.359148,0.335769,0.961169
1551,12.925000,0.359155,0.335759,0.961265
1552,12.933333,0.359153,0.335746,0.961347
1553,12.941667,0.359156,0.335734,0.961386
1554,12.950000,0.359157,0.335740,0.961367
1555,12.958333,0.359157,0.335749,0.961289
1556,12.966667,0.359154,0.335767,0.961182
1557,12.975000,0.359143,0.335780,0.961082
1558,12.983333,0.359142,0.335790,0.961043
1559,12.991667,0.359149,0.335784,0.961084
1560,13.000000,0.359152,0.335770,0.961197
1561,13.008333,0.359157,0.335742,0.961333
1562,13.016667,0.359147,0.335727,0.961448
1563,13.025000,0.359154,0.335719,0.961510
1564,13.033333,0.359159,0.335721,0.961494
1565,13.041667,0.359155,0.335738,0.961401
1566,13.050000,0.359157,0.335753,0.961291
1567,13.058333,0.359153,0.335771,0.961193
1568,13.066667,0.359150,0.335779,0.961158
1569,13.075000,0.359152,0.335772,0.961205
1570,13.083333,0.359151,0.335756,0.961308
1571,13.091667,0.359152,0.335737,0.961424
1572,13.100000,0.359155,0.335720,0.961520
1573,13.108333,0.359158,0.335721,0.961550
1574,13.116667,0.359153,0.335721,0.961495
1575,13.125000,0.359155,0.335735,0.961403
1576,13.133333,0.359155,0.335755,0.961296
1577,13.141667,0.359152,0.335774,0.961223
1578,13.150000,0.359153,0.335769,0.961211
1579,13.158333,0.359158,0.335756,0.961271
1580,13.166667,0.359157,0.335736,0.961405
1581,13.175000,0.359156,0.335696,0.961599
1582,13.183333,0.359165,0.335653,0.961827
1583,13.191667,0.359169,0.335611,0.962046
1584,13.200000,0.359169,0.335581,0.962199
1585,13.208333,0.359172,0.335579,0.962209
1586,13.216667,0.359176,0.335598,0.962100
1587,13.225000,0.359167,0.335629,0.961927
1588,13.233333,0.359169,0.335657,0.961782
1589,13.241667,0.359171,0.335671,0.961706
1590,13.250000,0.359163,0.335675,0.961713
1591,13.258333,0.359164,0.335667,0.961771
1592,13.266667,0.359162,0.335662,0.961818
1593,13.275000,0.359168,0.335661,0.961838
1594,13.283333,0.359170,0.335668,0.961801
1595,13.291667,0.359166,0.335706,0.961717
